Workbook
Name Absorbed: #REF!
Name Absorbed: #REF!
Name Approx_RI: #REF!
Name Approx_RI: #REF!
Name AR_: #REF!
Name AR_: #REF!
Name AreaF1: #REF!
Name AreaF2: #REF!
Name B: #REF!
Name Bond_R: #REF!
Name c_: #REF!
Name Calculated_thickness_µm: #REF!
Name CB: #REF!
Name Chemicals: [1]!Tabla1[#Data]
Name Chemicals: Tabla1[]
Name Chi: #REF!
Name CK: #REF!
Name CR: #REF!
Name d: #REF!
Name dD: 'HSP 2 Spheres'!$C$3
Name dD: 'HSP Solvent Blends and Chi'!$C$3
Name dD: 'HSP 1 Sphere'!$C$3
Name Deflection: #REF!
Name Density: #REF!
Name dH: 'HSP 2 Spheres'!$E$3
Name dH: 'HSP Solvent Blends and Chi'!$E$3
Name dH: 'HSP 1 Sphere'!$E$3
Name Distance: '[1]HSP Solvent Blends and Chi'!$R$20
Name Distance: 'HSP Solvent Blends and Chi'!$R$20
Name divStep: #REF!
Name DLVODensity: #REF!
Name dMax: #REF!
Name dMin: #REF!
Name dP: 'HSP 2 Spheres'!$D$3
Name dP: 'HSP Solvent Blends and Chi'!$D$3
Name dP: 'HSP 1 Sphere'!$D$3
Name e: #REF!
Name e0: #REF!
Name Ea: #REF!
Name Failure_Value: #REF!
Name FCa: #REF!
Name FDensity: #REF!
Name FGravity: #REF!
Name firstLabel: #REF!
Name firstZ: #REF!
Name FRadius: #REF!
Name FSurften: #REF!
Name fThick: #REF!
Name FudgeFactor: #REF!
Name FVelocity: #REF!
Name FViscosity: #REF!
Name g: #REF!
Name Gravity: #REF!
Name h: #REF!
Name h0: #REF!
Name Hamaker: #REF!
Name Hardness: #REF!
Name HHardness: #REF!
Name Higher_wavelength: #REF!
Name HModulus: #REF!

Sheet HSP Calcs
B2: These two workbooks are provided by www.hansen-solubility.com as a convenient introduction to some of the basic HSP methods
B4: They are Copyright © 2013 Prof Steven Abbott
B6: If you find bugs/issues or would like extra functionality, please email Steven Abbott
B7: steven@stevenabbott.co.uk

Sheet Chemicals
A1: CAS | B1: Chemical | C1: dD | D1: dP | E1: dH | F1: Vmol | G1: Distance | H1: Radius | L1: Solvents | M1: dD | N1: dP | O1: dH | P1: MVol
A2: 630-20-6 | B2: 1,1,1,2-Tetrachloroethane | C2: 18 | D2: 4.4 | E2: 4.2 | F2: =IFERROR(VLOOKUP(B2,Tabla2[],5,FALSE),"") | G2: =SQRT(4*(Tabla1[[#This Row],[dD]]-'Find a similar substance'!$D$5)^2+('Find a similar substance'!$E$5-Tabla1[[#This Row],[dP]])^2+(Tabla1[[#This Row],[dH]]-'Find a similar substance'!$F$5)^2) -> 5.1932649 | L2: Acetone | M2: 15.5 | N2: 10.4 | O2: 7 | P2: 73.8
A3: 71-55-6 | B3: 1,1,1-Trichloroethane | C3: 16.8 | D3: 4.3 | E3: 2 | F3: =IFERROR(VLOOKUP(B3,Tabla2[],5,FALSE),"") | G3: =SQRT(4*(Tabla1[[#This Row],[dD]]-'Find a similar substance'!$D$5)^2+('Find a similar substance'!$E$5-Tabla1[[#This Row],[dP]])^2+(Tabla1[[#This Row],[dH]]-'Find a similar substance'!$F$5)^2) -> 5.340412 | L3: Acetonitrile | M3: 15.3 | N3: 18 | O3: 6.1 | P3: 52.9
A4: 420-46-2 | B4: 1,1,1-Trifluoroethane | C4: 14.6 | D4: 10 | E4: 0 | F4: =IFERROR(VLOOKUP(B4,Tabla2[],5,FALSE),"") | G4: =SQRT(4*(Tabla1[[#This Row],[dD]]-'Find a similar substance'!$D$5)^2+('Find a similar substance'!$E$5-Tabla1[[#This Row],[dP]])^2+(Tabla1[[#This Row],[dH]]-'Find a similar substance'!$F$5)^2) -> 6.5337585 | L4: n-Amyl Acetate | M4: 15.8 | N4: 3.3 | O4: 6.1 | P4: 148
A5: 79-27-6 | B5: 1,1,2,2-Tetrabromoethane | C5: 21 | D5: 7 | E5: 8.2 | F5: =IFERROR(VLOOKUP(B5,Tabla2[],5,FALSE),"") | G5: =SQRT(4*(Tabla1[[#This Row],[dD]]-'Find a similar substance'!$D$5)^2+('Find a similar substance'!$E$5-Tabla1[[#This Row],[dP]])^2+(Tabla1[[#This Row],[dH]]-'Find a similar substance'!$F$5)^2) -> 9.5168272 | L5: n-Amyl Alcohol | M5: 15.9 | N5: 5.9 | O5: 13.9 | P5: 108.6
A6: 79-34-5 | B6: 1,1,2,2-Tetrachloroethane | C6: 18.8 | D6: 5.1 | E6: 5.3 | F6: =IFERROR(VLOOKUP(B6,Tabla2[],5,FALSE),"") | G6: =SQRT(4*(Tabla1[[#This Row],[dD]]-'Find a similar substance'!$D$5)^2+('Find a similar substance'!$E$5-Tabla1[[#This Row],[dP]])^2+(Tabla1[[#This Row],[dH]]-'Find a similar substance'!$F$5)^2) -> 5.6929781 | L6: Benzene | M6: 18.4 | N6: 0 | O6: 2 | P6: 52.9
A7: 13116-60-4 | B7: 1,1,2,2-Tetrachloropropane | C7: 17.9 | D7: 6.7 | E7: 3.3 | F7: =IFERROR(VLOOKUP(B7,Tabla2[],5,FALSE),"") | G7: =SQRT(4*(Tabla1[[#This Row],[dD]]-'Find a similar substance'!$D$5)^2+('Find a similar substance'!$E$5-Tabla1[[#This Row],[dP]])^2+(Tabla1[[#This Row],[dH]]-'Find a similar substance'!$F$5)^2) -> 3.6945906 | L7: Benzyl Alcohol | M7: 18.4 | N7: 6.3 | O7: 13.7 | P7: 103.8
A8: 598-16-3 | B8: 1,1,2-Tribromo Ethylene | C8: 18.3 | D8: 9.4 | E8: 8 | F8: =IFERROR(VLOOKUP(B8,Tabla2[],5,FALSE),"") | G8: =SQRT(4*(Tabla1[[#This Row],[dD]]-'Find a similar substance'!$D$5)^2+('Find a similar substance'!$E$5-Tabla1[[#This Row],[dP]])^2+(Tabla1[[#This Row],[dH]]-'Find a similar substance'!$F$5)^2) -> 4.5880279 | L8: Benzyl Benzoate | M8: 20 | N8: 5.1 | O8: 5.2 | P8: 190.3
A9: 21400-25-9 | B9: 1,1,2-Trichloro Propene | C9: 17.7 | D9: 15.7 | E9: 3.4 | F9: =IFERROR(VLOOKUP(B9,Tabla2[],5,FALSE),"") | G9: =SQRT(4*(Tabla1[[#This Row],[dD]]-'Find a similar substance'!$D$5)^2+('Find a similar substance'!$E$5-Tabla1[[#This Row],[dP]])^2+(Tabla1[[#This Row],[dH]]-'Find a similar substance'!$F$5)^2) -> 7.5099933 | L9: 1-Butanol | M9: 16 | N9: 5.7 | O9: 15.8 | P9: 92
A10: 79-00-5 | B10: 1,1,2-Trichloroethane | C10: 18.2 | D10: 5.3 | E10: 6.8 | F10: =IFERROR(VLOOKUP(B10,Tabla2[],5,FALSE),"") | G10: =SQRT(4*(Tabla1[[#This Row],[dD]]-'Find a similar substance'!$D$5)^2+('Find a similar substance'!$E$5-Tabla1[[#This Row],[dP]])^2+(Tabla1[[#This Row],[dH]]-'Find a similar substance'!$F$5)^2) -> 5.0039984 | L10: 2-Butanol | M10: 15.8 | N10: 5.7 | O10: 14.5 | P10: 92
A11: 76-13-1 | B11: 1,1,2-Trichlorotrifluoroethane (Freon113) | C11: 14.7 | D11: 1.6 | E11: 0 | F11: =IFERROR(VLOOKUP(B11,Tabla2[],5,FALSE),"") | G11: =SQRT(4*(Tabla1[[#This Row],[dD]]-'Find a similar substance'!$D$5)^2+('Find a similar substance'!$E$5-Tabla1[[#This Row],[dP]])^2+(Tabla1[[#This Row],[dH]]-'Find a similar substance'!$F$5)^2) -> 9.478924 | L11: n-Butyl Acetate | M11: 15.8 | N11: 3.7 | O11: 6.3 | P11: 132.6
A12: 102-52-3 | B12: 1,1,3,3-Tetramethoxypropane | C12: 15 | D12: 7.1 | E12: 6.8 | F12: =IFERROR(VLOOKUP(B12,Tabla2[],5,FALSE),"") | G12: =SQRT(4*(Tabla1[[#This Row],[dD]]-'Find a similar substance'!$D$5)^2+('Find a similar substance'!$E$5-Tabla1[[#This Row],[dP]])^2+(Tabla1[[#This Row],[dH]]-'Find a similar substance'!$F$5)^2) -> 4.0049969 | L12: t-Butyl Acetate | M12: 15 | N12: 3.7 | O12: 6 | P12: 134.8
A13: 20682-69-3 | B13: 1,1-Diallyloxyethane | C13: 15.4 | D13: 5.1 | E13: 4.8 | F13: =IFERROR(VLOOKUP(B13,Tabla2[],5,FALSE),"") | G13: =SQRT(4*(Tabla1[[#This Row],[dD]]-'Find a similar substance'!$D$5)^2+('Find a similar substance'!$E$5-Tabla1[[#This Row],[dP]])^2+(Tabla1[[#This Row],[dH]]-'Find a similar substance'!$F$5)^2) -> 4.3312816 | L13: t-Butyl Alcohol | M13: 15.2 | N13: 5.1 | O13: 14.7 | P13: 96
... A36: 590-19-2 | B36: 1,2-Butadiene | C36: 15 | D36: 1.7 | E36: 6.2 | F36: =IFERROR(VLOOKUP(B36,Tabla2[],5,FALSE),"") | G36: =SQRT(4*(Tabla1[[#This Row],[dD]]-'Find a similar substance'!$D$5)^2+('Find a similar substance'!$E$5-Tabla1[[#This Row],[dP]])^2+(Tabla1[[#This Row],[dH]]-'Find a similar substance'!$F$5)^2) -> 7.7897368 | L36: Ethyl Acetate | M36: 15.8 | N36: 5.3 | O36: 7.2 | P36: 98.6
A37: 408590 | B37: 1,2-Chlorobromoethylene | C37: 17.2 | D37: 6.6 | E37: 2.3 | F37: =IFERROR(VLOOKUP(B37,Tabla2[],5,FALSE),"") | G37: =SQRT(4*(Tabla1[[#This Row],[dD]]-'Find a similar substance'!$D$5)^2+('Find a similar substance'!$E$5-Tabla1[[#This Row],[dP]])^2+(Tabla1[[#This Row],[dH]]-'Find a similar substance'!$F$5)^2) -> 3.6249138 | L37: Ethyl Benzene | M37: 17.8 | N37: 0.6 | O37: 1.4 | P37: 122.8
A38: 931-17-9 | B38: 1,2-Cyclohexanediol | C38: 17.4 | D38: 9.8 | E38: 18.3 | F38: =IFERROR(VLOOKUP(B38,Tabla2[],5,FALSE),"") | G38: =SQRT(4*(Tabla1[[#This Row],[dD]]-'Find a similar substance'!$D$5)^2+('Find a similar substance'!$E$5-Tabla1[[#This Row],[dP]])^2+(Tabla1[[#This Row],[dH]]-'Find a similar substance'!$F$5)^2) -> 13.440982 | L38: Ethyl Lactate | M38: 16 | N38: 7.6 | O38: 12.5 | P38: 115
A39: 765-87-7 | B39: 1,2-Cyclohexanedione | C39: 18.6 | D39: 10.3 | E39: 8 | F39: =IFERROR(VLOOKUP(B39,Tabla2[],5,FALSE),"") | G39: =SQRT(4*(Tabla1[[#This Row],[dD]]-'Find a similar substance'!$D$5)^2+('Find a similar substance'!$E$5-Tabla1[[#This Row],[dP]])^2+(Tabla1[[#This Row],[dH]]-'Find a similar substance'!$F$5)^2) -> 5.2497619 | L39: Ethylene Carbonate | M39: 18 | N39: 21.7 | O39: 5.1 | P39: 66
A40: 540-49-8 | B40: 1,2-Dibromoethylene | C40: 17 | D40: 4.9 | E40: 3 | F40: =IFERROR(VLOOKUP(B40,Tabla2[],5,FALSE),"") | G40: =SQRT(4*(Tabla1[[#This Row],[dD]]-'Find a similar substance'!$D$5)^2+('Find a similar substance'!$E$5-Tabla1[[#This Row],[dP]])^2+(Tabla1[[#This Row],[dH]]-'Find a similar substance'!$F$5)^2) -> 4.3680659 | L40: Ethylene Glycol | M40: 17 | N40: 11 | O40: 26 | P40: 55.9
A41: 156-59-2 | B41: 1,2-Dichloroethylene (Cis) | C41: 17 | D41: 8 | E41: 3.2 | F41: =IFERROR(VLOOKUP(B41,Tabla2[],5,FALSE),"") | G41: =SQRT(4*(Tabla1[[#This Row],[dD]]-'Find a similar substance'!$D$5)^2+('Find a similar substance'!$E$5-Tabla1[[#This Row],[dP]])^2+(Tabla1[[#This Row],[dH]]-'Find a similar substance'!$F$5)^2) -> 2.0904545 | L41: Ethylene Glycol Monobutyl Ether | M41: 16 | N41: 5.1 | O41: 12.3 | P41: 132
A42: 78-87-5 | B42: 1,2-Dichloropropane | C42: 17.3 | D42: 7.1 | E42: 2.9 | F42: =IFERROR(VLOOKUP(B42,Tabla2[],5,FALSE),"") | G42: =SQRT(4*(Tabla1[[#This Row],[dD]]-'Find a similar substance'!$D$5)^2+('Find a similar substance'!$E$5-Tabla1[[#This Row],[dP]])^2+(Tabla1[[#This Row],[dH]]-'Find a similar substance'!$F$5)^2) -> 2.9883106 | L42: Ethylene Glycol Monomethyl Ether | M42: 16 | N42: 8.2 | O42: 15 | P42: 79.3
A43: 6923-20-2 | B43: 1,2-Dichloropropene (Cis) | C43: 17 | D43: 8.5 | E43: 2.9 | F43: =IFERROR(VLOOKUP(B43,Tabla2[],5,FALSE),"") | G43: =SQRT(4*(Tabla1[[#This Row],[dD]]-'Find a similar substance'!$D$5)^2+('Find a similar substance'!$E$5-Tabla1[[#This Row],[dP]])^2+(Tabla1[[#This Row],[dH]]-'Find a similar substance'!$F$5)^2) -> 2.2561028 | L43: gamma-Butyrolactone (GBL) | M43: 18 | N43: 16.6 | O43: 7.4 | P43: 76.5
A44: 76-14-2 | B44: 1,2-Dichlorotetrafluoroethane (Freon 114) | C44: 12.6 | D44: 1.8 | E44: 0 | F44: =IFERROR(VLOOKUP(B44,Tabla2[],5,FALSE),"") | G44: =SQRT(4*(Tabla1[[#This Row],[dD]]-'Find a similar substance'!$D$5)^2+('Find a similar substance'!$E$5-Tabla1[[#This Row],[dP]])^2+(Tabla1[[#This Row],[dH]]-'Find a similar substance'!$F$5)^2) -> 11.688028 | L44: Glycerol Carbonate | M44: 17.9 | N44: 25.5 | O44: 17.4 | P44: 83.2
A45: 42345-82-4 | B45: 1,2-Dichlorovinyl Ethyl Ether | C45: 16.9 | D45: 10.5 | E45: 6 | F45: =IFERROR(VLOOKUP(B45,Tabla2[],5,FALSE),"") | G45: =SQRT(4*(Tabla1[[#This Row],[dD]]-'Find a similar substance'!$D$5)^2+('Find a similar substance'!$E$5-Tabla1[[#This Row],[dP]])^2+(Tabla1[[#This Row],[dH]]-'Find a similar substance'!$F$5)^2) -> 2.1447611 | L45: Heptane | M45: 15.3 | N45: 0 | O45: 0 | P45: 147
A46: 135-01-3 | B46: 1,2-Diethyl Benzene | C46: 17.7 | D46: 0.1 | E46: 1 | F46: =IFERROR(VLOOKUP(B46,Tabla2[],5,FALSE),"") | G46: =SQRT(4*(Tabla1[[#This Row],[dD]]-'Find a similar substance'!$D$5)^2+('Find a similar substance'!$E$5-Tabla1[[#This Row],[dP]])^2+(Tabla1[[#This Row],[dH]]-'Find a similar substance'!$F$5)^2) -> 9.7365292 | L46: Hexane | M46: 14.9 | N46: 0 | O46: 0 | P46: 131.4
A47: 120-80-9 | B47: 1,2-Dihydroxybenzene (Catechol) | C47: 20 | D47: 11.3 | E47: 21.8 | F47: =IFERROR(VLOOKUP(B47,Tabla2[],5,FALSE),"") | G47: =SQRT(4*(Tabla1[[#This Row],[dD]]-'Find a similar substance'!$D$5)^2+('Find a similar substance'!$E$5-Tabla1[[#This Row],[dP]])^2+(Tabla1[[#This Row],[dH]]-'Find a similar substance'!$F$5)^2) -> 18.30956 | L47: Iso-Butanol | M47: 15.1 | N47: 5.7 | O47: 15.9 | P47: 92.9
A48: 91-16-7 | B48: 1,2-Dimethoxybenzene | C48: 19.2 | D48: 4.4 | E48: 9.4 | F48: =IFERROR(VLOOKUP(B48,Tabla2[],5,FALSE),"") | G48: =SQRT(4*(Tabla1[[#This Row],[dD]]-'Find a similar substance'!$D$5)^2+('Find a similar substance'!$E$5-Tabla1[[#This Row],[dP]])^2+(Tabla1[[#This Row],[dH]]-'Find a similar substance'!$F$5)^2) -> 8.0554329 | L48: Iso-Butyl Isobutyrate | M48: 15.1 | N48: 2.8 | O48: 5.8 | P48: 169.8
A49: 528-29-0 | B49: 1,2-Dinitrobenzene | C49: 20.6 | D49: 11.6 | E49: 3.9 | F49: =IFERROR(VLOOKUP(B49,Tabla2[],5,FALSE),"") | G49: =SQRT(4*(Tabla1[[#This Row],[dD]]-'Find a similar substance'!$D$5)^2+('Find a similar substance'!$E$5-Tabla1[[#This Row],[dP]])^2+(Tabla1[[#This Row],[dH]]-'Find a similar substance'!$F$5)^2) -> 8.5802098 | L49: Iso-Pentyl Acetate | M49: 15.3 | N49: 3.1 | O49: 7 | P49: 150.2
... A62: 926-57-8 | B62: 1,3-Dichloro-2-Butene | C62: 16.9 | D62: 7.8 | E62: 2.7 | F62: =IFERROR(VLOOKUP(B62,Tabla2[],5,FALSE),"") | G62: =SQRT(4*(Tabla1[[#This Row],[dD]]-'Find a similar substance'!$D$5)^2+('Find a similar substance'!$E$5-Tabla1[[#This Row],[dP]])^2+(Tabla1[[#This Row],[dH]]-'Find a similar substance'!$F$5)^2) -> 2.541653 | L62: Methyl iso-Butyl Carbinol | M62: 15.4 | N62: 3.3 | O62: 12.3 | P62: 127.2
A63: 134536 | B63: 1,3-Dichloro-2-Fluorobenzene | C63: 19.4 | D63: 9.1 | E63: 2.7 | F63: =IFERROR(VLOOKUP(B63,Tabla2[],5,FALSE),"") | G63: =SQRT(4*(Tabla1[[#This Row],[dD]]-'Find a similar substance'!$D$5)^2+('Find a similar substance'!$E$5-Tabla1[[#This Row],[dP]])^2+(Tabla1[[#This Row],[dH]]-'Find a similar substance'!$F$5)^2) -> 6.0671245 | L63: Methyl Iso-Butyl Ketone (MIBK) | M63: 15.3 | N63: 6.1 | O63: 4.1 | P63: 125.8
A64: 96-23-1 | B64: 1,3-Dichloro-2-Propanol | C64: 17.5 | D64: 9.9 | E64: 14.6 | F64: =IFERROR(VLOOKUP(B64,Tabla2[],5,FALSE),"") | G64: =SQRT(4*(Tabla1[[#This Row],[dD]]-'Find a similar substance'!$D$5)^2+('Find a similar substance'!$E$5-Tabla1[[#This Row],[dP]])^2+(Tabla1[[#This Row],[dH]]-'Find a similar substance'!$F$5)^2) -> 9.8407317 | L64: Methyl Oleate | M64: 16.2 | N64: 3.8 | O64: 4.5 | P64: 340.7
A65: 10143-66-5 | B65: 1,3-Dimethoxy Butane | C65: 15.6 | D65: 5.5 | E65: 5.2 | F65: =IFERROR(VLOOKUP(B65,Tabla2[],5,FALSE),"") | G65: =SQRT(4*(Tabla1[[#This Row],[dD]]-'Find a similar substance'!$D$5)^2+('Find a similar substance'!$E$5-Tabla1[[#This Row],[dP]])^2+(Tabla1[[#This Row],[dH]]-'Find a similar substance'!$F$5)^2) -> 3.7788887 | L65: Methyl Propyl Ketone | M65: 16 | N65: 7.6 | O65: 4.7 | P65: 107.3
A66: 646-06-0 | B66: 1,3-Dioxolane | C66: 18.1 | D66: 6.6 | E66: 9.3 | F66: =IFERROR(VLOOKUP(B66,Tabla2[],5,FALSE),"") -> 69.9 | G66: =SQRT(4*(Tabla1[[#This Row],[dD]]-'Find a similar substance'!$D$5)^2+('Find a similar substance'!$E$5-Tabla1[[#This Row],[dP]])^2+(Tabla1[[#This Row],[dH]]-'Find a similar substance'!$F$5)^2) -> 5.6480085 | L66: N-Methyl-2-Pyrrolidone (NMP) | M66: 18 | N66: 12.3 | O66: 7.2 | P66: 96.6
A67: 2004-70-8 | B67: 1,3-Pentadiene (Trans) | C67: 15 | D67: 2.5 | E67: 4 | F67: =IFERROR(VLOOKUP(B67,Tabla2[],5,FALSE),"") | G67: =SQRT(4*(Tabla1[[#This Row],[dD]]-'Find a similar substance'!$D$5)^2+('Find a similar substance'!$E$5-Tabla1[[#This Row],[dP]])^2+(Tabla1[[#This Row],[dH]]-'Find a similar substance'!$F$5)^2) -> 7.0484041 | L67: Methylene Chloride | M67: 17 | N67: 7.3 | O67: 7.1 | P67: 64.4
A68: 1120-71-4 | B68: 1,3-Propane Sultone | C68: 18.4 | D68: 16 | E68: 9 | F68: =IFERROR(VLOOKUP(B68,Tabla2[],5,FALSE),"") | G68: =SQRT(4*(Tabla1[[#This Row],[dD]]-'Find a similar substance'!$D$5)^2+('Find a similar substance'!$E$5-Tabla1[[#This Row],[dP]])^2+(Tabla1[[#This Row],[dH]]-'Find a similar substance'!$F$5)^2) -> 9.0691786 | L68: N,N-Dimethyl Acetamide | M68: 16.8 | N68: 11.5 | O68: 10.2 | P68: 93
A69: 504-63-2 | B69: 1,3-Propanediol (Trimethyleneglycol) | C69: 16.8 | D69: 13.5 | E69: 23.2 | F69: =IFERROR(VLOOKUP(B69,Tabla2[],5,FALSE),"") | G69: =SQRT(4*(Tabla1[[#This Row],[dD]]-'Find a similar substance'!$D$5)^2+('Find a similar substance'!$E$5-Tabla1[[#This Row],[dP]])^2+(Tabla1[[#This Row],[dH]]-'Find a similar substance'!$F$5)^2) -> 18.826577 | L69: N,N-Dimethyl Formamide (DMF) | M69: 17.4 | N69: 13.7 | O69: 11.3 | P69: 77.4
A70: 1070-70-8 | B70: 1,4-Butandiol Diacrylate | C70: 16.8 | D70: 9.1 | E70: 4.2 | F70: =IFERROR(VLOOKUP(B70,Tabla2[],5,FALSE),"") | G70: =SQRT(4*(Tabla1[[#This Row],[dD]]-'Find a similar substance'!$D$5)^2+('Find a similar substance'!$E$5-Tabla1[[#This Row],[dP]])^2+(Tabla1[[#This Row],[dH]]-'Find a similar substance'!$F$5)^2) -> 0.9797959 | L70: 1-Nitropropane | M70: 16.6 | N70: 12.3 | O70: 5.5 | P70: 89.5
A71: 110-63-4 | B71: 1,4-Butanediol | C71: 16.6 | D71: 11 | E71: 20.9 | F71: =IFERROR(VLOOKUP(B71,Tabla2[],5,FALSE),"") | G71: =SQRT(4*(Tabla1[[#This Row],[dD]]-'Find a similar substance'!$D$5)^2+('Find a similar substance'!$E$5-Tabla1[[#This Row],[dP]])^2+(Tabla1[[#This Row],[dH]]-'Find a similar substance'!$F$5)^2) -> 16.065491 | L71: 2-Phenoxy Ethanol | M71: 17.8 | N71: 5.7 | O71: 14.3 | P71: 124.7
A72: 764-41-0 | B72: 1,4-Dichloro-2-Butene | C72: 17.8 | D72: 7.6 | E72: 2 | F72: =IFERROR(VLOOKUP(B72,Tabla2[],5,FALSE),"") | G72: =SQRT(4*(Tabla1[[#This Row],[dD]]-'Find a similar substance'!$D$5)^2+('Find a similar substance'!$E$5-Tabla1[[#This Row],[dP]])^2+(Tabla1[[#This Row],[dH]]-'Find a similar substance'!$F$5)^2) -> 3.9962482 | L72: 2-Propanol | M72: 15.8 | N72: 6.1 | O72: 16.4 | P72: 76.9
A73: 110-56-5 | B73: 1,4-Dichlorobutane | C73: 18.3 | D73: 7.7 | E73: 2.8 | F73: =IFERROR(VLOOKUP(B73,Tabla2[],5,FALSE),"") | G73: =SQRT(4*(Tabla1[[#This Row],[dD]]-'Find a similar substance'!$D$5)^2+('Find a similar substance'!$E$5-Tabla1[[#This Row],[dP]])^2+(Tabla1[[#This Row],[dH]]-'Find a similar substance'!$F$5)^2) -> 4.1713307 | L73: 1-Propanol | M73: 16 | N73: 6.8 | O73: 17.4 | P73: 75.1
A74: 123-31-9 | B74: 1,4-Dihydroxybenzene (1,4-Benzenediol) | C74: 21 | D74: 10.2 | E74: 27.2 | F74: =IFERROR(VLOOKUP(B74,Tabla2[],5,FALSE),"") | G74: =SQRT(4*(Tabla1[[#This Row],[dD]]-'Find a similar substance'!$D$5)^2+('Find a similar substance'!$E$5-Tabla1[[#This Row],[dP]])^2+(Tabla1[[#This Row],[dH]]-'Find a similar substance'!$F$5)^2) -> 23.927599 | L74: n-Propyl Acetate | M74: 15.3 | N74: 4.3 | O74: 7.6 | P74: 115.8
A75: 123-91-1 | B75: 1,4-Dioxane | C75: 17.5 | D75: 1.8 | E75: 9 | F75: =IFERROR(VLOOKUP(B75,Tabla2[],5,FALSE),"") -> 85.7 | G75: =SQRT(4*(Tabla1[[#This Row],[dD]]-'Find a similar substance'!$D$5)^2+('Find a similar substance'!$E$5-Tabla1[[#This Row],[dP]])^2+(Tabla1[[#This Row],[dH]]-'Find a similar substance'!$F$5)^2) -> 8.1761849 | L75: n-Propyl Propanoate | M75: 15.5 | N75: 5.6 | O75: 5.7 | P75: 132.5
... A87: 109-79-5 | B87: 1-Butanethiol | C87: 16.3 | D87: 5.3 | E87: 4.5 | F87: =IFERROR(VLOOKUP(B87,Tabla2[],5,FALSE),"") | G87: =SQRT(4*(Tabla1[[#This Row],[dD]]-'Find a similar substance'!$D$5)^2+('Find a similar substance'!$E$5-Tabla1[[#This Row],[dP]])^2+(Tabla1[[#This Row],[dH]]-'Find a similar substance'!$F$5)^2) -> 3.4885527 | L87: Xylene | M87: 17.6 | N87: 1 | O87: 3.1 | P87: 123.9
A88: 71-36-3 | B88: 1-Butanol | C88: 16 | D88: 5.7 | E88: 15.8 | F88: =IFERROR(VLOOKUP(B88,Tabla2[],5,FALSE),"") -> 92 | G88: =SQRT(4*(Tabla1[[#This Row],[dD]]-'Find a similar substance'!$D$5)^2+('Find a similar substance'!$E$5-Tabla1[[#This Row],[dP]])^2+(Tabla1[[#This Row],[dH]]-'Find a similar substance'!$F$5)^2) -> 11.272977
A89: 106-98-9 | B89: 1-Butene | C89: 13.2 | D89: 1.3 | E89: 3.9 | F89: =IFERROR(VLOOKUP(B89,Tabla2[],5,FALSE),"") | G89: =SQRT(4*(Tabla1[[#This Row],[dD]]-'Find a similar substance'!$D$5)^2+('Find a similar substance'!$E$5-Tabla1[[#This Row],[dP]])^2+(Tabla1[[#This Row],[dH]]-'Find a similar substance'!$F$5)^2) -> 10.109896
A90: 4696-30-4 | B90: 1-Butenyl Methyl Ether | C90: 15.1 | D90: 5.3 | E90: 5.2 | F90: =IFERROR(VLOOKUP(B90,Tabla2[],5,FALSE),"") | G90: =SQRT(4*(Tabla1[[#This Row],[dD]]-'Find a similar substance'!$D$5)^2+('Find a similar substance'!$E$5-Tabla1[[#This Row],[dP]])^2+(Tabla1[[#This Row],[dH]]-'Find a similar substance'!$F$5)^2) -> 4.5387223
A91: 543-59-9 | B91: 1-Chloro Pentane | C91: 16 | D91: 6.9 | E91: 1.9 | F91: =IFERROR(VLOOKUP(B91,Tabla2[],5,FALSE),"") | G91: =SQRT(4*(Tabla1[[#This Row],[dD]]-'Find a similar substance'!$D$5)^2+('Find a similar substance'!$E$5-Tabla1[[#This Row],[dP]])^2+(Tabla1[[#This Row],[dH]]-'Find a similar substance'!$F$5)^2) -> 3.7802116
A92: 54722-81-5 | B92: 1-Chloro Vinyl Ethyl Ether | C92: 16.8 | D92: 6.5 | E92: 5.7 | F92: =IFERROR(VLOOKUP(B92,Tabla2[],5,FALSE),"") | G92: =SQRT(4*(Tabla1[[#This Row],[dD]]-'Find a similar substance'!$D$5)^2+('Find a similar substance'!$E$5-Tabla1[[#This Row],[dP]])^2+(Tabla1[[#This Row],[dH]]-'Find a similar substance'!$F$5)^2) -> 2.3430749
A93: 2317-91-1 | B93: 1-Chloro-1-Fluoro Ethylene | C93: 16 | D93: 6.9 | E93: 4 | F93: =IFERROR(VLOOKUP(B93,Tabla2[],5,FALSE),"") | G93: =SQRT(4*(Tabla1[[#This Row],[dD]]-'Find a similar substance'!$D$5)^2+('Find a similar substance'!$E$5-Tabla1[[#This Row],[dP]])^2+(Tabla1[[#This Row],[dH]]-'Find a similar substance'!$F$5)^2) -> 2.3832751
A94: 598-92-5 | B94: 1-Chloro-1-Nitroethane | C94: 16.8 | D94: 13.5 | E94: 4.7 | F94: =IFERROR(VLOOKUP(B94,Tabla2[],5,FALSE),"") | G94: =SQRT(4*(Tabla1[[#This Row],[dD]]-'Find a similar substance'!$D$5)^2+('Find a similar substance'!$E$5-Tabla1[[#This Row],[dP]])^2+(Tabla1[[#This Row],[dH]]-'Find a similar substance'!$F$5)^2) -> 4.8259714
A95: 600-25-9 | B95: 1-Chloro-1-Nitropropane | C95: 16.8 | D95: 13 | E95: 4.5 | F95: =IFERROR(VLOOKUP(B95,Tabla2[],5,FALSE),"") | G95: =SQRT(4*(Tabla1[[#This Row],[dD]]-'Find a similar substance'!$D$5)^2+('Find a similar substance'!$E$5-Tabla1[[#This Row],[dP]])^2+(Tabla1[[#This Row],[dH]]-'Find a similar substance'!$F$5)^2) -> 4.347413
A96: 591-97-9 | B96: 1-Chloro-2-Butene | C96: 16.2 | D96: 7.7 | E96: 2 | F96: =IFERROR(VLOOKUP(B96,Tabla2[],5,FALSE),"") | G96: =SQRT(4*(Tabla1[[#This Row],[dD]]-'Find a similar substance'!$D$5)^2+('Find a similar substance'!$E$5-Tabla1[[#This Row],[dP]])^2+(Tabla1[[#This Row],[dH]]-'Find a similar substance'!$F$5)^2) -> 3.2619013
A97: 614-72-2 | B97: 1-Chloro-2-Ethoxy Benzene | C97: 19.2 | D97: 8.1 | E97: 4.4 | F97: =IFERROR(VLOOKUP(B97,Tabla2[],5,FALSE),"") | G97: =SQRT(4*(Tabla1[[#This Row],[dD]]-'Find a similar substance'!$D$5)^2+('Find a similar substance'!$E$5-Tabla1[[#This Row],[dP]])^2+(Tabla1[[#This Row],[dH]]-'Find a similar substance'!$F$5)^2) -> 5.2687759
A98: 89-96-3 | B98: 1-Chloro-2-Ethyl Benzene | C98: 18.9 | D98: 4.9 | E98: 2.2 | F98: =IFERROR(VLOOKUP(B98,Tabla2[],5,FALSE),"") | G98: =SQRT(4*(Tabla1[[#This Row],[dD]]-'Find a similar substance'!$D$5)^2+('Find a similar substance'!$E$5-Tabla1[[#This Row],[dP]])^2+(Tabla1[[#This Row],[dH]]-'Find a similar substance'!$F$5)^2) -> 6.5909028
A99: 513-37-1 | B99: 1-Chloro-2-Methyl Propene | C99: 16.1 | D99: 7.1 | E99: 4.2 | F99: =IFERROR(VLOOKUP(B99,Tabla2[],5,FALSE),"") | G99: =SQRT(4*(Tabla1[[#This Row],[dD]]-'Find a similar substance'!$D$5)^2+('Find a similar substance'!$E$5-Tabla1[[#This Row],[dP]])^2+(Tabla1[[#This Row],[dH]]-'Find a similar substance'!$F$5)^2) -> 2.0493902
... A314: 3131-52-0 | B314: 5,6-Dihydroxyindole | C314: 19.5 | D314: 8.8 | E314: 17.9 | F314: =IFERROR(VLOOKUP(B314,Tabla2[],5,FALSE),"") | G314: =SQRT(4*(Tabla1[[#This Row],[dD]]-'Find a similar substance'!$D$5)^2+('Find a similar substance'!$E$5-Tabla1[[#This Row],[dP]])^2+(Tabla1[[#This Row],[dH]]-'Find a similar substance'!$F$5)^2) -> 14.144257
A315: 1055767 | B315: 5,6-Dihydroxyindole-2-Carboxylic Acid | C315: 19.5 | D315: 8.1 | E315: 17.7 | F315: =IFERROR(VLOOKUP(B315,Tabla2[],5,FALSE),"") | G315: =SQRT(4*(Tabla1[[#This Row],[dD]]-'Find a similar substance'!$D$5)^2+('Find a similar substance'!$E$5-Tabla1[[#This Row],[dP]])^2+(Tabla1[[#This Row],[dH]]-'Find a similar substance'!$F$5)^2) -> 13.97462
A316: NA | B316: 5,6-Indolequinone | C316: 19.5 | D316: 9.3 | E316: 7.8 | F316: =IFERROR(VLOOKUP(B316,Tabla2[],5,FALSE),"") | G316: =SQRT(4*(Tabla1[[#This Row],[dD]]-'Find a similar substance'!$D$5)^2+('Find a similar substance'!$E$5-Tabla1[[#This Row],[dP]])^2+(Tabla1[[#This Row],[dH]]-'Find a similar substance'!$F$5)^2) -> 6.4683847
A317: NA | B317: 5,6-Indolequinone-2-Carboxylic Acid | C317: 19.5 | D317: 8.3 | E317: 10.6 | F317: =IFERROR(VLOOKUP(B317,Tabla2[],5,FALSE),"") | G317: =SQRT(4*(Tabla1[[#This Row],[dD]]-'Find a similar substance'!$D$5)^2+('Find a similar substance'!$E$5-Tabla1[[#This Row],[dP]])^2+(Tabla1[[#This Row],[dH]]-'Find a similar substance'!$F$5)^2) -> 8.0721744
A318: 344-38-7 | B318: 5-Bromo-2-Nitrobenzotrifluoride | C318: 20 | D318: 6 | E318: 4.9 | F318: =IFERROR(VLOOKUP(B318,Tabla2[],5,FALSE),"") | G318: =SQRT(4*(Tabla1[[#This Row],[dD]]-'Find a similar substance'!$D$5)^2+('Find a similar substance'!$E$5-Tabla1[[#This Row],[dP]])^2+(Tabla1[[#This Row],[dH]]-'Find a similar substance'!$F$5)^2) -> 7.3171033
A319: 83-42-1 | B319: 6-Chloro-2-Nitrotoluene | C319: 20.3 | D319: 9.6 | E319: 3.8 | F319: =IFERROR(VLOOKUP(B319,Tabla2[],5,FALSE),"") | G319: =SQRT(4*(Tabla1[[#This Row],[dD]]-'Find a similar substance'!$D$5)^2+('Find a similar substance'!$E$5-Tabla1[[#This Row],[dP]])^2+(Tabla1[[#This Row],[dH]]-'Find a similar substance'!$F$5)^2) -> 7.5504967
A320: 84-65-1 | B320: 9,10-Anthraquinone | C320: 20.3 | D320: 7.6 | E320: 4.8 | F320: =IFERROR(VLOOKUP(B320,Tabla2[],5,FALSE),"") | G320: =SQRT(4*(Tabla1[[#This Row],[dD]]-'Find a similar substance'!$D$5)^2+('Find a similar substance'!$E$5-Tabla1[[#This Row],[dP]])^2+(Tabla1[[#This Row],[dH]]-'Find a similar substance'!$F$5)^2) -> 7.4839829
A321: 84-11-7 | B321: 9,10-Phenanthrenequinone | C321: 20.3 | D321: 17.1 | E321: 4.8 | F321: =IFERROR(VLOOKUP(B321,Tabla2[],5,FALSE),"") | G321: =SQRT(4*(Tabla1[[#This Row],[dD]]-'Find a similar substance'!$D$5)^2+('Find a similar substance'!$E$5-Tabla1[[#This Row],[dP]])^2+(Tabla1[[#This Row],[dH]]-'Find a similar substance'!$F$5)^2) -> 11.196428
A322: 98-83-9 | B322: a-Methyl Styrene | C322: 18.5 | D322: 2.4 | E322: 2.4 | F322: =IFERROR(VLOOKUP(B322,Tabla2[],5,FALSE),"") | G322: =SQRT(4*(Tabla1[[#This Row],[dD]]-'Find a similar substance'!$D$5)^2+('Find a similar substance'!$E$5-Tabla1[[#This Row],[dP]])^2+(Tabla1[[#This Row],[dH]]-'Find a similar substance'!$F$5)^2) -> 7.8032045
A323: 75-07-0 | B323: Acetaldehyde | C323: 14.7 | D323: 12.5 | E323: 7.9 | F323: =IFERROR(VLOOKUP(B323,Tabla2[],5,FALSE),"") | G323: =SQRT(4*(Tabla1[[#This Row],[dD]]-'Find a similar substance'!$D$5)^2+('Find a similar substance'!$E$5-Tabla1[[#This Row],[dP]])^2+(Tabla1[[#This Row],[dH]]-'Find a similar substance'!$F$5)^2) -> 6.1065539
A324: 107-29-9 | B324: Acetaldoxime | C324: 16.3 | D324: 4 | E324: 20.2 | F324: =IFERROR(VLOOKUP(B324,Tabla2[],5,FALSE),"") | G324: =SQRT(4*(Tabla1[[#This Row],[dD]]-'Find a similar substance'!$D$5)^2+('Find a similar substance'!$E$5-Tabla1[[#This Row],[dP]])^2+(Tabla1[[#This Row],[dH]]-'Find a similar substance'!$F$5)^2) -> 15.921369
A325: 60-35-5 | B325: Acetamide | C325: 17.3 | D325: 18.7 | E325: 19.3 | F325: =IFERROR(VLOOKUP(B325,Tabla2[],5,FALSE),"") | G325: =SQRT(4*(Tabla1[[#This Row],[dD]]-'Find a similar substance'!$D$5)^2+('Find a similar substance'!$E$5-Tabla1[[#This Row],[dP]])^2+(Tabla1[[#This Row],[dH]]-'Find a similar substance'!$F$5)^2) -> 17.505713
A326: 103-84-4 | B326: Acetanilide | C326: 20.6 | D326: 14.4 | E326: 13.5 | F326: =IFERROR(VLOOKUP(B326,Tabla2[],5,FALSE),"") | G326: =SQRT(4*(Tabla1[[#This Row],[dD]]-'Find a similar substance'!$D$5)^2+('Find a similar substance'!$E$5-Tabla1[[#This Row],[dP]])^2+(Tabla1[[#This Row],[dH]]-'Find a similar substance'!$F$5)^2) -> 12.989996
A327: 64-19-7 | B327: Acetic Acid | C327: 14.5 | D327: 8 | E327: 13.5 | F327: =IFERROR(VLOOKUP(B327,Tabla2[],5,FALSE),"") | G327: =SQRT(4*(Tabla1[[#This Row],[dD]]-'Find a similar substance'!$D$5)^2+('Find a similar substance'!$E$5-Tabla1[[#This Row],[dP]])^2+(Tabla1[[#This Row],[dH]]-'Find a similar substance'!$F$5)^2) -> 9.5068396
... A558: 156-60-5 | B558: Dichloroethylene (Trans) | C558: 16.7 | D558: 7.8 | E558: 3.3 | F558: =IFERROR(VLOOKUP(B558,Tabla2[],5,FALSE),"") | G558: =SQRT(4*(Tabla1[[#This Row],[dD]]-'Find a similar substance'!$D$5)^2+('Find a similar substance'!$E$5-Tabla1[[#This Row],[dP]])^2+(Tabla1[[#This Row],[dH]]-'Find a similar substance'!$F$5)^2) -> 1.933908
A559: 1090285 | B559: Dichloromethyl Methyl Ether | C559: 17.1 | D559: 12.9 | E559: 6.5 | F559: =IFERROR(VLOOKUP(B559,Tabla2[],5,FALSE),"") | G559: =SQRT(4*(Tabla1[[#This Row],[dD]]-'Find a similar substance'!$D$5)^2+('Find a similar substance'!$E$5-Tabla1[[#This Row],[dP]])^2+(Tabla1[[#This Row],[dH]]-'Find a similar substance'!$F$5)^2) -> 4.570558
A560: 75-43-4 | B560: Dichloromonofluoromethane (Freon21) | C560: 15.8 | D560: 3.1 | E560: 5.7 | F560: =IFERROR(VLOOKUP(B560,Tabla2[],5,FALSE),"") | G560: =SQRT(4*(Tabla1[[#This Row],[dD]]-'Find a similar substance'!$D$5)^2+('Find a similar substance'!$E$5-Tabla1[[#This Row],[dP]])^2+(Tabla1[[#This Row],[dH]]-'Find a similar substance'!$F$5)^2) -> 5.8660038
A561: 111-42-2 | B561: Diethanolamine | C561: 17.2 | D561: 7 | E561: 19 | F561: =IFERROR(VLOOKUP(B561,Tabla2[],5,FALSE),"") | G561: =SQRT(4*(Tabla1[[#This Row],[dD]]-'Find a similar substance'!$D$5)^2+('Find a similar substance'!$E$5-Tabla1[[#This Row],[dP]])^2+(Tabla1[[#This Row],[dH]]-'Find a similar substance'!$F$5)^2) -> 14.153798
A562: 141-28-6 | B562: Diethyl Adipate | C562: 16.4 | D562: 6.2 | E562: 7.5 | F562: =IFERROR(VLOOKUP(B562,Tabla2[],5,FALSE),"") | G562: =SQRT(4*(Tabla1[[#This Row],[dD]]-'Find a similar substance'!$D$5)^2+('Find a similar substance'!$E$5-Tabla1[[#This Row],[dP]])^2+(Tabla1[[#This Row],[dH]]-'Find a similar substance'!$F$5)^2) -> 3.5580894
A563: 109-89-7 | B563: Diethyl Amine | C563: 14.9 | D563: 2.3 | E563: 6.1 | F563: =IFERROR(VLOOKUP(B563,Tabla2[],5,FALSE),"") | G563: =SQRT(4*(Tabla1[[#This Row],[dD]]-'Find a similar substance'!$D$5)^2+('Find a similar substance'!$E$5-Tabla1[[#This Row],[dP]])^2+(Tabla1[[#This Row],[dH]]-'Find a similar substance'!$F$5)^2) -> 7.330075
A564: 105-58-8 | B564: Diethyl Carbonate | C564: 15.1 | D564: 6.3 | E564: 3.5 | F564: =IFERROR(VLOOKUP(B564,Tabla2[],5,FALSE),"") | G564: =SQRT(4*(Tabla1[[#This Row],[dD]]-'Find a similar substance'!$D$5)^2+('Find a similar substance'!$E$5-Tabla1[[#This Row],[dP]])^2+(Tabla1[[#This Row],[dH]]-'Find a similar substance'!$F$5)^2) -> 4.1243181
A565: 60-29-7 | B565: Diethyl Ether | C565: 14.5 | D565: 2.9 | E565: 4.6 | F565: =IFERROR(VLOOKUP(B565,Tabla2[],5,FALSE),"") -> 104.7 | G565: =SQRT(4*(Tabla1[[#This Row],[dD]]-'Find a similar substance'!$D$5)^2+('Find a similar substance'!$E$5-Tabla1[[#This Row],[dP]])^2+(Tabla1[[#This Row],[dH]]-'Find a similar substance'!$F$5)^2) -> 7.1721684
A566: 818-38-2 | B566: Diethyl Glutarate | C566: 16.3 | D566: 7 | E566: 7.8 | F566: =IFERROR(VLOOKUP(B566,Tabla2[],5,FALSE),"") | G566: =SQRT(4*(Tabla1[[#This Row],[dD]]-'Find a similar substance'!$D$5)^2+('Find a similar substance'!$E$5-Tabla1[[#This Row],[dP]])^2+(Tabla1[[#This Row],[dH]]-'Find a similar substance'!$F$5)^2) -> 3.3301652
A567: 96-22-0 | B567: Diethyl Ketone | C567: 15.8 | D567: 7.6 | E567: 4.7 | F567: =IFERROR(VLOOKUP(B567,Tabla2[],5,FALSE),"") | G567: =SQRT(4*(Tabla1[[#This Row],[dD]]-'Find a similar substance'!$D$5)^2+('Find a similar substance'!$E$5-Tabla1[[#This Row],[dP]])^2+(Tabla1[[#This Row],[dH]]-'Find a similar substance'!$F$5)^2) -> 1.9646883
A568: 105-53-3 | B568: Diethyl Malonate | C568: 16.1 | D568: 7.7 | E568: 8.3 | F568: =IFERROR(VLOOKUP(B568,Tabla2[],5,FALSE),"") | G568: =SQRT(4*(Tabla1[[#This Row],[dD]]-'Find a similar substance'!$D$5)^2+('Find a similar substance'!$E$5-Tabla1[[#This Row],[dP]])^2+(Tabla1[[#This Row],[dH]]-'Find a similar substance'!$F$5)^2) -> 3.5902646
A569: 95-92-1 | B569: Diethyl Oxalate | C569: 16.2 | D569: 8 | E569: 8.8 | F569: =IFERROR(VLOOKUP(B569,Tabla2[],5,FALSE),"") | G569: =SQRT(4*(Tabla1[[#This Row],[dD]]-'Find a similar substance'!$D$5)^2+('Find a similar substance'!$E$5-Tabla1[[#This Row],[dP]])^2+(Tabla1[[#This Row],[dH]]-'Find a similar substance'!$F$5)^2) -> 3.9458839
A570: 84-66-2 | B570: Diethyl Phthalate | C570: 17.6 | D570: 9.6 | E570: 4.5 | F570: =IFERROR(VLOOKUP(B570,Tabla2[],5,FALSE),"") | G570: =SQRT(4*(Tabla1[[#This Row],[dD]]-'Find a similar substance'!$D$5)^2+('Find a similar substance'!$E$5-Tabla1[[#This Row],[dP]])^2+(Tabla1[[#This Row],[dH]]-'Find a similar substance'!$F$5)^2) -> 2.2494444
A571: 123-25-1 | B571: Diethyl Succinate | C571: 16.2 | D571: 6.8 | E571: 8.7 | F571: =IFERROR(VLOOKUP(B571,Tabla2[],5,FALSE),"") | G571: =SQRT(4*(Tabla1[[#This Row],[dD]]-'Find a similar substance'!$D$5)^2+('Find a similar substance'!$E$5-Tabla1[[#This Row],[dP]])^2+(Tabla1[[#This Row],[dH]]-'Find a similar substance'!$F$5)^2) -> 4.2355637
... A574: 110-81-6 | B574: Diethyldisulfide | C574: 17 | D574: 6.7 | E574: 5.7 | F574: =IFERROR(VLOOKUP(B574,Tabla2[],5,FALSE),"") | G574: =SQRT(4*(Tabla1[[#This Row],[dD]]-'Find a similar substance'!$D$5)^2+('Find a similar substance'!$E$5-Tabla1[[#This Row],[dP]])^2+(Tabla1[[#This Row],[dH]]-'Find a similar substance'!$F$5)^2) -> 2.2649503
A575: 111-46-6 | B575: Diethylene Glycol | C575: 16.6 | D575: 12 | E575: 19 | F575: 94.92 | G575: =SQRT(4*(Tabla1[[#This Row],[dD]]-'Find a similar substance'!$D$5)^2+('Find a similar substance'!$E$5-Tabla1[[#This Row],[dP]])^2+(Tabla1[[#This Row],[dH]]-'Find a similar substance'!$F$5)^2) -> 14.383671
A576: 124-17-4 | B576: Diethylene Glycol Butyl Ether Acetate | C576: 16 | D576: 4.1 | E576: 8.2 | F576: =IFERROR(VLOOKUP(B576,Tabla2[],5,FALSE),"") | G576: =SQRT(4*(Tabla1[[#This Row],[dD]]-'Find a similar substance'!$D$5)^2+('Find a similar substance'!$E$5-Tabla1[[#This Row],[dP]])^2+(Tabla1[[#This Row],[dH]]-'Find a similar substance'!$F$5)^2) -> 5.7306195
A577: 112-73-2 | B577: Diethylene Glycol Dibutyl Ether | C577: 15.8 | D577: 4.7 | E577: 4.4 | F577: =IFERROR(VLOOKUP(B577,Tabla2[],5,FALSE),"") | G577: =SQRT(4*(Tabla1[[#This Row],[dD]]-'Find a similar substance'!$D$5)^2+('Find a similar substance'!$E$5-Tabla1[[#This Row],[dP]])^2+(Tabla1[[#This Row],[dH]]-'Find a similar substance'!$F$5)^2) -> 4.3497126
A578: 112-36-7 | B578: Diethylene Glycol Diethyl Ether | C578: 15.8 | D578: 5.9 | E578: 5.6 | F578: =IFERROR(VLOOKUP(B578,Tabla2[],5,FALSE),"") | G578: =SQRT(4*(Tabla1[[#This Row],[dD]]-'Find a similar substance'!$D$5)^2+('Find a similar substance'!$E$5-Tabla1[[#This Row],[dP]])^2+(Tabla1[[#This Row],[dH]]-'Find a similar substance'!$F$5)^2) -> 3.2802439
A579: 764-99-8 | B579: Diethylene Glycol Divinyl Ether | C579: 16 | D579: 7.3 | E579: 7.9 | F579: =IFERROR(VLOOKUP(B579,Tabla2[],5,FALSE),"") | G579: =SQRT(4*(Tabla1[[#This Row],[dD]]-'Find a similar substance'!$D$5)^2+('Find a similar substance'!$E$5-Tabla1[[#This Row],[dP]])^2+(Tabla1[[#This Row],[dH]]-'Find a similar substance'!$F$5)^2) -> 3.4365681
A580: 112-59-4 | B580: Diethylene Glycol Hexyl Ether | C580: 16 | D580: 6 | E580: 10 | F580: =IFERROR(VLOOKUP(B580,Tabla2[],5,FALSE),"") | G580: =SQRT(4*(Tabla1[[#This Row],[dD]]-'Find a similar substance'!$D$5)^2+('Find a similar substance'!$E$5-Tabla1[[#This Row],[dP]])^2+(Tabla1[[#This Row],[dH]]-'Find a similar substance'!$F$5)^2) -> 5.8077534
A581: 52788-79-1 | B581: Diethylene Glycol Methyl t-Butyl Ether | C581: 16 | D581: 7.2 | E581: 7.2 | F581: =IFERROR(VLOOKUP(B581,Tabla2[],5,FALSE),"") | G581: =SQRT(4*(Tabla1[[#This Row],[dD]]-'Find a similar substance'!$D$5)^2+('Find a similar substance'!$E$5-Tabla1[[#This Row],[dP]])^2+(Tabla1[[#This Row],[dH]]-'Find a similar substance'!$F$5)^2) -> 2.9206164
A582: 112-34-5 | B582: Diethylene Glycol Monobutyl Ether | C582: 16 | D582: 7 | E582: 10.6 | F582: =IFERROR(VLOOKUP(B582,Tabla2[],5,FALSE),"") -> 170.4 | G582: =SQRT(4*(Tabla1[[#This Row],[dD]]-'Find a similar substance'!$D$5)^2+('Find a similar substance'!$E$5-Tabla1[[#This Row],[dP]])^2+(Tabla1[[#This Row],[dH]]-'Find a similar substance'!$F$5)^2) -> 5.9741108
A583: 111-90-0 | B583: Diethylene Glycol Monoethyl Ether | C583: 16.1 | D583: 9.2 | E583: 12.2 | F583: =IFERROR(VLOOKUP(B583,Tabla2[],5,FALSE),"") | G583: =SQRT(4*(Tabla1[[#This Row],[dD]]-'Find a similar substance'!$D$5)^2+('Find a similar substance'!$E$5-Tabla1[[#This Row],[dP]])^2+(Tabla1[[#This Row],[dH]]-'Find a similar substance'!$F$5)^2) -> 7.2862885
A584: 112-15-2 | B584: Diethylene Glycol Monoethyl Ether Acetate | C584: 16.2 | D584: 5.1 | E584: 9.2 | F584: =IFERROR(VLOOKUP(B584,Tabla2[],5,FALSE),"") | G584: =SQRT(4*(Tabla1[[#This Row],[dD]]-'Find a similar substance'!$D$5)^2+('Find a similar substance'!$E$5-Tabla1[[#This Row],[dP]])^2+(Tabla1[[#This Row],[dH]]-'Find a similar substance'!$F$5)^2) -> 5.5892754
A585: 111-77-3 | B585: Diethylene Glycol Monomethyl Ether | C585: 16.2 | D585: 7.8 | E585: 12.6 | F585: =IFERROR(VLOOKUP(B585,Tabla2[],5,FALSE),"") | G585: =SQRT(4*(Tabla1[[#This Row],[dD]]-'Find a similar substance'!$D$5)^2+('Find a similar substance'!$E$5-Tabla1[[#This Row],[dP]])^2+(Tabla1[[#This Row],[dH]]-'Find a similar substance'!$F$5)^2) -> 7.6948034
A586: 6881-94-3 | B586: Diethylene Glycol Monopropyl Ether | C586: 16 | D586: 7.2 | E586: 11.3 | F586: =IFERROR(VLOOKUP(B586,Tabla2[],5,FALSE),"") | G586: =SQRT(4*(Tabla1[[#This Row],[dD]]-'Find a similar substance'!$D$5)^2+('Find a similar substance'!$E$5-Tabla1[[#This Row],[dP]])^2+(Tabla1[[#This Row],[dH]]-'Find a similar substance'!$F$5)^2) -> 6.5863495
A587: 111-40-0 | B587: Diethylenetriamine | C587: 16.7 | D587: 7.1 | E587: 14.3 | F587: =IFERROR(VLOOKUP(B587,Tabla2[],5,FALSE),"") | G587: =SQRT(4*(Tabla1[[#This Row],[dD]]-'Find a similar substance'!$D$5)^2+('Find a similar substance'!$E$5-Tabla1[[#This Row],[dP]])^2+(Tabla1[[#This Row],[dH]]-'Find a similar substance'!$F$5)^2) -> 9.4387499
... A595: 674-82-8 | B595: Diketene | C595: 16.2 | D595: 14.5 | E595: 7.8 | F595: =IFERROR(VLOOKUP(B595,Tabla2[],5,FALSE),"") | G595: =SQRT(4*(Tabla1[[#This Row],[dD]]-'Find a similar substance'!$D$5)^2+('Find a similar substance'!$E$5-Tabla1[[#This Row],[dP]])^2+(Tabla1[[#This Row],[dH]]-'Find a similar substance'!$F$5)^2) -> 6.4899923
G596: =SQRT(4*(Tabla1[[#This Row],[dD]]-'Find a similar substance'!$D$5)^2+('Find a similar substance'!$E$5-Tabla1[[#This Row],[dP]])^2+(Tabla1[[#This Row],[dH]]-'Find a similar substance'!$F$5)^2) -> 34.683281
A597: 5306-85-4 | B597: Dimethyl Isosorbide | C597: 17.6 | D597: 7.1 | E597: 7.5 | F597: =IFERROR(VLOOKUP(B597,Tabla2[],5,FALSE),"") | G597: =SQRT(4*(Tabla1[[#This Row],[dD]]-'Find a similar substance'!$D$5)^2+('Find a similar substance'!$E$5-Tabla1[[#This Row],[dP]])^2+(Tabla1[[#This Row],[dH]]-'Find a similar substance'!$F$5)^2) -> 3.579106
A598: 14035-94-0 | B598: Rhodiasolv IRIS / Dimethyl 2-Methylglutarate | C598: 16.6 | D598: 8.7 | E598: 5 | F598: 165.9 | G598: =SQRT(4*(Tabla1[[#This Row],[dD]]-'Find a similar substance'!$D$5)^2+('Find a similar substance'!$E$5-Tabla1[[#This Row],[dP]])^2+(Tabla1[[#This Row],[dH]]-'Find a similar substance'!$F$5)^2) -> 0
...

Sheet HSP 1 Sphere
D1: HSP Sphere | H1: Solvents tested | K1: Scaling | L1: 1000000 | O1: Good | P1: =COUNTIF(L16:L110,1) -> 11 | BA1: Outliers | BF1: Good Solv | BK1: Bad Solv
C2: dD | D2: dP | E2: dH | F2: R | H2: =COUNT(L16:L101) -> 22 | K2: Fit | L2: =L1*N102 -> 1000000 | O2: Bad | P2: =COUNTIF(L16:L110,0) -> 11 | AT2: Angle º | AU2: Rad | AV2: dD (y) | AW2: dP (x) | AX2: dH (y) | AY2: dD (x) | BB2: dD | BC2: dP | BD2: dH | BG2: dD | BH2: dP | BI2: dH | BL2: dD | BM2: dP | BN2: dH
C3: 17.82654 | D3: 9.7595643 | E3: 8.0681076 | F3: 7.0686209 | K3: Fit % | L3: =L2/L1 -> 1 | O3: Total | P3: =P1+P2 -> 22 | AT3: 0 | AU3: =RADIANS(Tabla9[[#This Row],[Angle º]]) -> 0 | AV3: =$F$3*SIN(AU3)+ dD -> 17.82654 | AW3: =$F$3*COS(AU3)+ dP -> 16.828185 | AX3: =$F$3*SIN(AU3)+ dH -> 8.0681076 | AY3: =$F$3*COS(AU3)+ dD -> 24.895161 | BA3: {=_xlfn._xlws.FILTER(Tabla4[[Solvents]:[dH]],Tabla4[AUX], "NO OUTLIERS")} -> NO OUTLIERS | BF3: {=_xlfn._xlws.FILTER(Tabla4[[Solvents]:[dH]],Tabla4[AUX2]=1)} -> Acetone | BG3: 15.5 | BH3: 10.4 | BI3: 7 | BK3: {=_xlfn._xlws.FILTER(Tabla4[[Solvents]:[dH]],Tabla4[AUX2]=0)} -> Acetonitrile | BL3: 15.3 | BM3: 18 | BN3: 6.1
B4: Test Value | AT4: 5 | AU4: =RADIANS(Tabla9[[#This Row],[Angle º]]) -> 0.087266463 | AV4: =$F$3*SIN(AU4)+ dD -> 18.442611 | AW4: =$F$3*COS(AU4)+ dP -> 16.801287 | AX4: =$F$3*SIN(AU4)+ dH -> 8.6841785 | AY4: =$F$3*COS(AU4)+ dD -> 24.868263 | BF4: Chloroform | BG4: 17.8 | BH4: 3.1 | BI4: 5.7 | BK4: Benzene | BL4: 18.4 | BM4: 0 | BN4: 2
B5: Delta | C5: =dD-C4 -> 17.82654 | D5: =dP-D4 -> 9.7595643 | E5: =dH-E4 -> 8.0681076 | K5: Use Excel Solver to Maximise K6 | O5: Wrong Out | P5: =COUNTIF(Tabla4[WI / WO],"WO") -> 0 | AT5: 10 | AU5: =RADIANS(Tabla9[[#This Row],[Angle º]]) -> 0.17453293 | AV5: =$F$3*SIN(AU5)+ dD -> 19.053993 | AW5: =$F$3*COS(AU5)+ dP -> 16.720797 | AX5: =$F$3*SIN(AU5)+ dH -> 9.2955608 | AY5: =$F$3*COS(AU5)+ dD -> 24.787773 | BF5: m-Cresol | BG5: 18.5 | BH5: 6.5 | BI5: 13.7 | BK5: Cyclohexane | BL5: 16.8 | BM5: 0 | BN5: 0.2
C6: Distance | D6: =SQRT(4*(C4-dD)^2+(D4-dP)^2+(E4-dH)^2) -> 37.834978 | E6: RED | F6: =D6/R_ -> 5.3525262 | K6: Function | L6: =(R_^(-1/$H$2)*$N$102) -> 0.91494266 | O6: Wrong In | P6: =COUNTIF(Tabla4[WI / WO],"WI") -> 0 | AT6: 15 | AU6: =RADIANS(Tabla9[[#This Row],[Angle º]]) -> 0.26179939 | AV6: =$F$3*SIN(AU6)+ dD -> 19.656034 | AW6: =$F$3*COS(AU6)+ dP -> 16.587328 | AX6: =$F$3*SIN(AU6)+ dH -> 9.8976013 | AY6: =$F$3*COS(AU6)+ dD -> 24.654304 | BF6: Dimethyl Sulfoxide (DMSO) | BG6: 18.4 | BH6: 16.4 | BI6: 10.2 | BK6: Diethyl Ether | BL6: 14.5 | BM6: 2.9 | BN6: 4.6
AT7: 20 | AU7: =RADIANS(Tabla9[[#This Row],[Angle º]]) -> 0.34906585 | AV7: =$F$3*SIN(AU7)+ dD -> 20.244151 | AW7: =$F$3*COS(AU7)+ dP -> 16.401895 | AX7: =$F$3*SIN(AU7)+ dH -> 10.485718 | AY7: =$F$3*COS(AU7)+ dD -> 24.468871 | BF7: 1,3-Dioxolane | BG7: 18.1 | BH7: 6.6 | BI7: 9.3 | BK7: 1,4-Dioxane | BL7: 17.5 | BM7: 1.8 | BN7: 9
B8: Solvents | C8: dD | D8: dP | E8: dH | L8: Score | AT8: 25 | AU8: =RADIANS(Tabla9[[#This Row],[Angle º]]) -> 0.43633231 | AV8: =$F$3*SIN(AU8)+ dD -> 20.813868 | AW8: =$F$3*COS(AU8)+ dP -> 16.16591 | AX8: =$F$3*SIN(AU8)+ dH -> 11.055436 | AY8: =$F$3*COS(AU8)+ dD -> 24.232886 | BF8: Ethyl Acetate | BG8: 15.8 | BH8: 5.3 | BI8: 7.2 | BK8: Ethanol | BL8: 15.8 | BM8: 8.8 | BN8: 19.4
L9: 1 | AT9: 30 | AU9: =RADIANS(Tabla9[[#This Row],[Angle º]]) -> 0.52359878 | AV9: =$F$3*SIN(AU9)+ dD -> 21.360851 | AW9: =$F$3*COS(AU9)+ dP -> 15.88117 | AX9: =$F$3*SIN(AU9)+ dH -> 11.602418 | AY9: =$F$3*COS(AU9)+ dD -> 23.948145 | BF9: Methyl Ethyl Ketone (MEK) | BG9: 16 | BH9: 9 | BI9: 5.1 | BK9: Hexane | BL9: 14.9 | BM9: 0 | BN9: 0
B10: Max | C10: =DMAX(A15:L101,"dD",$B$8:$L$9) -> 18.5 | D10: =DMAX(A15:L101,"dP",$B$8:$L$9) -> 16.4 | E10: =DMAX(A15:L101,"dH",$B$8:$L$9) -> 13.7 | AT10: 35 | AU10: =RADIANS(Tabla9[[#This Row],[Angle º]]) -> 0.61086524 | AV10: =$F$3*SIN(AU10)+ dD -> 21.880935 | AW10: =$F$3*COS(AU10)+ dP -> 15.54984 | AX10: =$F$3*SIN(AU10)+ dH -> 12.122502 | AY10: =$F$3*COS(AU10)+ dD -> 23.616815 | BF10: N-Methyl-2-Pyrrolidone (NMP) | BG10: 18 | BH10: 12.3 | BI10: 7.2 | BK10: Isopropyl Ether | BL10: 15.1 | BM10: 3.2 | BN10: 3.2
B11: Min | C11: =DMIN(A15:L101,"dD",$B$8:$L$9) -> 15.5 | D11: =DMIN(A15:L101,"dD",$B$8:$L$9) -> 15.5 | E11: =DMIN(A15:L101,"dD",$B$8:$L$9) -> 15.5 | AT11: 40 | AU11: =RADIANS(Tabla9[[#This Row],[Angle º]]) -> 0.6981317 | AV11: =$F$3*SIN(AU11)+ dD -> 22.370162 | AW11: =$F$3*COS(AU11)+ dP -> 15.174442 | AX11: =$F$3*SIN(AU11)+ dH -> 12.61173 | AY11: =$F$3*COS(AU11)+ dD -> 23.241418 | BF11: Methylene Dichloride (Dichloromethane) | BG11: 17 | BH11: 7.3 | BI11: 7.1 | BK11: Methanol | BL11: 14.7 | BM11: 12.3 | BN11: 22.3
B12: Delta | C12: =C10-C11 -> 3 | D12: =D10-D11 -> 0.9 | E12: =E10-E11 -> -1.8 | AT12: 45 | AU12: =RADIANS(Tabla9[[#This Row],[Angle º]]) -> 0.78539816 | AV12: =$F$3*SIN(AU12)+ dD -> 22.82481 | AW12: =$F$3*COS(AU12)+ dP -> 14.757834 | AX12: =$F$3*SIN(AU12)+ dH -> 13.066377 | AY12: =$F$3*COS(AU12)+ dD -> 22.82481 | BF12: Dimethyl Formamide (DMF) | BG12: 17.4 | BH12: 13.7 | BI12: 11.3 | BK12: Toluene | BL12: 18 | BM12: 1.4 | BN12: 2
B13: Substance Coordinates | C13: =C10-C12/2 -> 17 | D13: =D10-D12/2 -> 15.95 | E13: =E10-E12/2 -> 14.6 | AT13: 50 | AU13: =RADIANS(Tabla9[[#This Row],[Angle º]]) -> 0.87266463 | AV13: =$F$3*SIN(AU13)+ dD -> 23.241418 | AW13: =$F$3*COS(AU13)+ dP -> 14.303186 | AX13: =$F$3*SIN(AU13)+ dH -> 13.482985 | AY13: =$F$3*COS(AU13)+ dD -> 22.370162 | BF13: Tetrahydrofuran (THF) | BG13: 16.8 | BH13: 5.7 | BI13: 8 | BK13: Xylene | BL13: 17.8 | BM13: 1 | BN13: 3.1
AT14: 55 | AU14: =RADIANS(Tabla9[[#This Row],[Angle º]]) -> 0.95993109 | AV14: =$F$3*SIN(AU14)+ dD -> 23.616815 | AW14: =$F$3*COS(AU14)+ dP -> 13.813959 | AX14: =$F$3*SIN(AU14)+ dH -> 13.858383 | AY14: =$F$3*COS(AU14)+ dD -> 21.880935
A15: CAS | B15: Solvents | C15: dD | D15: dP | E15: dH | F15: MVol | G15: WI / WO | H15: AUX | I15: AUX2 | J15: RED | L15: Score | M15: Distance | N15: Error | O15: Ra Good Solv | AT15: 60 | AU15: =RADIANS(Tabla9[[#This Row],[Angle º]]) -> 1.0471976 | AV15: =$F$3*SIN(AU15)+ dD -> 23.948145 | AW15: =$F$3*COS(AU15)+ dP -> 13.293875 | AX15: =$F$3*SIN(AU15)+ dH -> 14.189713 | AY15: =$F$3*COS(AU15)+ dD -> 21.360851
A16: 67-64-1 | B16: =VLOOKUP(Tabla4[[#This Row],[CAS]],Tabla1[],2,FALSE) -> Acetone | C16: =VLOOKUP(Tabla4[[#This Row],[CAS]],Tabla1[],3,FALSE) -> 15.5 | D16: =VLOOKUP(Tabla4[[#This Row],[CAS]],Tabla1[],4,FALSE) -> 10.4 | E16: =VLOOKUP(Tabla4[[#This Row],[CAS]],Tabla1[],5,FALSE) -> 7 | F16: =VLOOKUP(Tabla4[[#This Row],[CAS]],Tabla1[],6,FALSE) -> 73.8 | G16: =IF(L16=1,IF(J16<=1,"","WO"),IF(L16<>"",IF(J16>1,"","WI"),"")) | H16: =ISNUMBER(SEARCH("w",Tabla4[[#This Row],[WI / WO]])) -> FALSE | I16: =L16 -> 1 | J16: =IF(L16<>"",M16/R_,"") -> 0.68144309 | L16: 1 | M16: =IF(L16<>"",SQRT(4*(C16-dD)^2+(D16-dP)^2+(E16-dH)^2),0) -> 4.8168629 | N16: =IF(L16=1,IF(M16<R_,1,EXP(R_-M16)),IF(L16<>"",IF(M16<R_,EXP(M16-R_),1),1)) -> 1 | O16: =IF(L16=1,M16, "") -> 4.8168629 | AT16: 65 | AU16: =RADIANS(Tabla9[[#This Row],[Angle º]]) -> 1.134464 | AV16: =$F$3*SIN(AU16)+ dD -> 24.232886 | AW16: =$F$3*COS(AU16)+ dP -> 12.746893 | AX16: =$F$3*SIN(AU16)+ dH -> 14.474454 | AY16: =$F$3*COS(AU16)+ dD -> 20.813868
A17: 75-05-8 | B17: =VLOOKUP(Tabla4[[#This Row],[CAS]],Tabla1[],2,FALSE) -> Acetonitrile | C17: =VLOOKUP(Tabla4[[#This Row],[CAS]],Tabla1[],3,FALSE) -> 15.3 | D17: =VLOOKUP(Tabla4[[#This Row],[CAS]],Tabla1[],4,FALSE) -> 18 | E17: =VLOOKUP(Tabla4[[#This Row],[CAS]],Tabla1[],5,FALSE) -> 6.1 | F17: =VLOOKUP(Tabla4[[#This Row],[CAS]],Tabla1[],6,FALSE) -> 52.9 | G17: =IF(L17=1,IF(J17<=1,"","WO"),IF(L17<>"",IF(J17>1,"","WI"),"")) | H17: =ISNUMBER(SEARCH("w",Tabla4[[#This Row],[WI / WO]])) -> FALSE | I17: =L17 -> 0 | J17: =IF(L17<>"",M17/R_,"") -> 1.3955589 | L17: 0 | M17: =IF(L17<>"",SQRT(4*(C17-dD)^2+(D17-dP)^2+(E17-dH)^2),0) -> 9.8646768 | N17: =IF(L17=1,IF(M17<R_,1,EXP(R_-M17)),IF(L17<>"",IF(M17<R_,EXP(M17-R_),1),1)) -> 1 | O17: =IF(L17=1,M17, "") | AT17: 70 | AU17: =RADIANS(Tabla9[[#This Row],[Angle º]]) -> 1.2217305 | AV17: =$F$3*SIN(AU17)+ dD -> 24.468871 | AW17: =$F$3*COS(AU17)+ dP -> 12.177175 | AX17: =$F$3*SIN(AU17)+ dH -> 14.710439 | AY17: =$F$3*COS(AU17)+ dD -> 20.244151
A18: 71-43-2 | B18: =VLOOKUP(Tabla4[[#This Row],[CAS]],Tabla1[],2,FALSE) -> Benzene | C18: =VLOOKUP(Tabla4[[#This Row],[CAS]],Tabla1[],3,FALSE) -> 18.4 | D18: =VLOOKUP(Tabla4[[#This Row],[CAS]],Tabla1[],4,FALSE) -> 0 | E18: =VLOOKUP(Tabla4[[#This Row],[CAS]],Tabla1[],5,FALSE) -> 2 | F18: =VLOOKUP(Tabla4[[#This Row],[CAS]],Tabla1[],6,FALSE) -> 52.9 | G18: =IF(L18=1,IF(J18<=1,"","WO"),IF(L18<>"",IF(J18>1,"","WI"),"")) | H18: =ISNUMBER(SEARCH("w",Tabla4[[#This Row],[WI / WO]])) -> FALSE | I18: =L18 -> 0 | J18: =IF(L18<>"",M18/R_,"") -> 1.6338838 | L18: 0 | M18: =IF(L18<>"",SQRT(4*(C18-dD)^2+(D18-dP)^2+(E18-dH)^2),0) -> 11.549305 | N18: =IF(L18=1,IF(M18<R_,1,EXP(R_-M18)),IF(L18<>"",IF(M18<R_,EXP(M18-R_),1),1)) -> 1 | O18: =IF(L18=1,M18, "") | AT18: 75 | AU18: =RADIANS(Tabla9[[#This Row],[Angle º]]) -> 1.3089969 | AV18: =$F$3*SIN(AU18)+ dD -> 24.654304 | AW18: =$F$3*COS(AU18)+ dP -> 11.589058 | AX18: =$F$3*SIN(AU18)+ dH -> 14.895871 | AY18: =$F$3*COS(AU18)+ dD -> 19.656034
A19: 67-66-3 | B19: =VLOOKUP(Tabla4[[#This Row],[CAS]],Tabla1[],2,FALSE) -> Chloroform | C19: =VLOOKUP(Tabla4[[#This Row],[CAS]],Tabla1[],3,FALSE) -> 17.8 | D19: =VLOOKUP(Tabla4[[#This Row],[CAS]],Tabla1[],4,FALSE) -> 3.1 | E19: =VLOOKUP(Tabla4[[#This Row],[CAS]],Tabla1[],5,FALSE) -> 5.7 | F19: =VLOOKUP(Tabla4[[#This Row],[CAS]],Tabla1[],6,FALSE) -> 80.5 | G19: =IF(L19=1,IF(J19<=1,"","WO"),IF(L19<>"",IF(J19>1,"","WI"),"")) | H19: =ISNUMBER(SEARCH("w",Tabla4[[#This Row],[WI / WO]])) -> FALSE | I19: =L19 -> 1 | J19: =IF(L19<>"",M19/R_,"") -> 0.99995143 | L19: 1 | M19: =IF(L19<>"",SQRT(4*(C19-dD)^2+(D19-dP)^2+(E19-dH)^2),0) -> 7.0682776 | N19: =IF(L19=1,IF(M19<R_,1,EXP(R_-M19)),IF(L19<>"",IF(M19<R_,EXP(M19-R_),1),1)) -> 1 | O19: =IF(L19=1,M19, "") -> 7.0682776 | AT19: 80 | AU19: =RADIANS(Tabla9[[#This Row],[Angle º]]) -> 1.3962634 | AV19: =$F$3*SIN(AU19)+ dD -> 24.787773 | AW19: =$F$3*COS(AU19)+ dP -> 10.987017 | AX19: =$F$3*SIN(AU19)+ dH -> 15.02934 | AY19: =$F$3*COS(AU19)+ dD -> 19.053993
A20: 108-39-4 | B20: =VLOOKUP(Tabla4[[#This Row],[CAS]],Tabla1[],2,FALSE) -> m-Cresol | C20: =VLOOKUP(Tabla4[[#This Row],[CAS]],Tabla1[],3,FALSE) -> 18.5 | D20: =VLOOKUP(Tabla4[[#This Row],[CAS]],Tabla1[],4,FALSE) -> 6.5 | E20: =VLOOKUP(Tabla4[[#This Row],[CAS]],Tabla1[],5,FALSE) -> 13.7 | F20: =VLOOKUP(Tabla4[[#This Row],[CAS]],Tabla1[],6,FALSE) -> 105 | G20: =IF(L20=1,IF(J20<=1,"","WO"),IF(L20<>"",IF(J20>1,"","WI"),"")) | H20: =ISNUMBER(SEARCH("w",Tabla4[[#This Row],[WI / WO]])) -> FALSE | I20: =L20 -> 1 | J20: =IF(L20<>"",M20/R_,"") -> 0.94008234 | L20: 1 | M20: =IF(L20<>"",SQRT(4*(C20-dD)^2+(D20-dP)^2+(E20-dH)^2),0) -> 6.6450857 | N20: =IF(L20=1,IF(M20<R_,1,EXP(R_-M20)),IF(L20<>"",IF(M20<R_,EXP(M20-R_),1),1)) -> 1 | O20: =IF(L20=1,M20, "") -> 6.6450857 | AT20: 85 | AU20: =RADIANS(Tabla9[[#This Row],[Angle º]]) -> 1.4835299 | AV20: =$F$3*SIN(AU20)+ dD -> 24.868263 | AW20: =$F$3*COS(AU20)+ dP -> 10.375635 | AX20: =$F$3*SIN(AU20)+ dH -> 15.10983 | AY20: =$F$3*COS(AU20)+ dD -> 18.442611
A21: 110-82-7 | B21: =VLOOKUP(Tabla4[[#This Row],[CAS]],Tabla1[],2,FALSE) -> Cyclohexane | C21: =VLOOKUP(Tabla4[[#This Row],[CAS]],Tabla1[],3,FALSE) -> 16.8 | D21: =VLOOKUP(Tabla4[[#This Row],[CAS]],Tabla1[],4,FALSE) -> 0 | E21: =VLOOKUP(Tabla4[[#This Row],[CAS]],Tabla1[],5,FALSE) -> 0.2 | F21: =VLOOKUP(Tabla4[[#This Row],[CAS]],Tabla1[],6,FALSE) -> 108.9 | G21: =IF(L21=1,IF(J21<=1,"","WO"),IF(L21<>"",IF(J21>1,"","WI"),"")) | H21: =ISNUMBER(SEARCH("w",Tabla4[[#This Row],[WI / WO]])) -> FALSE | I21: =L21 -> 0 | J21: =IF(L21<>"",M21/R_,"") -> 1.797126 | L21: 0 | M21: =IF(L21<>"",SQRT(4*(C21-dD)^2+(D21-dP)^2+(E21-dH)^2),0) -> 12.703202 | N21: =IF(L21=1,IF(M21<R_,1,EXP(R_-M21)),IF(L21<>"",IF(M21<R_,EXP(M21-R_),1),1)) -> 1 | O21: =IF(L21=1,M21, "") | AT21: 90 | AU21: =RADIANS(Tabla9[[#This Row],[Angle º]]) -> 1.5707963 | AV21: =$F$3*SIN(AU21)+ dD -> 24.895161 | AW21: =$F$3*COS(AU21)+ dP -> 9.7595643 | AX21: =$F$3*SIN(AU21)+ dH -> 15.136729 | AY21: =$F$3*COS(AU21)+ dD -> 17.82654
A22: 60-29-7 | B22: =VLOOKUP(Tabla4[[#This Row],[CAS]],Tabla1[],2,FALSE) -> Diethyl Ether | C22: =VLOOKUP(Tabla4[[#This Row],[CAS]],Tabla1[],3,FALSE) -> 14.5 | D22: =VLOOKUP(Tabla4[[#This Row],[CAS]],Tabla1[],4,FALSE) -> 2.9 | E22: =VLOOKUP(Tabla4[[#This Row],[CAS]],Tabla1[],5,FALSE) -> 4.6 | F22: =VLOOKUP(Tabla4[[#This Row],[CAS]],Tabla1[],6,FALSE) -> 104.7 | G22: =IF(L22=1,IF(J22<=1,"","WO"),IF(L22<>"",IF(J22>1,"","WI"),"")) | H22: =ISNUMBER(SEARCH("w",Tabla4[[#This Row],[WI / WO]])) -> FALSE | I22: =L22 -> 0 | J22: =IF(L22<>"",M22/R_,"") -> 1.4381685 | L22: 0 | M22: =IF(L22<>"",SQRT(4*(C22-dD)^2+(D22-dP)^2+(E22-dH)^2),0) -> 10.165868 | N22: =IF(L22=1,IF(M22<R_,1,EXP(R_-M22)),IF(L22<>"",IF(M22<R_,EXP(M22-R_),1),1)) -> 1 | O22: =IF(L22=1,M22, "") | AT22: 95 | AU22: =RADIANS(Tabla9[[#This Row],[Angle º]]) -> 1.6580628 | AV22: =$F$3*SIN(AU22)+ dD -> 24.868263 | AW22: =$F$3*COS(AU22)+ dP -> 9.1434934 | AX22: =$F$3*SIN(AU22)+ dH -> 15.10983 | AY22: =$F$3*COS(AU22)+ dD -> 17.210469
A23: 67-68-5 | B23: =VLOOKUP(Tabla4[[#This Row],[CAS]],Tabla1[],2,FALSE) -> Dimethyl Sulfoxide (DMSO) | C23: =VLOOKUP(Tabla4[[#This Row],[CAS]],Tabla1[],3,FALSE) -> 18.4 | D23: =VLOOKUP(Tabla4[[#This Row],[CAS]],Tabla1[],4,FALSE) -> 16.4 | E23: =VLOOKUP(Tabla4[[#This Row],[CAS]],Tabla1[],5,FALSE) -> 10.2 | F23: =VLOOKUP(Tabla4[[#This Row],[CAS]],Tabla1[],6,FALSE) -> 71.3 | G23: =IF(L23=1,IF(J23<=1,"","WO"),IF(L23<>"",IF(J23>1,"","WI"),"")) | H23: =ISNUMBER(SEARCH("w",Tabla4[[#This Row],[WI / WO]])) -> FALSE | I23: =L23 -> 1 | J23: =IF(L23<>"",M23/R_,"") -> 0.99990368 | L23: 1 | M23: =IF(L23<>"",SQRT(4*(C23-dD)^2+(D23-dP)^2+(E23-dH)^2),0) -> 7.06794 | N23: =IF(L23=1,IF(M23<R_,1,EXP(R_-M23)),IF(L23<>"",IF(M23<R_,EXP(M23-R_),1),1)) -> 1 | O23: =IF(L23=1,M23, "") -> 7.06794 | AT23: 100 | AU23: =RADIANS(Tabla9[[#This Row],[Angle º]]) -> 1.7453293 | AV23: =$F$3*SIN(AU23)+ dD -> 24.787773 | AW23: =$F$3*COS(AU23)+ dP -> 8.5321112 | AX23: =$F$3*SIN(AU23)+ dH -> 15.02934 | AY23: =$F$3*COS(AU23)+ dD -> 16.599087
A24: 123-91-1 | B24: =VLOOKUP(Tabla4[[#This Row],[CAS]],Tabla1[],2,FALSE) -> 1,4-Dioxane | C24: =VLOOKUP(Tabla4[[#This Row],[CAS]],Tabla1[],3,FALSE) -> 17.5 | D24: =VLOOKUP(Tabla4[[#This Row],[CAS]],Tabla1[],4,FALSE) -> 1.8 | E24: =VLOOKUP(Tabla4[[#This Row],[CAS]],Tabla1[],5,FALSE) -> 9 | F24: =VLOOKUP(Tabla4[[#This Row],[CAS]],Tabla1[],6,FALSE) -> 85.7 | G24: =IF(L24=1,IF(J24<=1,"","WO"),IF(L24<>"",IF(J24>1,"","WI"),"")) | H24: =ISNUMBER(SEARCH("w",Tabla4[[#This Row],[WI / WO]])) -> FALSE | I24: =L24 -> 0 | J24: =IF(L24<>"",M24/R_,"") -> 1.1374917 | L24: 0 | M24: =IF(L24<>"",SQRT(4*(C24-dD)^2+(D24-dP)^2+(E24-dH)^2),0) -> 8.0404976 | N24: =IF(L24=1,IF(M24<R_,1,EXP(R_-M24)),IF(L24<>"",IF(M24<R_,EXP(M24-R_),1),1)) -> 1 | O24: =IF(L24=1,M24, "") | AT24: 105 | AU24: =RADIANS(Tabla9[[#This Row],[Angle º]]) -> 1.8325957 | AV24: =$F$3*SIN(AU24)+ dD -> 24.654304 | AW24: =$F$3*COS(AU24)+ dP -> 7.9300706 | AX24: =$F$3*SIN(AU24)+ dH -> 14.895871 | AY24: =$F$3*COS(AU24)+ dD -> 15.997046
A25: 646-06-0 | B25: =VLOOKUP(Tabla4[[#This Row],[CAS]],Tabla1[],2,FALSE) -> 1,3-Dioxolane | C25: =VLOOKUP(Tabla4[[#This Row],[CAS]],Tabla1[],3,FALSE) -> 18.1 | D25: =VLOOKUP(Tabla4[[#This Row],[CAS]],Tabla1[],4,FALSE) -> 6.6 | E25: =VLOOKUP(Tabla4[[#This Row],[CAS]],Tabla1[],5,FALSE) -> 9.3 | F25: =VLOOKUP(Tabla4[[#This Row],[CAS]],Tabla1[],6,FALSE) -> 69.9 | G25: =IF(L25=1,IF(J25<=1,"","WO"),IF(L25<>"",IF(J25>1,"","WI"),"")) | H25: =ISNUMBER(SEARCH("w",Tabla4[[#This Row],[WI / WO]])) -> FALSE | I25: =L25 -> 1 | J25: =IF(L25<>"",M25/R_,"") -> 0.48595673 | L25: 1 | M25: =IF(L25<>"",SQRT(4*(C25-dD)^2+(D25-dP)^2+(E25-dH)^2),0) -> 3.4350439 | N25: =IF(L25=1,IF(M25<R_,1,EXP(R_-M25)),IF(L25<>"",IF(M25<R_,EXP(M25-R_),1),1)) -> 1 | O25: =IF(L25=1,M25, "") -> 3.4350439 | AT25: 110 | AU25: =RADIANS(Tabla9[[#This Row],[Angle º]]) -> 1.9198622 | AV25: =$F$3*SIN(AU25)+ dD -> 24.468871 | AW25: =$F$3*COS(AU25)+ dP -> 7.3419536 | AX25: =$F$3*SIN(AU25)+ dH -> 14.710439 | AY25: =$F$3*COS(AU25)+ dD -> 15.408929
A26: 64-17-5 | B26: =VLOOKUP(Tabla4[[#This Row],[CAS]],Tabla1[],2,FALSE) -> Ethanol | C26: =VLOOKUP(Tabla4[[#This Row],[CAS]],Tabla1[],3,FALSE) -> 15.8 | D26: =VLOOKUP(Tabla4[[#This Row],[CAS]],Tabla1[],4,FALSE) -> 8.8 | E26: =VLOOKUP(Tabla4[[#This Row],[CAS]],Tabla1[],5,FALSE) -> 19.4 | F26: =VLOOKUP(Tabla4[[#This Row],[CAS]],Tabla1[],6,FALSE) -> 58.6 | G26: =IF(L26=1,IF(J26<=1,"","WO"),IF(L26<>"",IF(J26>1,"","WI"),"")) | H26: =ISNUMBER(SEARCH("w",Tabla4[[#This Row],[WI / WO]])) -> FALSE | I26: =L26 -> 0 | J26: =IF(L26<>"",M26/R_,"") -> 1.7079868 | L26: 0 | M26: =IF(L26<>"",SQRT(4*(C26-dD)^2+(D26-dP)^2+(E26-dH)^2),0) -> 12.073111 | N26: =IF(L26=1,IF(M26<R_,1,EXP(R_-M26)),IF(L26<>"",IF(M26<R_,EXP(M26-R_),1),1)) -> 1 | O26: =IF(L26=1,M26, "") | AT26: 115 | AU26: =RADIANS(Tabla9[[#This Row],[Angle º]]) -> 2.0071286 | AV26: =$F$3*SIN(AU26)+ dD -> 24.232886 | AW26: =$F$3*COS(AU26)+ dP -> 6.772236 | AX26: =$F$3*SIN(AU26)+ dH -> 14.474454 | AY26: =$F$3*COS(AU26)+ dD -> 14.839212
A27: 141-78-6 | B27: =VLOOKUP(Tabla4[[#This Row],[CAS]],Tabla1[],2,FALSE) -> Ethyl Acetate | C27: =VLOOKUP(Tabla4[[#This Row],[CAS]],Tabla1[],3,FALSE) -> 15.8 | D27: =VLOOKUP(Tabla4[[#This Row],[CAS]],Tabla1[],4,FALSE) -> 5.3 | E27: =VLOOKUP(Tabla4[[#This Row],[CAS]],Tabla1[],5,FALSE) -> 7.2 | F27: =VLOOKUP(Tabla4[[#This Row],[CAS]],Tabla1[],6,FALSE) -> 98.6 | G27: =IF(L27=1,IF(J27<=1,"","WO"),IF(L27<>"",IF(J27>1,"","WI"),"")) | H27: =ISNUMBER(SEARCH("w",Tabla4[[#This Row],[WI / WO]])) -> FALSE | I27: =L27 -> 1 | J27: =IF(L27<>"",M27/R_,"") -> 0.86132982 | L27: 1 | M27: =IF(L27<>"",SQRT(4*(C27-dD)^2+(D27-dP)^2+(E27-dH)^2),0) -> 6.0884139 | N27: =IF(L27=1,IF(M27<R_,1,EXP(R_-M27)),IF(L27<>"",IF(M27<R_,EXP(M27-R_),1),1)) -> 1 | O27: =IF(L27=1,M27, "") -> 6.0884139 | AT27: 120 | AU27: =RADIANS(Tabla9[[#This Row],[Angle º]]) -> 2.0943951 | AV27: =$F$3*SIN(AU27)+ dD -> 23.948145 | AW27: =$F$3*COS(AU27)+ dP -> 6.2252538 | AX27: =$F$3*SIN(AU27)+ dH -> 14.189713 | AY27: =$F$3*COS(AU27)+ dD -> 14.29223
... A37: 106-42-3 | B37: =VLOOKUP(Tabla4[[#This Row],[CAS]],Tabla1[],2,FALSE) -> Xylene | C37: =VLOOKUP(Tabla4[[#This Row],[CAS]],Tabla1[],3,FALSE) -> 17.8 | D37: =VLOOKUP(Tabla4[[#This Row],[CAS]],Tabla1[],4,FALSE) -> 1 | E37: =VLOOKUP(Tabla4[[#This Row],[CAS]],Tabla1[],5,FALSE) -> 3.1 | F37: =VLOOKUP(Tabla4[[#This Row],[CAS]],Tabla1[],6,FALSE) -> 123.9 | G37: =IF(L37=1,IF(J37<=1,"","WO"),IF(L37<>"",IF(J37>1,"","WI"),"")) | H37: =ISNUMBER(SEARCH("w",Tabla4[[#This Row],[WI / WO]])) -> FALSE | I37: =L37 -> 0 | J37: =IF(L37<>"",M37/R_,"") -> 1.4246761 | L37: 0 | M37: =IF(L37<>"",SQRT(4*(C37-dD)^2+(D37-dP)^2+(E37-dH)^2),0) -> 10.070495 | N37: =IF(L37=1,IF(M37<R_,1,EXP(R_-M37)),IF(L37<>"",IF(M37<R_,EXP(M37-R_),1),1)) -> 1 | O37: =IF(L37=1,M37, "") | AT37: 170 | AU37: =RADIANS(Tabla9[[#This Row],[Angle º]]) -> 2.9670597 | AV37: =$F$3*SIN(AU37)+ dD -> 19.053993 | AW37: =$F$3*COS(AU37)+ dP -> 2.7983316 | AX37: =$F$3*SIN(AU37)+ dH -> 9.2955608 | AY37: =$F$3*COS(AU37)+ dD -> 10.865307
M38: =IF(L38<>"",SQRT(4*(C38-dD)^2+(D38-dP)^2+(E38-dH)^2),0) -> 0 | N38: =IF(L38=1,IF(M38<R_,1,EXP(R_-M38)),IF(L38<>"",IF(M38<R_,EXP(M38-R_),1),1)) -> 1 | O38: =IF(L38=1,M38, "") | AT38: 175 | AU38: =RADIANS(Tabla9[[#This Row],[Angle º]]) -> 3.0543262 | AV38: =$F$3*SIN(AU38)+ dD -> 18.442611 | AW38: =$F$3*COS(AU38)+ dP -> 2.7178416 | AX38: =$F$3*SIN(AU38)+ dH -> 8.6841785 | AY38: =$F$3*COS(AU38)+ dD -> 10.784817
M39: =IF(L39<>"",SQRT(4*(C39-dD)^2+(D39-dP)^2+(E39-dH)^2),0) -> 0 | N39: =IF(L39=1,IF(M39<R_,1,EXP(R_-M39)),IF(L39<>"",IF(M39<R_,EXP(M39-R_),1),1)) -> 1 | O39: =IF(L39=1,M39, "") | AT39: 180 | AU39: =RADIANS(Tabla9[[#This Row],[Angle º]]) -> 3.1415927 | AV39: =$F$3*SIN(AU39)+ dD -> 17.82654 | AW39: =$F$3*COS(AU39)+ dP -> 2.6909434 | AX39: =$F$3*SIN(AU39)+ dH -> 8.0681076 | AY39: =$F$3*COS(AU39)+ dD -> 10.757919
M40: =IF(L40<>"",SQRT(4*(C40-dD)^2+(D40-dP)^2+(E40-dH)^2),0) -> 0 | N40: =IF(L40=1,IF(M40<R_,1,EXP(R_-M40)),IF(L40<>"",IF(M40<R_,EXP(M40-R_),1),1)) -> 1 | O40: =IF(L40=1,M40, "") | AT40: 185 | AU40: =RADIANS(Tabla9[[#This Row],[Angle º]]) -> 3.2288591 | AV40: =$F$3*SIN(AU40)+ dD -> 17.210469 | AW40: =$F$3*COS(AU40)+ dP -> 2.7178416 | AX40: =$F$3*SIN(AU40)+ dH -> 7.4520367 | AY40: =$F$3*COS(AU40)+ dD -> 10.784817
M41: =IF(L41<>"",SQRT(4*(C41-dD)^2+(D41-dP)^2+(E41-dH)^2),0) -> 0 | N41: =IF(L41=1,IF(M41<R_,1,EXP(R_-M41)),IF(L41<>"",IF(M41<R_,EXP(M41-R_),1),1)) -> 1 | O41: =IF(L41=1,M41, "") | AT41: 190 | AU41: =RADIANS(Tabla9[[#This Row],[Angle º]]) -> 3.3161256 | AV41: =$F$3*SIN(AU41)+ dD -> 16.599087 | AW41: =$F$3*COS(AU41)+ dP -> 2.7983316 | AX41: =$F$3*SIN(AU41)+ dH -> 6.8406545 | AY41: =$F$3*COS(AU41)+ dD -> 10.865307
M42: =IF(L42<>"",SQRT(4*(C42-dD)^2+(D42-dP)^2+(E42-dH)^2),0) -> 0 | N42: =IF(L42=1,IF(M42<R_,1,EXP(R_-M42)),IF(L42<>"",IF(M42<R_,EXP(M42-R_),1),1)) -> 1 | O42: =IF(L42=1,M42, "") | AT42: 195 | AU42: =RADIANS(Tabla9[[#This Row],[Angle º]]) -> 3.403392 | AV42: =$F$3*SIN(AU42)+ dD -> 15.997046 | AW42: =$F$3*COS(AU42)+ dP -> 2.9318008 | AX42: =$F$3*SIN(AU42)+ dH -> 6.2386139 | AY42: =$F$3*COS(AU42)+ dD -> 10.998777
M43: =IF(L43<>"",SQRT(4*(C43-dD)^2+(D43-dP)^2+(E43-dH)^2),0) -> 0 | N43: =IF(L43=1,IF(M43<R_,1,EXP(R_-M43)),IF(L43<>"",IF(M43<R_,EXP(M43-R_),1),1)) -> 1 | O43: =IF(L43=1,M43, "") | AT43: 200 | AU43: =RADIANS(Tabla9[[#This Row],[Angle º]]) -> 3.4906585 | AV43: =$F$3*SIN(AU43)+ dD -> 15.408929 | AW43: =$F$3*COS(AU43)+ dP -> 3.1172334 | AX43: =$F$3*SIN(AU43)+ dH -> 5.6504969 | AY43: =$F$3*COS(AU43)+ dD -> 11.184209
M44: =IF(L44<>"",SQRT(4*(C44-dD)^2+(D44-dP)^2+(E44-dH)^2),0) -> 0 | N44: =IF(L44=1,IF(M44<R_,1,EXP(R_-M44)),IF(L44<>"",IF(M44<R_,EXP(M44-R_),1),1)) -> 1 | O44: =IF(L44=1,M44, "") | AT44: 205 | AU44: =RADIANS(Tabla9[[#This Row],[Angle º]]) -> 3.577925 | AV44: =$F$3*SIN(AU44)+ dD -> 14.839212 | AW44: =$F$3*COS(AU44)+ dP -> 3.3532181 | AX44: =$F$3*SIN(AU44)+ dH -> 5.0807793 | AY44: =$F$3*COS(AU44)+ dD -> 11.420194
M45: =IF(L45<>"",SQRT(4*(C45-dD)^2+(D45-dP)^2+(E45-dH)^2),0) -> 0 | N45: =IF(L45=1,IF(M45<R_,1,EXP(R_-M45)),IF(L45<>"",IF(M45<R_,EXP(M45-R_),1),1)) -> 1 | O45: =IF(L45=1,M45, "") | AT45: 210 | AU45: =RADIANS(Tabla9[[#This Row],[Angle º]]) -> 3.6651914 | AV45: =$F$3*SIN(AU45)+ dD -> 14.29223 | AW45: =$F$3*COS(AU45)+ dP -> 3.637959 | AX45: =$F$3*SIN(AU45)+ dH -> 4.5337972 | AY45: =$F$3*COS(AU45)+ dD -> 11.704935
M46: =IF(L46<>"",SQRT(4*(C46-dD)^2+(D46-dP)^2+(E46-dH)^2),0) -> 0 | N46: =IF(L46=1,IF(M46<R_,1,EXP(R_-M46)),IF(L46<>"",IF(M46<R_,EXP(M46-R_),1),1)) -> 1 | O46: =IF(L46=1,M46, "") | AT46: 215 | AU46: =RADIANS(Tabla9[[#This Row],[Angle º]]) -> 3.7524579 | AV46: =$F$3*SIN(AU46)+ dD -> 13.772146 | AW46: =$F$3*COS(AU46)+ dP -> 3.969289 | AX46: =$F$3*SIN(AU46)+ dH -> 4.0137132 | AY46: =$F$3*COS(AU46)+ dD -> 12.036265
M47: =IF(L47<>"",SQRT(4*(C47-dD)^2+(D47-dP)^2+(E47-dH)^2),0) -> 0 | N47: =IF(L47=1,IF(M47<R_,1,EXP(R_-M47)),IF(L47<>"",IF(M47<R_,EXP(M47-R_),1),1)) -> 1 | O47: =IF(L47=1,M47, "") | AT47: 220 | AU47: =RADIANS(Tabla9[[#This Row],[Angle º]]) -> 3.8397244 | AV47: =$F$3*SIN(AU47)+ dD -> 13.282918 | AW47: =$F$3*COS(AU47)+ dP -> 4.3446865 | AX47: =$F$3*SIN(AU47)+ dH -> 3.5244857 | AY47: =$F$3*COS(AU47)+ dD -> 12.411662
M48: =IF(L48<>"",SQRT(4*(C48-dD)^2+(D48-dP)^2+(E48-dH)^2),0) -> 0 | N48: =IF(L48=1,IF(M48<R_,1,EXP(R_-M48)),IF(L48<>"",IF(M48<R_,EXP(M48-R_),1),1)) -> 1 | O48: =IF(L48=1,M48, "") | AT48: 225 | AU48: =RADIANS(Tabla9[[#This Row],[Angle º]]) -> 3.9269908 | AV48: =$F$3*SIN(AU48)+ dD -> 12.82827 | AW48: =$F$3*COS(AU48)+ dP -> 4.7612945 | AX48: =$F$3*SIN(AU48)+ dH -> 3.0698378 | AY48: =$F$3*COS(AU48)+ dD -> 12.82827
M49: =IF(L49<>"",SQRT(4*(C49-dD)^2+(D49-dP)^2+(E49-dH)^2),0) -> 0 | N49: =IF(L49=1,IF(M49<R_,1,EXP(R_-M49)),IF(L49<>"",IF(M49<R_,EXP(M49-R_),1),1)) -> 1 | O49: =IF(L49=1,M49, "") | AT49: 230 | AU49: =RADIANS(Tabla9[[#This Row],[Angle º]]) -> 4.0142573 | AV49: =$F$3*SIN(AU49)+ dD -> 12.411662 | AW49: =$F$3*COS(AU49)+ dP -> 5.2159424 | AX49: =$F$3*SIN(AU49)+ dH -> 2.6532299 | AY49: =$F$3*COS(AU49)+ dD -> 13.282918
... M75: =IF(L75<>"",SQRT(4*(C75-dD)^2+(D75-dP)^2+(E75-dH)^2),0) -> 0 | N75: =IF(L75=1,IF(M75<R_,1,EXP(R_-M75)),IF(L75<>"",IF(M75<R_,EXP(M75-R_),1),1)) -> 1 | O75: =IF(L75=1,M75, "") | AT75: 360 | AU75: =RADIANS(Tabla9[[#This Row],[Angle º]]) -> 6.2831853 | AV75: =$F$3*SIN(AU75)+ dD -> 17.82654 | AW75: =$F$3*COS(AU75)+ dP -> 16.828185 | AX75: =$F$3*SIN(AU75)+ dH -> 8.0681076 | AY75: =$F$3*COS(AU75)+ dD -> 24.895161
M76: =IF(L76<>"",SQRT(4*(C76-dD)^2+(D76-dP)^2+(E76-dH)^2),0) -> 0 | N76: =IF(L76=1,IF(M76<R_,1,EXP(R_-M76)),IF(L76<>"",IF(M76<R_,EXP(M76-R_),1),1)) -> 1 | O76: =IF(L76=1,M76, "")
M77: =IF(L77<>"",SQRT(4*(C77-dD)^2+(D77-dP)^2+(E77-dH)^2),0) -> 0 | N77: =IF(L77=1,IF(M77<R_,1,EXP(R_-M77)),IF(L77<>"",IF(M77<R_,EXP(M77-R_),1),1)) -> 1 | O77: =IF(L77=1,M77, "")
M78: =IF(L78<>"",SQRT(4*(C78-dD)^2+(D78-dP)^2+(E78-dH)^2),0) -> 0 | N78: =IF(L78=1,IF(M78<R_,1,EXP(R_-M78)),IF(L78<>"",IF(M78<R_,EXP(M78-R_),1),1)) -> 1 | O78: =IF(L78=1,M78, "")
M79: =IF(L79<>"",SQRT(4*(C79-dD)^2+(D79-dP)^2+(E79-dH)^2),0) -> 0 | N79: =IF(L79=1,IF(M79<R_,1,EXP(R_-M79)),IF(L79<>"",IF(M79<R_,EXP(M79-R_),1),1)) -> 1 | O79: =IF(L79=1,M79, "")
M80: =IF(L80<>"",SQRT(4*(C80-dD)^2+(D80-dP)^2+(E80-dH)^2),0) -> 0 | N80: =IF(L80=1,IF(M80<R_,1,EXP(R_-M80)),IF(L80<>"",IF(M80<R_,EXP(M80-R_),1),1)) -> 1 | O80: =IF(L80=1,M80, "")
M81: =IF(L81<>"",SQRT(4*(C81-dD)^2+(D81-dP)^2+(E81-dH)^2),0) -> 0 | N81: =IF(L81=1,IF(M81<R_,1,EXP(R_-M81)),IF(L81<>"",IF(M81<R_,EXP(M81-R_),1),1)) -> 1 | O81: =IF(L81=1,M81, "")
M82: =IF(L82<>"",SQRT(4*(C82-dD)^2+(D82-dP)^2+(E82-dH)^2),0) -> 0 | N82: =IF(L82=1,IF(M82<R_,1,EXP(R_-M82)),IF(L82<>"",IF(M82<R_,EXP(M82-R_),1),1)) -> 1 | O82: =IF(L82=1,M82, "")
M83: =IF(L83<>"",SQRT(4*(C83-dD)^2+(D83-dP)^2+(E83-dH)^2),0) -> 0 | N83: =IF(L83=1,IF(M83<R_,1,EXP(R_-M83)),IF(L83<>"",IF(M83<R_,EXP(M83-R_),1),1)) -> 1 | O83: =IF(L83=1,M83, "")
M84: =IF(L84<>"",SQRT(4*(C84-dD)^2+(D84-dP)^2+(E84-dH)^2),0) -> 0 | N84: =IF(L84=1,IF(M84<R_,1,EXP(R_-M84)),IF(L84<>"",IF(M84<R_,EXP(M84-R_),1),1)) -> 1 | O84: =IF(L84=1,M84, "")
M85: =IF(L85<>"",SQRT(4*(C85-dD)^2+(D85-dP)^2+(E85-dH)^2),0) -> 0 | N85: =IF(L85=1,IF(M85<R_,1,EXP(R_-M85)),IF(L85<>"",IF(M85<R_,EXP(M85-R_),1),1)) -> 1 | O85: =IF(L85=1,M85, "")
M86: =IF(L86<>"",SQRT(4*(C86-dD)^2+(D86-dP)^2+(E86-dH)^2),0) -> 0 | N86: =IF(L86=1,IF(M86<R_,1,EXP(R_-M86)),IF(L86<>"",IF(M86<R_,EXP(M86-R_),1),1)) -> 1 | O86: =IF(L86=1,M86, "")
M87: =IF(L87<>"",SQRT(4*(C87-dD)^2+(D87-dP)^2+(E87-dH)^2),0) -> 0 | N87: =IF(L87=1,IF(M87<R_,1,EXP(R_-M87)),IF(L87<>"",IF(M87<R_,EXP(M87-R_),1),1)) -> 1 | O87: =IF(L87=1,M87, "")
... M101: =IF(L101<>"",SQRT(4*(C101-dD)^2+(D101-dP)^2+(E101-dH)^2),0) -> 0 | N101: =IF(L101=1,IF(M101<R_,1,EXP(R_-M101)),IF(L101<>"",IF(M101<R_,EXP(M101-R_),1),1)) -> 1 | O101: =IF(L101=1,M101, "")
N102: =(PRODUCT(N16:N101))^(1/$H$2) -> 1 | O102: =MAX(O16:O101) -> 7.0682776

Sheet HSP 2 Spheres
D1: HSP Sphere | K1: Scaling | L1: 1000000 | O1: Good | P1: =COUNTIF(L19:L113,1) -> 26 | BE1: Outliers | BJ1: Good Solv | BO1: Bad Solv
C2: dD | D2: dP | E2: dH | F2: R | K2: Fit | L2: =R105*L1 -> 898457.22 | O2: Bad | P2: =COUNTIF(L19:L113,0) -> 23 | AT2: Angle º | AU2: Rad | AV2: dD (y) | AW2: dP (x) | AX2: dH (y) | AY2: dD (x) | AZ2: dD (y)2 | BA2: dP (x)3 | BB2: dH (y)4 | BC2: dD (x)5 | BF2: dD | BG2: dP | BH2: dH | BK2: dD | BL2: dP | BM2: dH | BP2: dD | BQ2: dP | BR2: dH
B3: Esfera 1 | C3: 15.153332 | D3: 3.8117289 | E3: 8.7640384 | F3: 5.8241036 | K3: Fit % | L3: =L2/L1 -> 0.89845722 | O3: Total | P3: =P1+P2 -> 49 | AT3: 0 | AU3: =RADIANS(Tabla911[[#This Row],[Angle º]]) -> 0 | AV3: =$F$3*SIN(AU3)+ dD -> 15.153332 | AW3: =$F$3*COS(AU3)+ dP -> 9.6358325 | AX3: =$F$3*SIN(AU3)+ dH -> 8.7640384 | AY3: =$F$3*COS(AU3)+ dD -> 20.977435 | AZ3: =$F$4*SIN(AU3)+ $C$4 -> 17.755701 | BA3: =$F$4*COS(AU3)+ $D$4 -> 16.681514 | BB3: =$F$4*SIN(AU3)+ $E$4 -> 8.1717074 | BC3: =$F$4*COS(AU3)+ $C$4 -> 23.013728 | BE3: {=_xlfn._xlws.FILTER(Tabla48[[Solvents]:[dH]],Tabla48[AUX], "TODOS SON FALSOS")} -> Ethylenediamine | BF3: 16.6 | BG3: 8.8 | BH3: 17 | BJ3: {=_xlfn._xlws.FILTER(Tabla48[[Solvents]:[dH]],Tabla48[AUX2]=1, "TODOS SON FALSOS")} -> Acetic Anhydride | BK3: 16 | BL3: 11.7 | BM3: 10.2 | BO3: {=_xlfn._xlws.FILTER(Tabla48[[Solvents]:[dH]],Tabla48[AUX2]=0, "TODOS SON FALSOS")} -> Aniline | BP3: 20.1 | BQ3: 5.8 | BR3: 11.2
B4: Esfera 2 | C4: 17.755701 | D4: 11.423488 | E4: 8.1717074 | F4: 5.2580269 | AT4: 5 | AU4: =RADIANS(Tabla911[[#This Row],[Angle º]]) -> 0.087266463 | AV4: =$F$3*SIN(AU4)+ dD -> 15.660936 | AW4: =$F$3*COS(AU4)+ dP -> 9.61367 | AX4: =$F$3*SIN(AU4)+ dH -> 9.2716424 | AY4: =$F$3*COS(AU4)+ dD -> 20.955273 | AZ4: =$F$4*SIN(AU4)+ $C$4 -> 18.213969 | BA4: =$F$4*COS(AU4)+ $D$4 -> 16.661506 | BB4: =$F$4*SIN(AU4)+ $E$4 -> 8.6299746 | BC4: =$F$4*COS(AU4)+ $C$4 -> 22.99372 | BE4: Furfural | BF4: 18.6 | BG4: 14.9 | BH4: 5.1 | BJ4: Acetone | BK4: 15.5 | BL4: 10.4 | BM4: 7 | BO4: Benzene | BP4: 18.4 | BQ4: 0 | BR4: 2
K5: Use Excel Solver to Maximise K6 | O5: Wrong Out | P5: =COUNTIF(Tabla48[WI/WO],"WO") -> 1 | AT5: 10 | AU5: =RADIANS(Tabla911[[#This Row],[Angle º]]) -> 0.17453293 | AV5: =$F$3*SIN(AU5)+ dD -> 16.164677 | AW5: =$F$3*COS(AU5)+ dP -> 9.5473513 | AX5: =$F$3*SIN(AU5)+ dH -> 9.7753833 | AY5: =$F$3*COS(AU5)+ dD -> 20.888954 | AZ5: =$F$4*SIN(AU5)+ $C$4 -> 18.668748 | BA5: =$F$4*COS(AU5)+ $D$4 -> 16.601633 | BB5: =$F$4*SIN(AU5)+ $E$4 -> 9.0847542 | BC5: =$F$4*COS(AU5)+ $C$4 -> 22.933847 | BE5: Dimethyl Maleate | BF5: 16.3 | BG5: 8.3 | BH5: 9.8 | BJ5: Acetophenone | BK5: 18.8 | BL5: 9 | BM5: 4 | BO5: Carbon Tetrachloride (0 Dipole Moment) | BP5: 17.8 | BQ5: 0 | BR5: 0.6
C6: Solvents used: | E6: =COUNT(L19:L104) -> 49 | K6: Function | L6: =(R_^(-1/E6))*(F4^(-1/E6))*R105 -> 0.83785683 | O6: Wrong In | P6: =COUNTIF(Tabla48[WI/WO],"WI") -> 2 | AT6: 15 | AU6: =RADIANS(Tabla911[[#This Row],[Angle º]]) -> 0.26179939 | AV6: =$F$3*SIN(AU6)+ dD -> 16.660721 | AW6: =$F$3*COS(AU6)+ dP -> 9.437381 | AX6: =$F$3*SIN(AU6)+ dH -> 10.271427 | AY6: =$F$3*COS(AU6)+ dD -> 20.778984 | AZ6: =$F$4*SIN(AU6)+ $C$4 -> 19.116579 | BA6: =$F$4*COS(AU6)+ $D$4 -> 16.502351 | BB6: =$F$4*SIN(AU6)+ $E$4 -> 9.5325849 | BC6: =$F$4*COS(AU6)+ $C$4 -> 22.834565 | BJ6: Acetylacetone | BK6: 16.1 | BL6: 10 | BM6: 6.2 | BO6: Chloroform | BP6: 17.8 | BQ6: 3.1 | BR6: 5.7
AT7: 20 | AU7: =RADIANS(Tabla911[[#This Row],[Angle º]]) -> 0.34906585 | AV7: =$F$3*SIN(AU7)+ dD -> 17.145292 | AW7: =$F$3*COS(AU7)+ dP -> 9.2845961 | AX7: =$F$3*SIN(AU7)+ dH -> 10.755999 | AY7: =$F$3*COS(AU7)+ dD -> 20.626199 | AZ7: =$F$4*SIN(AU7)+ $C$4 -> 19.554052 | BA7: =$F$4*COS(AU7)+ $D$4 -> 16.364417 | BB7: =$F$4*SIN(AU7)+ $E$4 -> 9.9700585 | BC7: =$F$4*COS(AU7)+ $C$4 -> 22.69663 | BJ7: Acrylonitrile | BK7: 16 | BL7: 12.8 | BM7: 6.8 | BO7: Cyclohexane | BP7: 16.8 | BQ7: 0 | BR7: 0.2
AT8: 25 | AU8: =RADIANS(Tabla911[[#This Row],[Angle º]]) -> 0.43633231 | AV8: =$F$3*SIN(AU8)+ dD -> 17.614704 | AW8: =$F$3*COS(AU8)+ dP -> 9.0901593 | AX8: =$F$3*SIN(AU8)+ dH -> 11.225411 | AY8: =$F$3*COS(AU8)+ dD -> 20.431762 | AZ8: =$F$4*SIN(AU8)+ $C$4 -> 19.97784 | BA8: =$F$4*COS(AU8)+ $D$4 -> 16.188878 | BB8: =$F$4*SIN(AU8)+ $E$4 -> 10.393846 | BC8: =$F$4*COS(AU8)+ $C$4 -> 22.521092 | BJ8: γ-Butyrolactone (GBL) | BK8: 18 | BL8: 16.6 | BM8: 7.4 | BO8: Cyclohexanol | BP8: 17.4 | BQ8: 4.1 | BR8: 13.5
B9: Solvents | C9: dD | D9: dP | E9: dH | L9: Score | AT9: 30 | AU9: =RADIANS(Tabla911[[#This Row],[Angle º]]) -> 0.52359878 | AV9: =$F$3*SIN(AU9)+ dD -> 18.065383 | AW9: =$F$3*COS(AU9)+ dP -> 8.8555505 | AX9: =$F$3*SIN(AU9)+ dH -> 11.67609 | AY9: =$F$3*COS(AU9)+ dD -> 20.197153 | AZ9: =$F$4*SIN(AU9)+ $C$4 -> 20.384715 | BA9: =$F$4*COS(AU9)+ $D$4 -> 15.977072 | BB9: =$F$4*SIN(AU9)+ $E$4 -> 10.800721 | BC9: =$F$4*COS(AU9)+ $C$4 -> 22.309286 | BJ9: Diacetone Alcohol | BK9: 15.8 | BL9: 8.2 | BM9: 10.8 | BO9: Trans-Decahydronaphthalene | BP9: 18 | BQ9: 0 | BR9: 0
L10: 1 | AT10: 35 | AU10: =RADIANS(Tabla911[[#This Row],[Angle º]]) -> 0.61086524 | AV10: =$F$3*SIN(AU10)+ dD -> 18.4939 | AW10: =$F$3*COS(AU10)+ dP -> 8.5825552 | AX10: =$F$3*SIN(AU10)+ dH -> 12.104607 | AY10: =$F$3*COS(AU10)+ dD -> 19.924158 | AZ10: =$F$4*SIN(AU10)+ $C$4 -> 20.771582 | BA10: =$F$4*COS(AU10)+ $D$4 -> 15.730611 | BB10: =$F$4*SIN(AU10)+ $E$4 -> 11.187588 | BC10: =$F$4*COS(AU10)+ $C$4 -> 22.062825 | BJ10: Diethyl Carbonate | BK10: 15.1 | BL10: 6.3 | BM10: 3.5 | BO10: Diethylene Glycol Monomethyl Ether | BP10: 16.2 | BQ10: 7.8 | BR10: 12.6
B11: Max | C11: =DMAX(A18:L104,"dD",$B$9:$L$10) -> 19 | D11: =DMAX(B18:M104,"dP",$B$9:$L$10) -> 16.6 | E11: =DMAX(C18:N104,"dH",$B$9:$L$10) -> 17 | AT11: 40 | AU11: =RADIANS(Tabla911[[#This Row],[Angle º]]) -> 0.6981317 | AV11: =$F$3*SIN(AU11)+ dD -> 18.896993 | AW11: =$F$3*COS(AU11)+ dP -> 8.2732511 | AX11: =$F$3*SIN(AU11)+ dH -> 12.5077 | AY11: =$F$3*COS(AU11)+ dD -> 19.614854 | AZ11: =$F$4*SIN(AU11)+ $C$4 -> 21.135496 | BA11: =$F$4*COS(AU11)+ $D$4 -> 15.45137 | BB11: =$F$4*SIN(AU11)+ $E$4 -> 11.551502 | BC11: =$F$4*COS(AU11)+ $C$4 -> 21.783584 | BJ11: N,N-Dimethyl Acetamide | BK11: 16.8 | BL11: 11.5 | BM11: 9.4 | BO11: Ethanol | BP11: 15.8 | BQ11: 8.8 | BR11: 19.4
B12: Min | C12: =DMIN(A18:L104,"dD",$B$9:$L$10) -> 15.1 | D12: =DMIN(B18:M104,"dP",$B$9:$L$10) -> 1.8 | E12: =DMIN(C18:N104,"dH",$B$9:$L$10) -> 3.5 | AT12: 45 | AU12: =RADIANS(Tabla911[[#This Row],[Angle º]]) -> 0.78539816 | AV12: =$F$3*SIN(AU12)+ dD -> 19.271595 | AW12: =$F$3*COS(AU12)+ dP -> 7.929992 | AX12: =$F$3*SIN(AU12)+ dH -> 12.882302 | AY12: =$F$3*COS(AU12)+ dD -> 19.271595 | AZ12: =$F$4*SIN(AU12)+ $C$4 -> 21.473688 | BA12: =$F$4*COS(AU12)+ $D$4 -> 15.141474 | BB12: =$F$4*SIN(AU12)+ $E$4 -> 11.889694 | BC12: =$F$4*COS(AU12)+ $C$4 -> 21.473688 | BJ12: Dimethyl Formamide (DMF) | BK12: 17.4 | BL12: 13.7 | BM12: 11.3 | BO12: Ethyl Benzene | BP12: 17.8 | BQ12: 0.6 | BR12: 1.4
B13: Delta | C13: =C11-C12 -> 3.9 | D13: =D11-D12 -> 14.8 | E13: =E11-E12 -> 13.5 | AT13: 50 | AU13: =RADIANS(Tabla911[[#This Row],[Angle º]]) -> 0.87266463 | AV13: =$F$3*SIN(AU13)+ dD -> 19.614854 | AW13: =$F$3*COS(AU13)+ dP -> 7.5553905 | AX13: =$F$3*SIN(AU13)+ dH -> 13.225561 | AY13: =$F$3*COS(AU13)+ dD -> 18.896993 | AZ13: =$F$4*SIN(AU13)+ $C$4 -> 21.783584 | BA13: =$F$4*COS(AU13)+ $D$4 -> 14.803282 | BB13: =$F$4*SIN(AU13)+ $E$4 -> 12.19959 | BC13: =$F$4*COS(AU13)+ $C$4 -> 21.135496 | BJ13: 1,4-Dioxane | BK13: 17.5 | BL13: 1.8 | BM13: 9 | BO13: 1,2-Dibromoethylene | BP13: 17 | BQ13: 4.9 | BR13: 3
B14: Substance Coordinates | C14: =C11-C13/2 -> 17.05 | D14: =D11-D13/2 -> 9.2 | E14: =E11-E13/2 -> 10.25 | AT14: 55 | AU14: =RADIANS(Tabla911[[#This Row],[Angle º]]) -> 0.95993109 | AV14: =$F$3*SIN(AU14)+ dD -> 19.924158 | AW14: =$F$3*COS(AU14)+ dP -> 7.1522975 | AX14: =$F$3*SIN(AU14)+ dH -> 13.534865 | AY14: =$F$3*COS(AU14)+ dD -> 18.4939 | AZ14: =$F$4*SIN(AU14)+ $C$4 -> 22.062825 | BA14: =$F$4*COS(AU14)+ $D$4 -> 14.439368 | BB14: =$F$4*SIN(AU14)+ $E$4 -> 12.478831 | BC14: =$F$4*COS(AU14)+ $C$4 -> 20.771582 | BJ14: Ethyl Acetate | BK14: 15.8 | BL14: 5.3 | BM14: 7.2 | BO14: Formaldehyde | BP14: 12.8 | BQ14: 14.4 | BR14: 15.4
AT15: 60 | AU15: =RADIANS(Tabla911[[#This Row],[Angle º]]) -> 1.0471976 | AV15: =$F$3*SIN(AU15)+ dD -> 20.197153 | AW15: =$F$3*COS(AU15)+ dP -> 6.7237807 | AX15: =$F$3*SIN(AU15)+ dH -> 13.80786 | AY15: =$F$3*COS(AU15)+ dD -> 18.065383 | AZ15: =$F$4*SIN(AU15)+ $C$4 -> 22.309286 | BA15: =$F$4*COS(AU15)+ $D$4 -> 14.052501 | BB15: =$F$4*SIN(AU15)+ $E$4 -> 12.725292 | BC15: =$F$4*COS(AU15)+ $C$4 -> 20.384715 | BJ15: Ethylenediamine | BK15: 16.6 | BL15: 8.8 | BM15: 17 | BO15: Formic Acid | BP15: 14.6 | BQ15: 10 | BR15: 14
AT16: 65 | AU16: =RADIANS(Tabla911[[#This Row],[Angle º]]) -> 1.134464 | AV16: =$F$3*SIN(AU16)+ dD -> 20.431762 | AW16: =$F$3*COS(AU16)+ dP -> 6.2731014 | AX16: =$F$3*SIN(AU16)+ dH -> 14.042469 | AY16: =$F$3*COS(AU16)+ dD -> 17.614704 | AZ16: =$F$4*SIN(AU16)+ $C$4 -> 22.521092 | BA16: =$F$4*COS(AU16)+ $D$4 -> 13.645626 | BB16: =$F$4*SIN(AU16)+ $E$4 -> 12.937098 | BC16: =$F$4*COS(AU16)+ $C$4 -> 19.97784 | BJ16: Isoamyl Acetate | BK16: 15.3 | BL16: 3.1 | BM16: 7 | BO16: Furfural | BP16: 18.6 | BQ16: 14.9 | BR16: 5.1
M17: Sphere 1 | O17: Sphere 2 | AT17: 70 | AU17: =RADIANS(Tabla911[[#This Row],[Angle º]]) -> 1.2217305 | AV17: =$F$3*SIN(AU17)+ dD -> 20.626199 | AW17: =$F$3*COS(AU17)+ dP -> 5.8036896 | AX17: =$F$3*SIN(AU17)+ dH -> 14.236906 | AY17: =$F$3*COS(AU17)+ dD -> 17.145292 | AZ17: =$F$4*SIN(AU17)+ $C$4 -> 22.69663 | BA17: =$F$4*COS(AU17)+ $D$4 -> 13.221839 | BB17: =$F$4*SIN(AU17)+ $E$4 -> 13.112636 | BC17: =$F$4*COS(AU17)+ $C$4 -> 19.554052 | BJ17: Isophorone | BK17: 17 | BL17: 8 | BM17: 5 | BO17: Hexane | BP17: 14.9 | BQ17: 0 | BR17: 0
A18: CAS | B18: Solvents | C18: dD | D18: dP | E18: dH | F18: MVol | G18: WI/WO | H18: AUX | I18: AUX2 | J18: RED | K18: RED 2 | L18: Score | M18: Distance | N18: Error | O18: Distance | P18: Error | R18: Error Total | AT18: 75 | AU18: =RADIANS(Tabla911[[#This Row],[Angle º]]) -> 1.3089969 | AV18: =$F$3*SIN(AU18)+ dD -> 20.778984 | AW18: =$F$3*COS(AU18)+ dP -> 5.3191178 | AX18: =$F$3*SIN(AU18)+ dH -> 14.38969 | AY18: =$F$3*COS(AU18)+ dD -> 16.660721 | AZ18: =$F$4*SIN(AU18)+ $C$4 -> 22.834565 | BA18: =$F$4*COS(AU18)+ $D$4 -> 12.784365 | BB18: =$F$4*SIN(AU18)+ $E$4 -> 13.250571 | BC18: =$F$4*COS(AU18)+ $C$4 -> 19.116579 | BJ18: Methyl Acetate | BK18: 15.5 | BL18: 7.2 | BM18: 7.6 | BO18: Methanol | BP18: 14.7 | BQ18: 12.3 | BR18: 22.3
A19: 108-24-7 | B19: =VLOOKUP(Tabla48[[#This Row],[CAS]],Tabla1[],2,FALSE) -> Acetic Anhydride | C19: =VLOOKUP(Tabla48[[#This Row],[CAS]],Tabla1[],3,FALSE) -> 16 | D19: =VLOOKUP(Tabla48[[#This Row],[CAS]],Tabla1[],4,FALSE) -> 11.7 | E19: =VLOOKUP(Tabla48[[#This Row],[CAS]],Tabla1[],5,FALSE) -> 10.2 | F19: =VLOOKUP(Tabla48[[#This Row],[CAS]],Tabla1[],6,FALSE) | G19: =IF(L19=1,IF(OR(J19<=1,K19<=1),"","WO"),IF(L19=0,IF(OR(J19<1,K19<1),"WI",""),"")) | H19: =ISNUMBER(SEARCH("w",Tabla48[[#This Row],[WI/WO]])) -> FALSE | I19: =L19 -> 1 | J19: =IF(L19<>"",M19/R_,"") -> 1.4070434 | K19: =IF(L19<>"",O19/$F$4,"") -> 0.77301371 | L19: 1 | M19: =IF(L19<>"",SQRT(4*(C19-dD)^2+(D19-dP)^2+(E19-dH)^2),0) -> 8.1947664 | N19: =IF(L19=1,IF(M19<R_,1,EXP(R_-M19)),IF(L19<>"",IF(M19<R_,EXP(M19-R_),1),1)) -> 0.093418785 | O19: =IF(L19<>"",SQRT(4*(C19-$C$4)^2+(D19-$D$4)^2+(E19-$E$4)^2),0) -> 4.0645269 | P19: =IF(L19=1,IF(O19<$F$4,1,EXP($F$4-O19)),IF(L19<>"",IF(O19<$F$4,EXP(O19-$F$4),1),1)) -> 1 | R19: =IF(L19="",1,IF(AND(L19=1,OR(N19=1,P19=1)),1,MIN((N19), (P19)))) -> 1 | AT19: 80 | AU19: =RADIANS(Tabla911[[#This Row],[Angle º]]) -> 1.3962634 | AV19: =$F$3*SIN(AU19)+ dD -> 20.888954 | AW19: =$F$3*COS(AU19)+ dP -> 4.8230739 | AX19: =$F$3*SIN(AU19)+ dH -> 14.499661 | AY19: =$F$3*COS(AU19)+ dD -> 16.164677 | AZ19: =$F$4*SIN(AU19)+ $C$4 -> 22.933847 | BA19: =$F$4*COS(AU19)+ $D$4 -> 12.336534 | BB19: =$F$4*SIN(AU19)+ $E$4 -> 13.349853 | BC19: =$F$4*COS(AU19)+ $C$4 -> 18.668748 | BJ19: Methyl Acrylate | BK19: 15.3 | BL19: 6.7 | BM19: 9.4 | BO19: Nitrobenzene | BP19: 20 | BQ19: 10.6 | BR19: 3.1
A20: 67-64-1 | B20: =VLOOKUP(Tabla48[[#This Row],[CAS]],Tabla1[],2,FALSE) -> Acetone | C20: =VLOOKUP(Tabla48[[#This Row],[CAS]],Tabla1[],3,FALSE) -> 15.5 | D20: =VLOOKUP(Tabla48[[#This Row],[CAS]],Tabla1[],4,FALSE) -> 10.4 | E20: =VLOOKUP(Tabla48[[#This Row],[CAS]],Tabla1[],5,FALSE) -> 7 | F20: =VLOOKUP(Tabla48[[#This Row],[CAS]],Tabla1[],6,FALSE) -> 73.8 | G20: =IF(L20=1,IF(OR(J20<=1,K20<=1),"","WO"),IF(L20=0,IF(OR(J20<1,K20<1),"WI",""),"")) | H20: =ISNUMBER(SEARCH("w",Tabla48[[#This Row],[WI/WO]])) -> FALSE | I20: =L20 -> 1 | J20: =IF(L20<>"",M20/R_,"") -> 1.1770908 | K20: =IF(L20<>"",O20/$F$4,"") -> 0.90758859 | L20: 1 | M20: =IF(L20<>"",SQRT(4*(C20-dD)^2+(D20-dP)^2+(E20-dH)^2),0) -> 6.8554988 | N20: =IF(L20=1,IF(M20<R_,1,EXP(R_-M20)),IF(L20<>"",IF(M20<R_,EXP(M20-R_),1),1)) -> 0.35650921 | O20: =IF(L20<>"",SQRT(4*(C20-$C$4)^2+(D20-$D$4)^2+(E20-$E$4)^2),0) -> 4.7721252 | P20: =IF(L20=1,IF(O20<$F$4,1,EXP($F$4-O20)),IF(L20<>"",IF(O20<$F$4,EXP(O20-$F$4),1),1)) -> 1 | R20: =IF(L20="",1,IF(AND(L20=1,OR(N20=1,P20=1)),1,MIN((N20), (P20)))) -> 1 | AT20: 85 | AU20: =RADIANS(Tabla911[[#This Row],[Angle º]]) -> 1.4835299 | AV20: =$F$3*SIN(AU20)+ dD -> 20.955273 | AW20: =$F$3*COS(AU20)+ dP -> 4.319333 | AX20: =$F$3*SIN(AU20)+ dH -> 14.565979 | AY20: =$F$3*COS(AU20)+ dD -> 15.660936 | AZ20: =$F$4*SIN(AU20)+ $C$4 -> 22.99372 | BA20: =$F$4*COS(AU20)+ $D$4 -> 11.881755 | BB20: =$F$4*SIN(AU20)+ $E$4 -> 13.409726 | BC20: =$F$4*COS(AU20)+ $C$4 -> 18.213969 | BJ20: Methyl Ethyl Ketone (MEK) | BK20: 16 | BL20: 9 | BM20: 5.1 | BO20: Toluene | BP20: 18 | BQ20: 1.4 | BR20: 2
A21: 98-86-2 | B21: =VLOOKUP(Tabla48[[#This Row],[CAS]],Tabla1[],2,FALSE) -> Acetophenone | C21: =VLOOKUP(Tabla48[[#This Row],[CAS]],Tabla1[],3,FALSE) -> 18.8 | D21: =VLOOKUP(Tabla48[[#This Row],[CAS]],Tabla1[],4,FALSE) -> 9 | E21: =VLOOKUP(Tabla48[[#This Row],[CAS]],Tabla1[],5,FALSE) -> 4 | F21: =VLOOKUP(Tabla48[[#This Row],[CAS]],Tabla1[],6,FALSE) | G21: =IF(L21=1,IF(OR(J21<=1,K21<=1),"","WO"),IF(L21=0,IF(OR(J21<1,K21<1),"WI",""),"")) | H21: =ISNUMBER(SEARCH("w",Tabla48[[#This Row],[WI/WO]])) -> FALSE | I21: =L21 -> 1 | J21: =IF(L21<>"",M21/R_,"") -> 1.7409336 | K21: =IF(L21<>"",O21/$F$4,"") -> 0.99985217 | L21: 1 | M21: =IF(L21<>"",SQRT(4*(C21-dD)^2+(D21-dP)^2+(E21-dH)^2),0) -> 10.139378 | N21: =IF(L21=1,IF(M21<R_,1,EXP(R_-M21)),IF(L21<>"",IF(M21<R_,EXP(M21-R_),1),1)) -> 0.013362885 | O21: =IF(L21<>"",SQRT(4*(C21-$C$4)^2+(D21-$D$4)^2+(E21-$E$4)^2),0) -> 5.2572496 | P21: =IF(L21=1,IF(O21<$F$4,1,EXP($F$4-O21)),IF(L21<>"",IF(O21<$F$4,EXP(O21-$F$4),1),1)) -> 1 | R21: =IF(L21="",1,IF(AND(L21=1,OR(N21=1,P21=1)),1,MIN((N21), (P21)))) -> 1 | AT21: 90 | AU21: =RADIANS(Tabla911[[#This Row],[Angle º]]) -> 1.5707963 | AV21: =$F$3*SIN(AU21)+ dD -> 20.977435 | AW21: =$F$3*COS(AU21)+ dP -> 3.8117289 | AX21: =$F$3*SIN(AU21)+ dH -> 14.588142 | AY21: =$F$3*COS(AU21)+ dD -> 15.153332 | AZ21: =$F$4*SIN(AU21)+ $C$4 -> 23.013728 | BA21: =$F$4*COS(AU21)+ $D$4 -> 11.423488 | BB21: =$F$4*SIN(AU21)+ $E$4 -> 13.429734 | BC21: =$F$4*COS(AU21)+ $C$4 -> 17.755701 | BJ21: Methyl Isobutyl Ketone (MIBK) | BK21: 15.3 | BL21: 6.1 | BM21: 4.1 | BO21: Trichloroethylene | BP21: 18 | BQ21: 3.1 | BR21: 5.3
A22: 123-54-6 | B22: =VLOOKUP(Tabla48[[#This Row],[CAS]],Tabla1[],2,FALSE) -> Acetylacetone | C22: =VLOOKUP(Tabla48[[#This Row],[CAS]],Tabla1[],3,FALSE) -> 16.1 | D22: =VLOOKUP(Tabla48[[#This Row],[CAS]],Tabla1[],4,FALSE) -> 10 | E22: =VLOOKUP(Tabla48[[#This Row],[CAS]],Tabla1[],5,FALSE) -> 6.2 | F22: =VLOOKUP(Tabla48[[#This Row],[CAS]],Tabla1[],6,FALSE) | G22: =IF(L22=1,IF(OR(J22<=1,K22<=1),"","WO"),IF(L22=0,IF(OR(J22<1,K22<1),"WI",""),"")) | H22: =ISNUMBER(SEARCH("w",Tabla48[[#This Row],[WI/WO]])) -> FALSE | I22: =L22 -> 1 | J22: =IF(L22<>"",M22/R_,"") -> 1.1951831 | K22: =IF(L22<>"",O22/$F$4,"") -> 0.78136662 | L22: 1 | M22: =IF(L22<>"",SQRT(4*(C22-dD)^2+(D22-dP)^2+(E22-dH)^2),0) -> 6.9608704 | N22: =IF(L22=1,IF(M22<R_,1,EXP(R_-M22)),IF(L22<>"",IF(M22<R_,EXP(M22-R_),1),1)) -> 0.32085473 | O22: =IF(L22<>"",SQRT(4*(C22-$C$4)^2+(D22-$D$4)^2+(E22-$E$4)^2),0) -> 4.1084467 | P22: =IF(L22=1,IF(O22<$F$4,1,EXP($F$4-O22)),IF(L22<>"",IF(O22<$F$4,EXP(O22-$F$4),1),1)) -> 1 | R22: =IF(L22="",1,IF(AND(L22=1,OR(N22=1,P22=1)),1,MIN((N22), (P22)))) -> 1 | AT22: 95 | AU22: =RADIANS(Tabla911[[#This Row],[Angle º]]) -> 1.6580628 | AV22: =$F$3*SIN(AU22)+ dD -> 20.955273 | AW22: =$F$3*COS(AU22)+ dP -> 3.3041248 | AX22: =$F$3*SIN(AU22)+ dH -> 14.565979 | AY22: =$F$3*COS(AU22)+ dD -> 14.645728 | AZ22: =$F$4*SIN(AU22)+ $C$4 -> 22.99372 | BA22: =$F$4*COS(AU22)+ $D$4 -> 10.96522 | BB22: =$F$4*SIN(AU22)+ $E$4 -> 13.409726 | BC22: =$F$4*COS(AU22)+ $C$4 -> 17.297434 | BJ22: Pyridine | BK22: 19 | BL22: 8.8 | BM22: 5.9 | BO22: 2,2,4-Trimethylpentane | BP22: 14.1 | BQ22: 0 | BR22: 0
A23: 107-13-1 | B23: =VLOOKUP(Tabla48[[#This Row],[CAS]],Tabla1[],2,FALSE) -> Acrylonitrile | C23: =VLOOKUP(Tabla48[[#This Row],[CAS]],Tabla1[],3,FALSE) -> 16 | D23: =VLOOKUP(Tabla48[[#This Row],[CAS]],Tabla1[],4,FALSE) -> 12.8 | E23: =VLOOKUP(Tabla48[[#This Row],[CAS]],Tabla1[],5,FALSE) -> 6.8 | F23: =VLOOKUP(Tabla48[[#This Row],[CAS]],Tabla1[],6,FALSE) | G23: =IF(L23=1,IF(OR(J23<=1,K23<=1),"","WO"),IF(L23=0,IF(OR(J23<1,K23<1),"WI",""),"")) | H23: =ISNUMBER(SEARCH("w",Tabla48[[#This Row],[WI/WO]])) -> FALSE | I23: =L23 -> 1 | J23: =IF(L23<>"",M23/R_,"") -> 1.6062358 | K23: =IF(L23<>"",O23/$F$4,"") -> 0.76326494 | L23: 1 | M23: =IF(L23<>"",SQRT(4*(C23-dD)^2+(D23-dP)^2+(E23-dH)^2),0) -> 9.354884 | N23: =IF(L23=1,IF(M23<R_,1,EXP(R_-M23)),IF(L23<>"",IF(M23<R_,EXP(M23-R_),1),1)) -> 0.029282056 | O23: =IF(L23<>"",SQRT(4*(C23-$C$4)^2+(D23-$D$4)^2+(E23-$E$4)^2),0) -> 4.0132676 | P23: =IF(L23=1,IF(O23<$F$4,1,EXP($F$4-O23)),IF(L23<>"",IF(O23<$F$4,EXP(O23-$F$4),1),1)) -> 1 | R23: =IF(L23="",1,IF(AND(L23=1,OR(N23=1,P23=1)),1,MIN((N23), (P23)))) -> 1 | AT23: 100 | AU23: =RADIANS(Tabla911[[#This Row],[Angle º]]) -> 1.7453293 | AV23: =$F$3*SIN(AU23)+ dD -> 20.888954 | AW23: =$F$3*COS(AU23)+ dP -> 2.8003839 | AX23: =$F$3*SIN(AU23)+ dH -> 14.499661 | AY23: =$F$3*COS(AU23)+ dD -> 14.141987 | AZ23: =$F$4*SIN(AU23)+ $C$4 -> 22.933847 | BA23: =$F$4*COS(AU23)+ $D$4 -> 10.510441 | BB23: =$F$4*SIN(AU23)+ $E$4 -> 13.349853 | BC23: =$F$4*COS(AU23)+ $C$4 -> 16.842655 | BJ23: Tetrahydrofuran (THF) | BK23: 16.8 | BL23: 5.7 | BM23: 8 | BO23: Xylene | BP23: 17.8 | BQ23: 1 | BR23: 3.1
A24: 62-53-3 | B24: =VLOOKUP(Tabla48[[#This Row],[CAS]],Tabla1[],2,FALSE) -> Aniline | C24: =VLOOKUP(Tabla48[[#This Row],[CAS]],Tabla1[],3,FALSE) -> 20.1 | D24: =VLOOKUP(Tabla48[[#This Row],[CAS]],Tabla1[],4,FALSE) -> 5.8 | E24: =VLOOKUP(Tabla48[[#This Row],[CAS]],Tabla1[],5,FALSE) -> 11.2 | F24: =VLOOKUP(Tabla48[[#This Row],[CAS]],Tabla1[],6,FALSE) | G24: =IF(L24=1,IF(OR(J24<=1,K24<=1),"","WO"),IF(L24=0,IF(OR(J24<1,K24<1),"WI",""),"")) | H24: =ISNUMBER(SEARCH("w",Tabla48[[#This Row],[WI/WO]])) -> FALSE | I24: =L24 -> 0 | J24: =IF(L24<>"",M24/R_,"") -> 1.7824209 | K24: =IF(L24<>"",O24/$F$4,"") -> 1.5068772 | L24: 0 | M24: =IF(L24<>"",SQRT(4*(C24-dD)^2+(D24-dP)^2+(E24-dH)^2),0) -> 10.381004 | N24: =IF(L24=1,IF(M24<R_,1,EXP(R_-M24)),IF(L24<>"",IF(M24<R_,EXP(M24-R_),1),1)) -> 1 | O24: =IF(L24<>"",SQRT(4*(C24-$C$4)^2+(D24-$D$4)^2+(E24-$E$4)^2),0) -> 7.9232009 | P24: =IF(L24=1,IF(O24<$F$4,1,EXP($F$4-O24)),IF(L24<>"",IF(O24<$F$4,EXP(O24-$F$4),1),1)) -> 1 | R24: =IF(L24="",1,IF(AND(L24=1,OR(N24=1,P24=1)),1,MIN((N24), (P24)))) -> 1 | AT24: 105 | AU24: =RADIANS(Tabla911[[#This Row],[Angle º]]) -> 1.8325957 | AV24: =$F$3*SIN(AU24)+ dD -> 20.778984 | AW24: =$F$3*COS(AU24)+ dP -> 2.30434 | AX24: =$F$3*SIN(AU24)+ dH -> 14.38969 | AY24: =$F$3*COS(AU24)+ dD -> 13.645943 | AZ24: =$F$4*SIN(AU24)+ $C$4 -> 22.834565 | BA24: =$F$4*COS(AU24)+ $D$4 -> 10.06261 | BB24: =$F$4*SIN(AU24)+ $E$4 -> 13.250571 | BC24: =$F$4*COS(AU24)+ $C$4 -> 16.394824 | BJ24: Triethylphosphate | BK24: 16.7 | BL24: 11.4 | BM24: 9.2 | BO24: p-Chlorotoluene | BP24: 19.1 | BQ24: 6.2 | BR24: 2.6
A25: 71-43-2 | B25: =VLOOKUP(Tabla48[[#This Row],[CAS]],Tabla1[],2,FALSE) -> Benzene | C25: =VLOOKUP(Tabla48[[#This Row],[CAS]],Tabla1[],3,FALSE) -> 18.4 | D25: =VLOOKUP(Tabla48[[#This Row],[CAS]],Tabla1[],4,FALSE) -> 0 | E25: =VLOOKUP(Tabla48[[#This Row],[CAS]],Tabla1[],5,FALSE) -> 2 | F25: =VLOOKUP(Tabla48[[#This Row],[CAS]],Tabla1[],6,FALSE) -> 52.9 | G25: =IF(L25=1,IF(OR(J25<=1,K25<=1),"","WO"),IF(L25=0,IF(OR(J25<1,K25<1),"WI",""),"")) | H25: =ISNUMBER(SEARCH("w",Tabla48[[#This Row],[WI/WO]])) -> FALSE | I25: =L25 -> 0 | J25: =IF(L25<>"",M25/R_,"") -> 1.7378653 | K25: =IF(L25<>"",O25/$F$4,"") -> 2.4815117 | L25: 0 | M25: =IF(L25<>"",SQRT(4*(C25-dD)^2+(D25-dP)^2+(E25-dH)^2),0) -> 10.121508 | N25: =IF(L25=1,IF(M25<R_,1,EXP(R_-M25)),IF(L25<>"",IF(M25<R_,EXP(M25-R_),1),1)) -> 1 | O25: =IF(L25<>"",SQRT(4*(C25-$C$4)^2+(D25-$D$4)^2+(E25-$E$4)^2),0) -> 13.047855 | P25: =IF(L25=1,IF(O25<$F$4,1,EXP($F$4-O25)),IF(L25<>"",IF(O25<$F$4,EXP(O25-$F$4),1),1)) -> 1 | R25: =IF(L25="",1,IF(AND(L25=1,OR(N25=1,P25=1)),1,MIN((N25), (P25)))) -> 1 | AT25: 110 | AU25: =RADIANS(Tabla911[[#This Row],[Angle º]]) -> 1.9198622 | AV25: =$F$3*SIN(AU25)+ dD -> 20.626199 | AW25: =$F$3*COS(AU25)+ dP -> 1.8197681 | AX25: =$F$3*SIN(AU25)+ dH -> 14.236906 | AY25: =$F$3*COS(AU25)+ dD -> 13.161371 | AZ25: =$F$4*SIN(AU25)+ $C$4 -> 22.69663 | BA25: =$F$4*COS(AU25)+ $D$4 -> 9.6251364 | BB25: =$F$4*SIN(AU25)+ $E$4 -> 13.112636 | BC25: =$F$4*COS(AU25)+ $C$4 -> 15.95735 | BJ25: 2-Methyl Tetrahydrofuran | BK25: 16.9 | BL25: 5 | BM25: 4.3 | BO25: Dimethyl Maleate | BP25: 16.3 | BQ25: 8.3 | BR25: 9.8
A26: 96-48-0 | B26: =VLOOKUP(Tabla48[[#This Row],[CAS]],Tabla1[],2,FALSE) -> γ-Butyrolactone (GBL) | C26: =VLOOKUP(Tabla48[[#This Row],[CAS]],Tabla1[],3,FALSE) -> 18 | D26: =VLOOKUP(Tabla48[[#This Row],[CAS]],Tabla1[],4,FALSE) -> 16.6 | E26: =VLOOKUP(Tabla48[[#This Row],[CAS]],Tabla1[],5,FALSE) -> 7.4 | F26: =VLOOKUP(Tabla48[[#This Row],[CAS]],Tabla1[],6,FALSE) | G26: =IF(L26=1,IF(OR(J26<=1,K26<=1),"","WO"),IF(L26=0,IF(OR(J26<1,K26<1),"WI",""),"")) | H26: =ISNUMBER(SEARCH("w",Tabla48[[#This Row],[WI/WO]])) -> FALSE | I26: =L26 -> 1 | J26: =IF(L26<>"",M26/R_,"") -> 2.4149049 | K26: =IF(L26<>"",O26/$F$4,"") -> 0.99970507 | L26: 1 | M26: =IF(L26<>"",SQRT(4*(C26-dD)^2+(D26-dP)^2+(E26-dH)^2),0) -> 14.064657 | N26: =IF(L26=1,IF(M26<R_,1,EXP(R_-M26)),IF(L26<>"",IF(M26<R_,EXP(M26-R_),1),1)) -> 0.00026373838 | O26: =IF(L26<>"",SQRT(4*(C26-$C$4)^2+(D26-$D$4)^2+(E26-$E$4)^2),0) -> 5.2564761 | P26: =IF(L26=1,IF(O26<$F$4,1,EXP($F$4-O26)),IF(L26<>"",IF(O26<$F$4,EXP(O26-$F$4),1),1)) -> 1 | R26: =IF(L26="",1,IF(AND(L26=1,OR(N26=1,P26=1)),1,MIN((N26), (P26)))) -> 1 | AT26: 115 | AU26: =RADIANS(Tabla911[[#This Row],[Angle º]]) -> 2.0071286 | AV26: =$F$3*SIN(AU26)+ dD -> 20.431762 | AW26: =$F$3*COS(AU26)+ dP -> 1.3503564 | AX26: =$F$3*SIN(AU26)+ dH -> 14.042469 | AY26: =$F$3*COS(AU26)+ dD -> 12.691959 | AZ26: =$F$4*SIN(AU26)+ $C$4 -> 22.521092 | BA26: =$F$4*COS(AU26)+ $D$4 -> 9.2013493 | BB26: =$F$4*SIN(AU26)+ $E$4 -> 12.937098 | BC26: =$F$4*COS(AU26)+ $C$4 -> 15.533563 | BJ26: Ethyl Aceto Acetate (Keto) | BK26: 16.5 | BL26: 7.3 | BM26: 8.3
A27: 56-23-5 | B27: =VLOOKUP(Tabla48[[#This Row],[CAS]],Tabla1[],2,FALSE) -> Carbon Tetrachloride (0 Dipole Moment) | C27: =VLOOKUP(Tabla48[[#This Row],[CAS]],Tabla1[],3,FALSE) -> 17.8 | D27: =VLOOKUP(Tabla48[[#This Row],[CAS]],Tabla1[],4,FALSE) -> 0 | E27: =VLOOKUP(Tabla48[[#This Row],[CAS]],Tabla1[],5,FALSE) -> 0.6 | F27: =VLOOKUP(Tabla48[[#This Row],[CAS]],Tabla1[],6,FALSE) | G27: =IF(L27=1,IF(OR(J27<=1,K27<=1),"","WO"),IF(L27=0,IF(OR(J27<1,K27<1),"WI",""),"")) | H27: =ISNUMBER(SEARCH("w",Tabla48[[#This Row],[WI/WO]])) -> FALSE | I27: =L27 -> 0 | J27: =IF(L27<>"",M27/R_,"") -> 1.7942488 | K27: =IF(L27<>"",O27/$F$4,"") -> 2.6065441 | L27: 0 | M27: =IF(L27<>"",SQRT(4*(C27-dD)^2+(D27-dP)^2+(E27-dH)^2),0) -> 10.449891 | N27: =IF(L27=1,IF(M27<R_,1,EXP(R_-M27)),IF(L27<>"",IF(M27<R_,EXP(M27-R_),1),1)) -> 1 | O27: =IF(L27<>"",SQRT(4*(C27-$C$4)^2+(D27-$D$4)^2+(E27-$E$4)^2),0) -> 13.705279 | P27: =IF(L27=1,IF(O27<$F$4,1,EXP($F$4-O27)),IF(L27<>"",IF(O27<$F$4,EXP(O27-$F$4),1),1)) -> 1 | R27: =IF(L27="",1,IF(AND(L27=1,OR(N27=1,P27=1)),1,MIN((N27), (P27)))) -> 1 | AT27: 120 | AU27: =RADIANS(Tabla911[[#This Row],[Angle º]]) -> 2.0943951 | AV27: =$F$3*SIN(AU27)+ dD -> 20.197153 | AW27: =$F$3*COS(AU27)+ dP -> 0.89967709 | AX27: =$F$3*SIN(AU27)+ dH -> 13.80786 | AY27: =$F$3*COS(AU27)+ dD -> 12.24128 | AZ27: =$F$4*SIN(AU27)+ $C$4 -> 22.309286 | BA27: =$F$4*COS(AU27)+ $D$4 -> 8.7944741 | BB27: =$F$4*SIN(AU27)+ $E$4 -> 12.725292 | BC27: =$F$4*COS(AU27)+ $C$4 -> 15.126688 | BJ27: Methyl Aceto Acetate | BK27: 16.4 | BL27: 8.6 | BM27: 8.9
A28: 67-66-3 | B28: =VLOOKUP(Tabla48[[#This Row],[CAS]],Tabla1[],2,FALSE) -> Chloroform | C28: =VLOOKUP(Tabla48[[#This Row],[CAS]],Tabla1[],3,FALSE) -> 17.8 | D28: =VLOOKUP(Tabla48[[#This Row],[CAS]],Tabla1[],4,FALSE) -> 3.1 | E28: =VLOOKUP(Tabla48[[#This Row],[CAS]],Tabla1[],5,FALSE) -> 5.7 | F28: =VLOOKUP(Tabla48[[#This Row],[CAS]],Tabla1[],6,FALSE) -> 80.5 | G28: =IF(L28=1,IF(OR(J28<=1,K28<=1),"","WO"),IF(L28=0,IF(OR(J28<1,K28<1),"WI",""),"")) | H28: =ISNUMBER(SEARCH("w",Tabla48[[#This Row],[WI/WO]])) -> FALSE | I28: =L28 -> 0 | J28: =IF(L28<>"",M28/R_,"") -> 1.0572372 | K28: =IF(L28<>"",O28/$F$4,"") -> 1.6514143 | L28: 0 | M28: =IF(L28<>"",SQRT(4*(C28-dD)^2+(D28-dP)^2+(E28-dH)^2),0) -> 6.1574592 | N28: =IF(L28=1,IF(M28<R_,1,EXP(R_-M28)),IF(L28<>"",IF(M28<R_,EXP(M28-R_),1),1)) -> 1 | O28: =IF(L28<>"",SQRT(4*(C28-$C$4)^2+(D28-$D$4)^2+(E28-$E$4)^2),0) -> 8.6831809 | P28: =IF(L28=1,IF(O28<$F$4,1,EXP($F$4-O28)),IF(L28<>"",IF(O28<$F$4,EXP(O28-$F$4),1),1)) -> 1 | R28: =IF(L28="",1,IF(AND(L28=1,OR(N28=1,P28=1)),1,MIN((N28), (P28)))) -> 1 | AT28: 125 | AU28: =RADIANS(Tabla911[[#This Row],[Angle º]]) -> 2.1816616 | AV28: =$F$3*SIN(AU28)+ dD -> 19.924158 | AW28: =$F$3*COS(AU28)+ dP -> 0.47116031 | AX28: =$F$3*SIN(AU28)+ dH -> 13.534865 | AY28: =$F$3*COS(AU28)+ dD -> 11.812763 | AZ28: =$F$4*SIN(AU28)+ $C$4 -> 22.062825 | BA28: =$F$4*COS(AU28)+ $D$4 -> 8.4076072 | BB28: =$F$4*SIN(AU28)+ $E$4 -> 12.478831 | BC28: =$F$4*COS(AU28)+ $C$4 -> 14.739821 | BJ28: Propionic Anhydride | BK28: 15.8 | BL28: 9 | BM28: 7.7
A29: 110-82-7 | B29: =VLOOKUP(Tabla48[[#This Row],[CAS]],Tabla1[],2,FALSE) -> Cyclohexane | C29: =VLOOKUP(Tabla48[[#This Row],[CAS]],Tabla1[],3,FALSE) -> 16.8 | D29: =VLOOKUP(Tabla48[[#This Row],[CAS]],Tabla1[],4,FALSE) -> 0 | E29: =VLOOKUP(Tabla48[[#This Row],[CAS]],Tabla1[],5,FALSE) -> 0.2 | F29: =VLOOKUP(Tabla48[[#This Row],[CAS]],Tabla1[],6,FALSE) -> 108.9 | G29: =IF(L29=1,IF(OR(J29<=1,K29<=1),"","WO"),IF(L29=0,IF(OR(J29<1,K29<1),"WI",""),"")) | H29: =ISNUMBER(SEARCH("w",Tabla48[[#This Row],[WI/WO]])) -> FALSE | I29: =L29 -> 0 | J29: =IF(L29<>"",M29/R_,"") -> 1.7059618 | K29: =IF(L29<>"",O29/$F$4,"") -> 2.6741019 | L29: 0 | M29: =IF(L29<>"",SQRT(4*(C29-dD)^2+(D29-dP)^2+(E29-dH)^2),0) -> 9.9356982 | N29: =IF(L29=1,IF(M29<R_,1,EXP(R_-M29)),IF(L29<>"",IF(M29<R_,EXP(M29-R_),1),1)) -> 1 | O29: =IF(L29<>"",SQRT(4*(C29-$C$4)^2+(D29-$D$4)^2+(E29-$E$4)^2),0) -> 14.060499 | P29: =IF(L29=1,IF(O29<$F$4,1,EXP($F$4-O29)),IF(L29<>"",IF(O29<$F$4,EXP(O29-$F$4),1),1)) -> 1 | R29: =IF(L29="",1,IF(AND(L29=1,OR(N29=1,P29=1)),1,MIN((N29), (P29)))) -> 1 | AT29: 130 | AU29: =RADIANS(Tabla911[[#This Row],[Angle º]]) -> 2.268928 | AV29: =$F$3*SIN(AU29)+ dD -> 19.614854 | AW29: =$F$3*COS(AU29)+ dP -> 0.068067264 | AX29: =$F$3*SIN(AU29)+ dH -> 13.225561 | AY29: =$F$3*COS(AU29)+ dD -> 11.40967 | AZ29: =$F$4*SIN(AU29)+ $C$4 -> 21.783584 | BA29: =$F$4*COS(AU29)+ $D$4 -> 8.043693 | BB29: =$F$4*SIN(AU29)+ $E$4 -> 12.19959 | BC29: =$F$4*COS(AU29)+ $C$4 -> 14.375907
A30: 108-93-0 | B30: =VLOOKUP(Tabla48[[#This Row],[CAS]],Tabla1[],2,FALSE) -> Cyclohexanol | C30: =VLOOKUP(Tabla48[[#This Row],[CAS]],Tabla1[],3,FALSE) -> 17.4 | D30: =VLOOKUP(Tabla48[[#This Row],[CAS]],Tabla1[],4,FALSE) -> 4.1 | E30: =VLOOKUP(Tabla48[[#This Row],[CAS]],Tabla1[],5,FALSE) -> 13.5 | F30: =VLOOKUP(Tabla48[[#This Row],[CAS]],Tabla1[],6,FALSE) -> 105.7 | G30: =IF(L30=1,IF(OR(J30<=1,K30<=1),"","WO"),IF(L30=0,IF(OR(J30<1,K30<1),"WI",""),"")) | H30: =ISNUMBER(SEARCH("w",Tabla48[[#This Row],[WI/WO]])) -> FALSE | I30: =L30 -> 0 | J30: =IF(L30<>"",M30/R_,"") -> 1.1220123 | K30: =IF(L30<>"",O30/$F$4,"") -> 1.7277616 | L30: 0 | M30: =IF(L30<>"",SQRT(4*(C30-dD)^2+(D30-dP)^2+(E30-dH)^2),0) -> 6.5347157 | N30: =IF(L30=1,IF(M30<R_,1,EXP(R_-M30)),IF(L30<>"",IF(M30<R_,EXP(M30-R_),1),1)) -> 1 | O30: =IF(L30<>"",SQRT(4*(C30-$C$4)^2+(D30-$D$4)^2+(E30-$E$4)^2),0) -> 9.0846169 | P30: =IF(L30=1,IF(O30<$F$4,1,EXP($F$4-O30)),IF(L30<>"",IF(O30<$F$4,EXP(O30-$F$4),1),1)) -> 1 | R30: =IF(L30="",1,IF(AND(L30=1,OR(N30=1,P30=1)),1,MIN((N30), (P30)))) -> 1 | AT30: 135 | AU30: =RADIANS(Tabla911[[#This Row],[Angle º]]) -> 2.3561945 | AV30: =$F$3*SIN(AU30)+ dD -> 19.271595 | AW30: =$F$3*COS(AU30)+ dP -> -0.30653425 | AX30: =$F$3*SIN(AU30)+ dH -> 12.882302 | AY30: =$F$3*COS(AU30)+ dD -> 11.035068 | AZ30: =$F$4*SIN(AU30)+ $C$4 -> 21.473688 | BA30: =$F$4*COS(AU30)+ $D$4 -> 7.705501 | BB30: =$F$4*SIN(AU30)+ $E$4 -> 11.889694 | BC30: =$F$4*COS(AU30)+ $C$4 -> 14.037715
A31: 493-02-7 | B31: =VLOOKUP(Tabla48[[#This Row],[CAS]],Tabla1[],2,FALSE) -> Trans-Decahydronaphthalene | C31: =VLOOKUP(Tabla48[[#This Row],[CAS]],Tabla1[],3,FALSE) -> 18 | D31: =VLOOKUP(Tabla48[[#This Row],[CAS]],Tabla1[],4,FALSE) -> 0 | E31: =VLOOKUP(Tabla48[[#This Row],[CAS]],Tabla1[],5,FALSE) -> 0 | F31: =VLOOKUP(Tabla48[[#This Row],[CAS]],Tabla1[],6,FALSE) | G31: =IF(L31=1,IF(OR(J31<=1,K31<=1),"","WO"),IF(L31=0,IF(OR(J31<1,K31<1),"WI",""),"")) | H31: =ISNUMBER(SEARCH("w",Tabla48[[#This Row],[WI/WO]])) -> FALSE | I31: =L31 -> 0 | J31: =IF(L31<>"",M31/R_,"") -> 1.910058 | K31: =IF(L31<>"",O31/$F$4,"") -> 2.6728433 | L31: 0 | M31: =IF(L31<>"",SQRT(4*(C31-dD)^2+(D31-dP)^2+(E31-dH)^2),0) -> 11.124375 | N31: =IF(L31=1,IF(M31<R_,1,EXP(R_-M31)),IF(L31<>"",IF(M31<R_,EXP(M31-R_),1),1)) -> 1 | O31: =IF(L31<>"",SQRT(4*(C31-$C$4)^2+(D31-$D$4)^2+(E31-$E$4)^2),0) -> 14.053882 | P31: =IF(L31=1,IF(O31<$F$4,1,EXP($F$4-O31)),IF(L31<>"",IF(O31<$F$4,EXP(O31-$F$4),1),1)) -> 1 | R31: =IF(L31="",1,IF(AND(L31=1,OR(N31=1,P31=1)),1,MIN((N31), (P31)))) -> 1 | AT31: 140 | AU31: =RADIANS(Tabla911[[#This Row],[Angle º]]) -> 2.443461 | AV31: =$F$3*SIN(AU31)+ dD -> 18.896993 | AW31: =$F$3*COS(AU31)+ dP -> -0.6497933 | AX31: =$F$3*SIN(AU31)+ dH -> 12.5077 | AY31: =$F$3*COS(AU31)+ dD -> 10.691809 | AZ31: =$F$4*SIN(AU31)+ $C$4 -> 21.135496 | BA31: =$F$4*COS(AU31)+ $D$4 -> 7.3956052 | BB31: =$F$4*SIN(AU31)+ $E$4 -> 11.551502 | BC31: =$F$4*COS(AU31)+ $C$4 -> 13.727819
A32: 123-42-2 | B32: =VLOOKUP(Tabla48[[#This Row],[CAS]],Tabla1[],2,FALSE) -> Diacetone Alcohol | C32: =VLOOKUP(Tabla48[[#This Row],[CAS]],Tabla1[],3,FALSE) -> 15.8 | D32: =VLOOKUP(Tabla48[[#This Row],[CAS]],Tabla1[],4,FALSE) -> 8.2 | E32: =VLOOKUP(Tabla48[[#This Row],[CAS]],Tabla1[],5,FALSE) -> 10.8 | F32: =VLOOKUP(Tabla48[[#This Row],[CAS]],Tabla1[],6,FALSE) -> 124.3 | G32: =IF(L32=1,IF(OR(J32<=1,K32<=1),"","WO"),IF(L32=0,IF(OR(J32<1,K32<1),"WI",""),"")) | H32: =ISNUMBER(SEARCH("w",Tabla48[[#This Row],[WI/WO]])) -> FALSE | I32: =L32 -> 1 | J32: =IF(L32<>"",M32/R_,"") -> 0.85978429 | K32: =IF(L32<>"",O32/$F$4,"") -> 1.0858548 | L32: 1 | M32: =IF(L32<>"",SQRT(4*(C32-dD)^2+(D32-dP)^2+(E32-dH)^2),0) -> 5.0074727 | N32: =IF(L32=1,IF(M32<R_,1,EXP(R_-M32)),IF(L32<>"",IF(M32<R_,EXP(M32-R_),1),1)) -> 1 | O32: =IF(L32<>"",SQRT(4*(C32-$C$4)^2+(D32-$D$4)^2+(E32-$E$4)^2),0) -> 5.709454 | P32: =IF(L32=1,IF(O32<$F$4,1,EXP($F$4-O32)),IF(L32<>"",IF(O32<$F$4,EXP(O32-$F$4),1),1)) -> 0.63671885 | R32: =IF(L32="",1,IF(AND(L32=1,OR(N32=1,P32=1)),1,MIN((N32), (P32)))) -> 1 | AT32: 145 | AU32: =RADIANS(Tabla911[[#This Row],[Angle º]]) -> 2.5307274 | AV32: =$F$3*SIN(AU32)+ dD -> 18.4939 | AW32: =$F$3*COS(AU32)+ dP -> -0.95909747 | AX32: =$F$3*SIN(AU32)+ dH -> 12.104607 | AY32: =$F$3*COS(AU32)+ dD -> 10.382505 | AZ32: =$F$4*SIN(AU32)+ $C$4 -> 20.771582 | BA32: =$F$4*COS(AU32)+ $D$4 -> 7.116364 | BB32: =$F$4*SIN(AU32)+ $E$4 -> 11.187588 | BC32: =$F$4*COS(AU32)+ $C$4 -> 13.448578
A33: 105-58-8 | B33: =VLOOKUP(Tabla48[[#This Row],[CAS]],Tabla1[],2,FALSE) -> Diethyl Carbonate | C33: =VLOOKUP(Tabla48[[#This Row],[CAS]],Tabla1[],3,FALSE) -> 15.1 | D33: =VLOOKUP(Tabla48[[#This Row],[CAS]],Tabla1[],4,FALSE) -> 6.3 | E33: =VLOOKUP(Tabla48[[#This Row],[CAS]],Tabla1[],5,FALSE) -> 3.5 | F33: =VLOOKUP(Tabla48[[#This Row],[CAS]],Tabla1[],6,FALSE) | G33: =IF(L33=1,IF(OR(J33<=1,K33<=1),"","WO"),IF(L33=0,IF(OR(J33<1,K33<1),"WI",""),"")) | H33: =ISNUMBER(SEARCH("w",Tabla48[[#This Row],[WI/WO]])) -> FALSE | I33: =L33 -> 1 | J33: =IF(L33<>"",M33/R_,"") -> 0.99989368 | K33: =IF(L33<>"",O33/$F$4,"") -> 1.6611144 | L33: 1 | M33: =IF(L33<>"",SQRT(4*(C33-dD)^2+(D33-dP)^2+(E33-dH)^2),0) -> 5.8234844 | N33: =IF(L33=1,IF(M33<R_,1,EXP(R_-M33)),IF(L33<>"",IF(M33<R_,EXP(M33-R_),1),1)) -> 1 | O33: =IF(L33<>"",SQRT(4*(C33-$C$4)^2+(D33-$D$4)^2+(E33-$E$4)^2),0) -> 8.7341841 | P33: =IF(L33=1,IF(O33<$F$4,1,EXP($F$4-O33)),IF(L33<>"",IF(O33<$F$4,EXP(O33-$F$4),1),1)) -> 0.030926024 | R33: =IF(L33="",1,IF(AND(L33=1,OR(N33=1,P33=1)),1,MIN((N33), (P33)))) -> 1 | AT33: 150 | AU33: =RADIANS(Tabla911[[#This Row],[Angle º]]) -> 2.6179939 | AV33: =$F$3*SIN(AU33)+ dD -> 18.065383 | AW33: =$F$3*COS(AU33)+ dP -> -1.2320928 | AX33: =$F$3*SIN(AU33)+ dH -> 11.67609 | AY33: =$F$3*COS(AU33)+ dD -> 10.10951 | AZ33: =$F$4*SIN(AU33)+ $C$4 -> 20.384715 | BA33: =$F$4*COS(AU33)+ $D$4 -> 6.8699027 | BB33: =$F$4*SIN(AU33)+ $E$4 -> 10.800721 | BC33: =$F$4*COS(AU33)+ $C$4 -> 13.202116
A34: 111-77-3 | B34: =VLOOKUP(Tabla48[[#This Row],[CAS]],Tabla1[],2,FALSE) -> Diethylene Glycol Monomethyl Ether | C34: =VLOOKUP(Tabla48[[#This Row],[CAS]],Tabla1[],3,FALSE) -> 16.2 | D34: =VLOOKUP(Tabla48[[#This Row],[CAS]],Tabla1[],4,FALSE) -> 7.8 | E34: =VLOOKUP(Tabla48[[#This Row],[CAS]],Tabla1[],5,FALSE) -> 12.6 | F34: =VLOOKUP(Tabla48[[#This Row],[CAS]],Tabla1[],6,FALSE) | G34: =IF(L34=1,IF(OR(J34<=1,K34<=1),"","WO"),IF(L34=0,IF(OR(J34<1,K34<1),"WI",""),"")) | H34: =ISNUMBER(SEARCH("w",Tabla48[[#This Row],[WI/WO]])) -> FALSE | I34: =L34 -> 0 | J34: =IF(L34<>"",M34/R_,"") -> 1.0158354 | K34: =IF(L34<>"",O34/$F$4,"") -> 1.2386936 | L34: 0 | M34: =IF(L34<>"",SQRT(4*(C34-dD)^2+(D34-dP)^2+(E34-dH)^2),0) -> 5.9163306 | N34: =IF(L34=1,IF(M34<R_,1,EXP(R_-M34)),IF(L34<>"",IF(M34<R_,EXP(M34-R_),1),1)) -> 1 | O34: =IF(L34<>"",SQRT(4*(C34-$C$4)^2+(D34-$D$4)^2+(E34-$E$4)^2),0) -> 6.513084 | P34: =IF(L34=1,IF(O34<$F$4,1,EXP($F$4-O34)),IF(L34<>"",IF(O34<$F$4,EXP(O34-$F$4),1),1)) -> 1 | R34: =IF(L34="",1,IF(AND(L34=1,OR(N34=1,P34=1)),1,MIN((N34), (P34)))) -> 1 | AT34: 155 | AU34: =RADIANS(Tabla911[[#This Row],[Angle º]]) -> 2.7052603 | AV34: =$F$3*SIN(AU34)+ dD -> 17.614704 | AW34: =$F$3*COS(AU34)+ dP -> -1.4667015 | AX34: =$F$3*SIN(AU34)+ dH -> 11.225411 | AY34: =$F$3*COS(AU34)+ dD -> 9.8749011 | AZ34: =$F$4*SIN(AU34)+ $C$4 -> 19.97784 | BA34: =$F$4*COS(AU34)+ $D$4 -> 6.6580968 | BB34: =$F$4*SIN(AU34)+ $E$4 -> 10.393846 | BC34: =$F$4*COS(AU34)+ $C$4 -> 12.990311
A35: 127-19-5 | B35: =VLOOKUP(Tabla48[[#This Row],[CAS]],Tabla1[],2,FALSE) -> N,N-Dimethyl Acetamide | C35: =VLOOKUP(Tabla48[[#This Row],[CAS]],Tabla1[],3,FALSE) -> 16.8 | D35: =VLOOKUP(Tabla48[[#This Row],[CAS]],Tabla1[],4,FALSE) -> 11.5 | E35: =VLOOKUP(Tabla48[[#This Row],[CAS]],Tabla1[],5,FALSE) -> 9.4 | F35: =VLOOKUP(Tabla48[[#This Row],[CAS]],Tabla1[],6,FALSE) -> 93 | G35: =IF(L35=1,IF(OR(J35<=1,K35<=1),"","WO"),IF(L35=0,IF(OR(J35<1,K35<1),"WI",""),"")) | H35: =ISNUMBER(SEARCH("w",Tabla48[[#This Row],[WI/WO]])) -> FALSE | I35: =L35 -> 1 | J35: =IF(L35<>"",M35/R_,"") -> 1.4402368 | K35: =IF(L35<>"",O35/$F$4,"") -> 0.43235369 | L35: 1 | M35: =IF(L35<>"",SQRT(4*(C35-dD)^2+(D35-dP)^2+(E35-dH)^2),0) -> 8.3880884 | N35: =IF(L35=1,IF(M35<R_,1,EXP(R_-M35)),IF(L35<>"",IF(M35<R_,EXP(M35-R_),1),1)) -> 0.076997306 | O35: =IF(L35<>"",SQRT(4*(C35-$C$4)^2+(D35-$D$4)^2+(E35-$E$4)^2),0) -> 2.2733273 | P35: =IF(L35=1,IF(O35<$F$4,1,EXP($F$4-O35)),IF(L35<>"",IF(O35<$F$4,EXP(O35-$F$4),1),1)) -> 1 | R35: =IF(L35="",1,IF(AND(L35=1,OR(N35=1,P35=1)),1,MIN((N35), (P35)))) -> 1 | AT35: 160 | AU35: =RADIANS(Tabla911[[#This Row],[Angle º]]) -> 2.7925268 | AV35: =$F$3*SIN(AU35)+ dD -> 17.145292 | AW35: =$F$3*COS(AU35)+ dP -> -1.6611383 | AX35: =$F$3*SIN(AU35)+ dH -> 10.755999 | AY35: =$F$3*COS(AU35)+ dD -> 9.6804644 | AZ35: =$F$4*SIN(AU35)+ $C$4 -> 19.554052 | BA35: =$F$4*COS(AU35)+ $D$4 -> 6.4825584 | BB35: =$F$4*SIN(AU35)+ $E$4 -> 9.9700585 | BC35: =$F$4*COS(AU35)+ $C$4 -> 12.814772
A36: 68-12-2 | B36: =VLOOKUP(Tabla48[[#This Row],[CAS]],Tabla1[],2,FALSE) -> Dimethyl Formamide (DMF) | C36: =VLOOKUP(Tabla48[[#This Row],[CAS]],Tabla1[],3,FALSE) -> 17.4 | D36: =VLOOKUP(Tabla48[[#This Row],[CAS]],Tabla1[],4,FALSE) -> 13.7 | E36: =VLOOKUP(Tabla48[[#This Row],[CAS]],Tabla1[],5,FALSE) -> 11.3 | F36: =VLOOKUP(Tabla48[[#This Row],[CAS]],Tabla1[],6,FALSE) | G36: =IF(L36=1,IF(OR(J36<=1,K36<=1),"","WO"),IF(L36=0,IF(OR(J36<1,K36<1),"WI",""),"")) | H36: =ISNUMBER(SEARCH("w",Tabla48[[#This Row],[WI/WO]])) -> FALSE | I36: =L36 -> 1 | J36: =IF(L36<>"",M36/R_,"") -> 1.9150473 | K36: =IF(L36<>"",O36/$F$4,"") -> 0.74815222 | L36: 1 | M36: =IF(L36<>"",SQRT(4*(C36-dD)^2+(D36-dP)^2+(E36-dH)^2),0) -> 11.153434 | N36: =IF(L36=1,IF(M36<R_,1,EXP(R_-M36)),IF(L36<>"",IF(M36<R_,EXP(M36-R_),1),1)) -> 0.0048473162 | O36: =IF(L36<>"",SQRT(4*(C36-$C$4)^2+(D36-$D$4)^2+(E36-$E$4)^2),0) -> 3.9338045 | P36: =IF(L36=1,IF(O36<$F$4,1,EXP($F$4-O36)),IF(L36<>"",IF(O36<$F$4,EXP(O36-$F$4),1),1)) -> 1 | R36: =IF(L36="",1,IF(AND(L36=1,OR(N36=1,P36=1)),1,MIN((N36), (P36)))) -> 1 | AT36: 165 | AU36: =RADIANS(Tabla911[[#This Row],[Angle º]]) -> 2.8797933 | AV36: =$F$3*SIN(AU36)+ dD -> 16.660721 | AW36: =$F$3*COS(AU36)+ dP -> -1.8139232 | AX36: =$F$3*SIN(AU36)+ dH -> 10.271427 | AY36: =$F$3*COS(AU36)+ dD -> 9.5276795 | AZ36: =$F$4*SIN(AU36)+ $C$4 -> 19.116579 | BA36: =$F$4*COS(AU36)+ $D$4 -> 6.3446235 | BB36: =$F$4*SIN(AU36)+ $E$4 -> 9.5325849 | BC36: =$F$4*COS(AU36)+ $C$4 -> 12.676837
A37: 123-91-1 | B37: =VLOOKUP(Tabla48[[#This Row],[CAS]],Tabla1[],2,FALSE) -> 1,4-Dioxane | C37: =VLOOKUP(Tabla48[[#This Row],[CAS]],Tabla1[],3,FALSE) -> 17.5 | D37: =VLOOKUP(Tabla48[[#This Row],[CAS]],Tabla1[],4,FALSE) -> 1.8 | E37: =VLOOKUP(Tabla48[[#This Row],[CAS]],Tabla1[],5,FALSE) -> 9 | F37: =VLOOKUP(Tabla48[[#This Row],[CAS]],Tabla1[],6,FALSE) -> 85.7 | G37: =IF(L37=1,IF(OR(J37<=1,K37<=1),"","WO"),IF(L37=0,IF(OR(J37<1,K37<1),"WI",""),"")) | H37: =ISNUMBER(SEARCH("w",Tabla48[[#This Row],[WI/WO]])) -> FALSE | I37: =L37 -> 1 | J37: =IF(L37<>"",M37/R_,"") -> 0.8776913 | K37: =IF(L37<>"",O37/$F$4,"") -> 1.8395866 | L37: 1 | M37: =IF(L37<>"",SQRT(4*(C37-dD)^2+(D37-dP)^2+(E37-dH)^2),0) -> 5.111765 | N37: =IF(L37=1,IF(M37<R_,1,EXP(R_-M37)),IF(L37<>"",IF(M37<R_,EXP(M37-R_),1),1)) -> 1 | O37: =IF(L37<>"",SQRT(4*(C37-$C$4)^2+(D37-$D$4)^2+(E37-$E$4)^2),0) -> 9.672596 | P37: =IF(L37=1,IF(O37<$F$4,1,EXP($F$4-O37)),IF(L37<>"",IF(O37<$F$4,EXP(O37-$F$4),1),1)) -> 0.012099767 | R37: =IF(L37="",1,IF(AND(L37=1,OR(N37=1,P37=1)),1,MIN((N37), (P37)))) -> 1 | AT37: 170 | AU37: =RADIANS(Tabla911[[#This Row],[Angle º]]) -> 2.9670597 | AV37: =$F$3*SIN(AU37)+ dD -> 16.164677 | AW37: =$F$3*COS(AU37)+ dP -> -1.9238935 | AX37: =$F$3*SIN(AU37)+ dH -> 9.7753833 | AY37: =$F$3*COS(AU37)+ dD -> 9.4177092 | AZ37: =$F$4*SIN(AU37)+ $C$4 -> 18.668748 | BA37: =$F$4*COS(AU37)+ $D$4 -> 6.2453419 | BB37: =$F$4*SIN(AU37)+ $E$4 -> 9.0847542 | BC37: =$F$4*COS(AU37)+ $C$4 -> 12.577556
A38: 64-17-5 | B38: =VLOOKUP(Tabla48[[#This Row],[CAS]],Tabla1[],2,FALSE) -> Ethanol | C38: =VLOOKUP(Tabla48[[#This Row],[CAS]],Tabla1[],3,FALSE) -> 15.8 | D38: =VLOOKUP(Tabla48[[#This Row],[CAS]],Tabla1[],4,FALSE) -> 8.8 | E38: =VLOOKUP(Tabla48[[#This Row],[CAS]],Tabla1[],5,FALSE) -> 19.4 | F38: =VLOOKUP(Tabla48[[#This Row],[CAS]],Tabla1[],6,FALSE) -> 58.6 | G38: =IF(L38=1,IF(OR(J38<=1,K38<=1),"","WO"),IF(L38=0,IF(OR(J38<1,K38<1),"WI",""),"")) | H38: =ISNUMBER(SEARCH("w",Tabla48[[#This Row],[WI/WO]])) -> FALSE | I38: =L38 -> 0 | J38: =IF(L38<>"",M38/R_,"") -> 2.0292561 | K38: =IF(L38<>"",O38/$F$4,"") -> 2.315708 | L38: 0 | M38: =IF(L38<>"",SQRT(4*(C38-dD)^2+(D38-dP)^2+(E38-dH)^2),0) -> 11.818598 | N38: =IF(L38=1,IF(M38<R_,1,EXP(R_-M38)),IF(L38<>"",IF(M38<R_,EXP(M38-R_),1),1)) -> 1 | O38: =IF(L38<>"",SQRT(4*(C38-$C$4)^2+(D38-$D$4)^2+(E38-$E$4)^2),0) -> 12.176055 | P38: =IF(L38=1,IF(O38<$F$4,1,EXP($F$4-O38)),IF(L38<>"",IF(O38<$F$4,EXP(O38-$F$4),1),1)) -> 1 | R38: =IF(L38="",1,IF(AND(L38=1,OR(N38=1,P38=1)),1,MIN((N38), (P38)))) -> 1 | AT38: 175 | AU38: =RADIANS(Tabla911[[#This Row],[Angle º]]) -> 3.0543262 | AV38: =$F$3*SIN(AU38)+ dD -> 15.660936 | AW38: =$F$3*COS(AU38)+ dP -> -1.9902122 | AX38: =$F$3*SIN(AU38)+ dH -> 9.2716424 | AY38: =$F$3*COS(AU38)+ dD -> 9.3513905 | AZ38: =$F$4*SIN(AU38)+ $C$4 -> 18.213969 | BA38: =$F$4*COS(AU38)+ $D$4 -> 6.185469 | BB38: =$F$4*SIN(AU38)+ $E$4 -> 8.6299746 | BC38: =$F$4*COS(AU38)+ $C$4 -> 12.517683
A39: 141-78-6 | B39: =VLOOKUP(Tabla48[[#This Row],[CAS]],Tabla1[],2,FALSE) -> Ethyl Acetate | C39: =VLOOKUP(Tabla48[[#This Row],[CAS]],Tabla1[],3,FALSE) -> 15.8 | D39: =VLOOKUP(Tabla48[[#This Row],[CAS]],Tabla1[],4,FALSE) -> 5.3 | E39: =VLOOKUP(Tabla48[[#This Row],[CAS]],Tabla1[],5,FALSE) -> 7.2 | F39: =VLOOKUP(Tabla48[[#This Row],[CAS]],Tabla1[],6,FALSE) -> 98.6 | G39: =IF(L39=1,IF(OR(J39<=1,K39<=1),"","WO"),IF(L39=0,IF(OR(J39<1,K39<1),"WI",""),"")) | H39: =ISNUMBER(SEARCH("w",Tabla48[[#This Row],[WI/WO]])) -> FALSE | I39: =L39 -> 1 | J39: =IF(L39<>"",M39/R_,"") -> 0.43212169 | K39: =IF(L39<>"",O39/$F$4,"") -> 1.3942081 | L39: 1 | M39: =IF(L39<>"",SQRT(4*(C39-dD)^2+(D39-dP)^2+(E39-dH)^2),0) -> 2.5167215 | N39: =IF(L39=1,IF(M39<R_,1,EXP(R_-M39)),IF(L39<>"",IF(M39<R_,EXP(M39-R_),1),1)) -> 1 | O39: =IF(L39<>"",SQRT(4*(C39-$C$4)^2+(D39-$D$4)^2+(E39-$E$4)^2),0) -> 7.3307834 | P39: =IF(L39=1,IF(O39<$F$4,1,EXP($F$4-O39)),IF(L39<>"",IF(O39<$F$4,EXP(O39-$F$4),1),1)) -> 0.12583843 | R39: =IF(L39="",1,IF(AND(L39=1,OR(N39=1,P39=1)),1,MIN((N39), (P39)))) -> 1 | AT39: 180 | AU39: =RADIANS(Tabla911[[#This Row],[Angle º]]) -> 3.1415927 | AV39: =$F$3*SIN(AU39)+ dD -> 15.153332 | AW39: =$F$3*COS(AU39)+ dP -> -2.0123747 | AX39: =$F$3*SIN(AU39)+ dH -> 8.7640384 | AY39: =$F$3*COS(AU39)+ dD -> 9.329228 | AZ39: =$F$4*SIN(AU39)+ $C$4 -> 17.755701 | BA39: =$F$4*COS(AU39)+ $D$4 -> 6.1654606 | BB39: =$F$4*SIN(AU39)+ $E$4 -> 8.1717074 | BC39: =$F$4*COS(AU39)+ $C$4 -> 12.497674
A40: 100-41-4 | B40: =VLOOKUP(Tabla48[[#This Row],[CAS]],Tabla1[],2,FALSE) -> Ethyl Benzene | C40: =VLOOKUP(Tabla48[[#This Row],[CAS]],Tabla1[],3,FALSE) -> 17.8 | D40: =VLOOKUP(Tabla48[[#This Row],[CAS]],Tabla1[],4,FALSE) -> 0.6 | E40: =VLOOKUP(Tabla48[[#This Row],[CAS]],Tabla1[],5,FALSE) -> 1.4 | F40: =VLOOKUP(Tabla48[[#This Row],[CAS]],Tabla1[],6,FALSE) -> 122.8 | G40: =IF(L40=1,IF(OR(J40<=1,K40<=1),"","WO"),IF(L40=0,IF(OR(J40<1,K40<1),"WI",""),"")) | H40: =ISNUMBER(SEARCH("w",Tabla48[[#This Row],[WI/WO]])) -> FALSE | I40: =L40 -> 0 | J40: =IF(L40<>"",M40/R_,"") -> 1.6519284 | K40: =IF(L40<>"",O40/$F$4,"") -> 2.4282123 | L40: 0 | M40: =IF(L40<>"",SQRT(4*(C40-dD)^2+(D40-dP)^2+(E40-dH)^2),0) -> 9.621002 | N40: =IF(L40=1,IF(M40<R_,1,EXP(R_-M40)),IF(L40<>"",IF(M40<R_,EXP(M40-R_),1),1)) -> 1 | O40: =IF(L40<>"",SQRT(4*(C40-$C$4)^2+(D40-$D$4)^2+(E40-$E$4)^2),0) -> 12.767606 | P40: =IF(L40=1,IF(O40<$F$4,1,EXP($F$4-O40)),IF(L40<>"",IF(O40<$F$4,EXP(O40-$F$4),1),1)) -> 1 | R40: =IF(L40="",1,IF(AND(L40=1,OR(N40=1,P40=1)),1,MIN((N40), (P40)))) -> 1 | AT40: 185 | AU40: =RADIANS(Tabla911[[#This Row],[Angle º]]) -> 3.2288591 | AV40: =$F$3*SIN(AU40)+ dD -> 14.645728 | AW40: =$F$3*COS(AU40)+ dP -> -1.9902122 | AX40: =$F$3*SIN(AU40)+ dH -> 8.2564343 | AY40: =$F$3*COS(AU40)+ dD -> 9.3513905 | AZ40: =$F$4*SIN(AU40)+ $C$4 -> 17.297434 | BA40: =$F$4*COS(AU40)+ $D$4 -> 6.185469 | BB40: =$F$4*SIN(AU40)+ $E$4 -> 7.7134402 | BC40: =$F$4*COS(AU40)+ $C$4 -> 12.517683
... A67: 624-48-6 | B67: =VLOOKUP(Tabla48[[#This Row],[CAS]],Tabla1[],2,FALSE) -> Dimethyl Maleate | C67: =VLOOKUP(Tabla48[[#This Row],[CAS]],Tabla1[],3,FALSE) -> 16.3 | D67: =VLOOKUP(Tabla48[[#This Row],[CAS]],Tabla1[],4,FALSE) -> 8.3 | E67: =VLOOKUP(Tabla48[[#This Row],[CAS]],Tabla1[],5,FALSE) -> 9.8 | F67: =VLOOKUP(Tabla48[[#This Row],[CAS]],Tabla1[],6,FALSE) | G67: =IF(L67=1,IF(OR(J67<=1,K67<=1),"","WO"),IF(L67=0,IF(OR(J67<1,K67<1),"WI",""),"")) -> WI | H67: =ISNUMBER(SEARCH("w",Tabla48[[#This Row],[WI/WO]])) -> TRUE | I67: =L67 -> 0 | J67: =IF(L67<>"",M67/R_,"") -> 0.88350058 | K67: =IF(L67<>"",O67/$F$4,"") -> 0.86912395 | L67: 0 | M67: =IF(L67<>"",SQRT(4*(C67-dD)^2+(D67-dP)^2+(E67-dH)^2),0) -> 5.1455989 | N67: =IF(L67=1,IF(M67<R_,1,EXP(R_-M67)),IF(L67<>"",IF(M67<R_,EXP(M67-R_),1),1)) -> 0.50737511 | O67: =IF(L67<>"",SQRT(4*(C67-$C$4)^2+(D67-$D$4)^2+(E67-$E$4)^2),0) -> 4.5698771 | P67: =IF(L67=1,IF(O67<$F$4,1,EXP($F$4-O67)),IF(L67<>"",IF(O67<$F$4,EXP(O67-$F$4),1),1)) -> 0.50250494 | R67: =IF(L67="",1,IF(AND(L67=1,OR(N67=1,P67=1)),1,MIN((N67), (P67)))) -> 0.50250494 | AT67: 320 | AU67: =RADIANS(Tabla911[[#This Row],[Angle º]]) -> 5.5850536 | AV67: =$F$3*SIN(AU67)+ dD -> 11.40967 | AW67: =$F$3*COS(AU67)+ dP -> 8.2732511 | AX67: =$F$3*SIN(AU67)+ dH -> 5.0203767 | AY67: =$F$3*COS(AU67)+ dD -> 19.614854 | AZ67: =$F$4*SIN(AU67)+ $C$4 -> 14.375907 | BA67: =$F$4*COS(AU67)+ $D$4 -> 15.45137 | BB67: =$F$4*SIN(AU67)+ $E$4 -> 4.7919129 | BC67: =$F$4*COS(AU67)+ $C$4 -> 21.783584
M68: =IF(L68<>"",SQRT(4*(C68-dD)^2+(D68-dP)^2+(E68-dH)^2),0) -> 0 | N68: =IF(L68=1,IF(M68<R_,1,EXP(R_-M68)),IF(L68<>"",IF(M68<R_,EXP(M68-R_),1),1)) -> 1 | O68: =IF(L68<>"",SQRT(4*(C68-$C$4)^2+(D68-$D$4)^2+(E68-$E$4)^2),0) -> 0 | P68: =IF(L68=1,IF(O68<$F$4,1,EXP($F$4-O68)),IF(L68<>"",IF(O68<$F$4,EXP(O68-$F$4),1),1)) -> 1 | R68: =IF(L68="",1,IF(AND(L68=1,OR(N68=1,P68=1)),1,MIN((N68), (P68)))) -> 1 | AT68: 325 | AU68: =RADIANS(Tabla911[[#This Row],[Angle º]]) -> 5.6723201 | AV68: =$F$3*SIN(AU68)+ dD -> 11.812763 | AW68: =$F$3*COS(AU68)+ dP -> 8.5825552 | AX68: =$F$3*SIN(AU68)+ dH -> 5.4234698 | AY68: =$F$3*COS(AU68)+ dD -> 19.924158 | AZ68: =$F$4*SIN(AU68)+ $C$4 -> 14.739821 | BA68: =$F$4*COS(AU68)+ $D$4 -> 15.730611 | BB68: =$F$4*SIN(AU68)+ $E$4 -> 5.1558271 | BC68: =$F$4*COS(AU68)+ $C$4 -> 22.062825
M69: =IF(L69<>"",SQRT(4*(C69-dD)^2+(D69-dP)^2+(E69-dH)^2),0) -> 0 | N69: =IF(L69=1,IF(M69<R_,1,EXP(R_-M69)),IF(L69<>"",IF(M69<R_,EXP(M69-R_),1),1)) -> 1 | O69: =IF(L69<>"",SQRT(4*(C69-$C$4)^2+(D69-$D$4)^2+(E69-$E$4)^2),0) -> 0 | P69: =IF(L69=1,IF(O69<$F$4,1,EXP($F$4-O69)),IF(L69<>"",IF(O69<$F$4,EXP(O69-$F$4),1),1)) -> 1 | R69: =IF(L69="",1,IF(AND(L69=1,OR(N69=1,P69=1)),1,MIN((N69), (P69)))) -> 1 | AT69: 330 | AU69: =RADIANS(Tabla911[[#This Row],[Angle º]]) -> 5.7595865 | AV69: =$F$3*SIN(AU69)+ dD -> 12.24128 | AW69: =$F$3*COS(AU69)+ dP -> 8.8555505 | AX69: =$F$3*SIN(AU69)+ dH -> 5.8519866 | AY69: =$F$3*COS(AU69)+ dD -> 20.197153 | AZ69: =$F$4*SIN(AU69)+ $C$4 -> 15.126688 | BA69: =$F$4*COS(AU69)+ $D$4 -> 15.977072 | BB69: =$F$4*SIN(AU69)+ $E$4 -> 5.542694 | BC69: =$F$4*COS(AU69)+ $C$4 -> 22.309286
M70: =IF(L70<>"",SQRT(4*(C70-dD)^2+(D70-dP)^2+(E70-dH)^2),0) -> 0 | N70: =IF(L70=1,IF(M70<R_,1,EXP(R_-M70)),IF(L70<>"",IF(M70<R_,EXP(M70-R_),1),1)) -> 1 | O70: =IF(L70<>"",SQRT(4*(C70-$C$4)^2+(D70-$D$4)^2+(E70-$E$4)^2),0) -> 0 | P70: =IF(L70=1,IF(O70<$F$4,1,EXP($F$4-O70)),IF(L70<>"",IF(O70<$F$4,EXP(O70-$F$4),1),1)) -> 1 | R70: =IF(L70="",1,IF(AND(L70=1,OR(N70=1,P70=1)),1,MIN((N70), (P70)))) -> 1 | AT70: 335 | AU70: =RADIANS(Tabla911[[#This Row],[Angle º]]) -> 5.846853 | AV70: =$F$3*SIN(AU70)+ dD -> 12.691959 | AW70: =$F$3*COS(AU70)+ dP -> 9.0901593 | AX70: =$F$3*SIN(AU70)+ dH -> 6.3026658 | AY70: =$F$3*COS(AU70)+ dD -> 20.431762 | AZ70: =$F$4*SIN(AU70)+ $C$4 -> 15.533563 | BA70: =$F$4*COS(AU70)+ $D$4 -> 16.188878 | BB70: =$F$4*SIN(AU70)+ $E$4 -> 5.9495692 | BC70: =$F$4*COS(AU70)+ $C$4 -> 22.521092
M71: =IF(L71<>"",SQRT(4*(C71-dD)^2+(D71-dP)^2+(E71-dH)^2),0) -> 0 | N71: =IF(L71=1,IF(M71<R_,1,EXP(R_-M71)),IF(L71<>"",IF(M71<R_,EXP(M71-R_),1),1)) -> 1 | O71: =IF(L71<>"",SQRT(4*(C71-$C$4)^2+(D71-$D$4)^2+(E71-$E$4)^2),0) -> 0 | P71: =IF(L71=1,IF(O71<$F$4,1,EXP($F$4-O71)),IF(L71<>"",IF(O71<$F$4,EXP(O71-$F$4),1),1)) -> 1 | R71: =IF(L71="",1,IF(AND(L71=1,OR(N71=1,P71=1)),1,MIN((N71), (P71)))) -> 1 | AT71: 340 | AU71: =RADIANS(Tabla911[[#This Row],[Angle º]]) -> 5.9341195 | AV71: =$F$3*SIN(AU71)+ dD -> 13.161371 | AW71: =$F$3*COS(AU71)+ dP -> 9.2845961 | AX71: =$F$3*SIN(AU71)+ dH -> 6.7720776 | AY71: =$F$3*COS(AU71)+ dD -> 20.626199 | AZ71: =$F$4*SIN(AU71)+ $C$4 -> 15.95735 | BA71: =$F$4*COS(AU71)+ $D$4 -> 16.364417 | BB71: =$F$4*SIN(AU71)+ $E$4 -> 6.3733563 | BC71: =$F$4*COS(AU71)+ $C$4 -> 22.69663
J72: =IF(L72<>"",M72/R_,"") | M72: =IF(L72<>"",SQRT(4*(C72-dD)^2+(D72-dP)^2+(E72-dH)^2),0) -> 0 | N72: =IF(L72=1,IF(M72<R_,1,EXP(R_-M72)),IF(L72<>"",IF(M72<R_,EXP(M72-R_),1),1)) -> 1 | O72: =IF(L72<>"",SQRT(4*(C72-$C$4)^2+(D72-$D$4)^2+(E72-$E$4)^2),0) -> 0 | P72: =IF(L72=1,IF(O72<$F$4,1,EXP($F$4-O72)),IF(L72<>"",IF(O72<$F$4,EXP(O72-$F$4),1),1)) -> 1 | R72: =IF(L72="",1,IF(AND(L72=1,OR(N72=1,P72=1)),1,MIN((N72), (P72)))) -> 1 | AT72: 345 | AU72: =RADIANS(Tabla911[[#This Row],[Angle º]]) -> 6.0213859 | AV72: =$F$3*SIN(AU72)+ dD -> 13.645943 | AW72: =$F$3*COS(AU72)+ dP -> 9.437381 | AX72: =$F$3*SIN(AU72)+ dH -> 7.2566494 | AY72: =$F$3*COS(AU72)+ dD -> 20.778984 | AZ72: =$F$4*SIN(AU72)+ $C$4 -> 16.394824 | BA72: =$F$4*COS(AU72)+ $D$4 -> 16.502351 | BB72: =$F$4*SIN(AU72)+ $E$4 -> 6.8108299 | BC72: =$F$4*COS(AU72)+ $C$4 -> 22.834565
J73: =IF(L73<>"",M73/R_,"") | M73: =IF(L73<>"",SQRT(4*(C73-dD)^2+(D73-dP)^2+(E73-dH)^2),0) -> 0 | N73: =IF(L73=1,IF(M73<R_,1,EXP(R_-M73)),IF(L73<>"",IF(M73<R_,EXP(M73-R_),1),1)) -> 1 | O73: =IF(L73<>"",SQRT(4*(C73-$C$4)^2+(D73-$D$4)^2+(E73-$E$4)^2),0) -> 0 | P73: =IF(L73=1,IF(O73<$F$4,1,EXP($F$4-O73)),IF(L73<>"",IF(O73<$F$4,EXP(O73-$F$4),1),1)) -> 1 | R73: =IF(L73="",1,IF(AND(L73=1,OR(N73=1,P73=1)),1,MIN((N73), (P73)))) -> 1 | AT73: 350 | AU73: =RADIANS(Tabla911[[#This Row],[Angle º]]) -> 6.1086524 | AV73: =$F$3*SIN(AU73)+ dD -> 14.141987 | AW73: =$F$3*COS(AU73)+ dP -> 9.5473513 | AX73: =$F$3*SIN(AU73)+ dH -> 7.7526934 | AY73: =$F$3*COS(AU73)+ dD -> 20.888954 | AZ73: =$F$4*SIN(AU73)+ $C$4 -> 16.842655 | BA73: =$F$4*COS(AU73)+ $D$4 -> 16.601633 | BB73: =$F$4*SIN(AU73)+ $E$4 -> 7.2586606 | BC73: =$F$4*COS(AU73)+ $C$4 -> 22.933847
J74: =IF(L74<>"",M74/R_,"") | M74: =IF(L74<>"",SQRT(4*(C74-dD)^2+(D74-dP)^2+(E74-dH)^2),0) -> 0 | N74: =IF(L74=1,IF(M74<R_,1,EXP(R_-M74)),IF(L74<>"",IF(M74<R_,EXP(M74-R_),1),1)) -> 1 | O74: =IF(L74<>"",SQRT(4*(C74-$C$4)^2+(D74-$D$4)^2+(E74-$E$4)^2),0) -> 0 | P74: =IF(L74=1,IF(O74<$F$4,1,EXP($F$4-O74)),IF(L74<>"",IF(O74<$F$4,EXP(O74-$F$4),1),1)) -> 1 | R74: =IF(L74="",1,IF(AND(L74=1,OR(N74=1,P74=1)),1,MIN((N74), (P74)))) -> 1 | AT74: 355 | AU74: =RADIANS(Tabla911[[#This Row],[Angle º]]) -> 6.1959188 | AV74: =$F$3*SIN(AU74)+ dD -> 14.645728 | AW74: =$F$3*COS(AU74)+ dP -> 9.61367 | AX74: =$F$3*SIN(AU74)+ dH -> 8.2564343 | AY74: =$F$3*COS(AU74)+ dD -> 20.955273 | AZ74: =$F$4*SIN(AU74)+ $C$4 -> 17.297434 | BA74: =$F$4*COS(AU74)+ $D$4 -> 16.661506 | BB74: =$F$4*SIN(AU74)+ $E$4 -> 7.7134402 | BC74: =$F$4*COS(AU74)+ $C$4 -> 22.99372
J75: =IF(L75<>"",M75/R_,"") | M75: =IF(L75<>"",SQRT(4*(C75-dD)^2+(D75-dP)^2+(E75-dH)^2),0) -> 0 | N75: =IF(L75=1,IF(M75<R_,1,EXP(R_-M75)),IF(L75<>"",IF(M75<R_,EXP(M75-R_),1),1)) -> 1 | O75: =IF(L75<>"",SQRT(4*(C75-$C$4)^2+(D75-$D$4)^2+(E75-$E$4)^2),0) -> 0 | P75: =IF(L75=1,IF(O75<$F$4,1,EXP($F$4-O75)),IF(L75<>"",IF(O75<$F$4,EXP(O75-$F$4),1),1)) -> 1 | R75: =IF(L75="",1,IF(AND(L75=1,OR(N75=1,P75=1)),1,MIN((N75), (P75)))) -> 1 | AT75: 360 | AU75: =RADIANS(Tabla911[[#This Row],[Angle º]]) -> 6.2831853 | AV75: =$F$3*SIN(AU75)+ dD -> 15.153332 | AW75: =$F$3*COS(AU75)+ dP -> 9.6358325 | AX75: =$F$3*SIN(AU75)+ dH -> 8.7640384 | AY75: =$F$3*COS(AU75)+ dD -> 20.977435 | AZ75: =$F$4*SIN(AU75)+ $C$4 -> 17.755701 | BA75: =$F$4*COS(AU75)+ $D$4 -> 16.681514 | BB75: =$F$4*SIN(AU75)+ $E$4 -> 8.1717074 | BC75: =$F$4*COS(AU75)+ $C$4 -> 23.013728
M76: =IF(L76<>"",SQRT(4*(C76-dD)^2+(D76-dP)^2+(E76-dH)^2),0) -> 0 | N76: =IF(L76=1,IF(M76<R_,1,EXP(R_-M76)),IF(L76<>"",IF(M76<R_,EXP(M76-R_),1),1)) -> 1 | O76: =IF(L76<>"",SQRT(4*(C76-$C$4)^2+(D76-$D$4)^2+(E76-$E$4)^2),0) -> 0 | P76: =IF(L76=1,IF(O76<$F$4,1,EXP($F$4-O76)),IF(L76<>"",IF(O76<$F$4,EXP(O76-$F$4),1),1)) -> 1 | R76: =IF(L76="",1,IF(AND(L76=1,OR(N76=1,P76=1)),1,MIN((N76), (P76)))) -> 1
M77: =IF(L77<>"",SQRT(4*(C77-dD)^2+(D77-dP)^2+(E77-dH)^2),0) -> 0 | N77: =IF(L77=1,IF(M77<R_,1,EXP(R_-M77)),IF(L77<>"",IF(M77<R_,EXP(M77-R_),1),1)) -> 1 | O77: =IF(L77<>"",SQRT(4*(C77-$C$4)^2+(D77-$D$4)^2+(E77-$E$4)^2),0) -> 0 | P77: =IF(L77=1,IF(O77<$F$4,1,EXP($F$4-O77)),IF(L77<>"",IF(O77<$F$4,EXP(O77-$F$4),1),1)) -> 1 | R77: =IF(L77="",1,IF(AND(L77=1,OR(N77=1,P77=1)),1,MIN((N77), (P77)))) -> 1
M78: =IF(L78<>"",SQRT(4*(C78-dD)^2+(D78-dP)^2+(E78-dH)^2),0) -> 0 | N78: =IF(L78=1,IF(M78<R_,1,EXP(R_-M78)),IF(L78<>"",IF(M78<R_,EXP(M78-R_),1),1)) -> 1 | O78: =IF(L78<>"",SQRT(4*(C78-$C$4)^2+(D78-$D$4)^2+(E78-$E$4)^2),0) -> 0 | P78: =IF(L78=1,IF(O78<$F$4,1,EXP($F$4-O78)),IF(L78<>"",IF(O78<$F$4,EXP(O78-$F$4),1),1)) -> 1 | R78: =IF(L78="",1,IF(AND(L78=1,OR(N78=1,P78=1)),1,MIN((N78), (P78)))) -> 1
M79: =IF(L79<>"",SQRT(4*(C79-dD)^2+(D79-dP)^2+(E79-dH)^2),0) -> 0 | N79: =IF(L79=1,IF(M79<R_,1,EXP(R_-M79)),IF(L79<>"",IF(M79<R_,EXP(M79-R_),1),1)) -> 1 | O79: =IF(L79<>"",SQRT(4*(C79-$C$4)^2+(D79-$D$4)^2+(E79-$E$4)^2),0) -> 0 | P79: =IF(L79=1,IF(O79<$F$4,1,EXP($F$4-O79)),IF(L79<>"",IF(O79<$F$4,EXP(O79-$F$4),1),1)) -> 1 | R79: =IF(L79="",1,IF(AND(L79=1,OR(N79=1,P79=1)),1,MIN((N79), (P79)))) -> 1
M80: =IF(L80<>"",SQRT(4*(C80-dD)^2+(D80-dP)^2+(E80-dH)^2),0) -> 0 | N80: =IF(L80=1,IF(M80<R_,1,EXP(R_-M80)),IF(L80<>"",IF(M80<R_,EXP(M80-R_),1),1)) -> 1 | O80: =IF(L80<>"",SQRT(4*(C80-$C$4)^2+(D80-$D$4)^2+(E80-$E$4)^2),0) -> 0 | P80: =IF(L80=1,IF(O80<$F$4,1,EXP($F$4-O80)),IF(L80<>"",IF(O80<$F$4,EXP(O80-$F$4),1),1)) -> 1 | R80: =IF(L80="",1,IF(AND(L80=1,OR(N80=1,P80=1)),1,MIN((N80), (P80)))) -> 1
M81: =IF(L81<>"",SQRT(4*(C81-dD)^2+(D81-dP)^2+(E81-dH)^2),0) -> 0 | N81: =IF(L81=1,IF(M81<R_,1,EXP(R_-M81)),IF(L81<>"",IF(M81<R_,EXP(M81-R_),1),1)) -> 1 | O81: =IF(L81<>"",SQRT(4*(C81-$C$4)^2+(D81-$D$4)^2+(E81-$E$4)^2),0) -> 0 | P81: =IF(L81=1,IF(O81<$F$4,1,EXP($F$4-O81)),IF(L81<>"",IF(O81<$F$4,EXP(O81-$F$4),1),1)) -> 1 | R81: =IF(L81="",1,IF(AND(L81=1,OR(N81=1,P81=1)),1,MIN((N81), (P81)))) -> 1
M82: =IF(L82<>"",SQRT(4*(C82-dD)^2+(D82-dP)^2+(E82-dH)^2),0) -> 0 | N82: =IF(L82=1,IF(M82<R_,1,EXP(R_-M82)),IF(L82<>"",IF(M82<R_,EXP(M82-R_),1),1)) -> 1 | O82: =IF(L82<>"",SQRT(4*(C82-$C$4)^2+(D82-$D$4)^2+(E82-$E$4)^2),0) -> 0 | P82: =IF(L82=1,IF(O82<$F$4,1,EXP($F$4-O82)),IF(L82<>"",IF(O82<$F$4,EXP(O82-$F$4),1),1)) -> 1 | R82: =IF(L82="",1,IF(AND(L82=1,OR(N82=1,P82=1)),1,MIN((N82), (P82)))) -> 1
M83: =IF(L83<>"",SQRT(4*(C83-dD)^2+(D83-dP)^2+(E83-dH)^2),0) -> 0 | N83: =IF(L83=1,IF(M83<R_,1,EXP(R_-M83)),IF(L83<>"",IF(M83<R_,EXP(M83-R_),1),1)) -> 1 | O83: =IF(L83<>"",SQRT(4*(C83-$C$4)^2+(D83-$D$4)^2+(E83-$E$4)^2),0) -> 0 | P83: =IF(L83=1,IF(O83<$F$4,1,EXP($F$4-O83)),IF(L83<>"",IF(O83<$F$4,EXP(O83-$F$4),1),1)) -> 1 | R83: =IF(L83="",1,IF(AND(L83=1,OR(N83=1,P83=1)),1,MIN((N83), (P83)))) -> 1
M84: =IF(L84<>"",SQRT(4*(C84-dD)^2+(D84-dP)^2+(E84-dH)^2),0) -> 0 | N84: =IF(L84=1,IF(M84<R_,1,EXP(R_-M84)),IF(L84<>"",IF(M84<R_,EXP(M84-R_),1),1)) -> 1 | O84: =IF(L84<>"",SQRT(4*(C84-$C$4)^2+(D84-$D$4)^2+(E84-$E$4)^2),0) -> 0 | P84: =IF(L84=1,IF(O84<$F$4,1,EXP($F$4-O84)),IF(L84<>"",IF(O84<$F$4,EXP(O84-$F$4),1),1)) -> 1 | R84: =IF(L84="",1,IF(AND(L84=1,OR(N84=1,P84=1)),1,MIN((N84), (P84)))) -> 1
M85: =IF(L85<>"",SQRT(4*(C85-dD)^2+(D85-dP)^2+(E85-dH)^2),0) -> 0 | N85: =IF(L85=1,IF(M85<R_,1,EXP(R_-M85)),IF(L85<>"",IF(M85<R_,EXP(M85-R_),1),1)) -> 1 | O85: =IF(L85<>"",SQRT(4*(C85-$C$4)^2+(D85-$D$4)^2+(E85-$E$4)^2),0) -> 0 | P85: =IF(L85=1,IF(O85<$F$4,1,EXP($F$4-O85)),IF(L85<>"",IF(O85<$F$4,EXP(O85-$F$4),1),1)) -> 1 | R85: =IF(L85="",1,IF(AND(L85=1,OR(N85=1,P85=1)),1,MIN((N85), (P85)))) -> 1
M86: =IF(L86<>"",SQRT(4*(C86-dD)^2+(D86-dP)^2+(E86-dH)^2),0) -> 0 | N86: =IF(L86=1,IF(M86<R_,1,EXP(R_-M86)),IF(L86<>"",IF(M86<R_,EXP(M86-R_),1),1)) -> 1 | O86: =IF(L86<>"",SQRT(4*(C86-$C$4)^2+(D86-$D$4)^2+(E86-$E$4)^2),0) -> 0 | P86: =IF(L86=1,IF(O86<$F$4,1,EXP($F$4-O86)),IF(L86<>"",IF(O86<$F$4,EXP(O86-$F$4),1),1)) -> 1 | R86: =IF(L86="",1,IF(AND(L86=1,OR(N86=1,P86=1)),1,MIN((N86), (P86)))) -> 1
M87: =IF(L87<>"",SQRT(4*(C87-dD)^2+(D87-dP)^2+(E87-dH)^2),0) -> 0 | N87: =IF(L87=1,IF(M87<R_,1,EXP(R_-M87)),IF(L87<>"",IF(M87<R_,EXP(M87-R_),1),1)) -> 1 | O87: =IF(L87<>"",SQRT(4*(C87-$C$4)^2+(D87-$D$4)^2+(E87-$E$4)^2),0) -> 0 | P87: =IF(L87=1,IF(O87<$F$4,1,EXP($F$4-O87)),IF(L87<>"",IF(O87<$F$4,EXP(O87-$F$4),1),1)) -> 1 | R87: =IF(L87="",1,IF(AND(L87=1,OR(N87=1,P87=1)),1,MIN((N87), (P87)))) -> 1
... M104: =IF(L104<>"",SQRT(4*(C104-dD)^2+(D104-dP)^2+(E104-dH)^2),0) -> 0 | N104: =IF(L104=1,IF(M104<R_,1,EXP(R_-M104)),IF(L104<>"",IF(M104<R_,EXP(M104-R_),1),1)) -> 1 | O104: =IF(L104<>"",SQRT(4*(C104-$C$4)^2+(D104-$D$4)^2+(E104-$E$4)^2),0) -> 0 | P104: =IF(L104=1,IF(O104<$F$4,1,EXP($F$4-O104)),IF(L104<>"",IF(O104<$F$4,EXP(O104-$F$4),1),1)) -> 1 | R104: =IF(L104="",1,IF(AND(L104=1,OR(N104=1,P104=1)),1,MIN((N104), (P104)))) -> 1
N105: =PRODUCT(N19:N104)^(1/E6) -> 0.43091283 | P105: =PRODUCT(P19:P104)^(1/E6) -> 0.55311181 | R105: =PRODUCT(R19:R104)^(1/E6) -> 0.89845722

Sheet HSP Solvent Blends and Chi
D1: HSP Solvent Blends | R1: 2 Components Blend Distance Calculator | CL1: REFERENCE | CP1: =_xlfn.XLOOKUP(1,Tabla8[Selec. Solvent],Tabla8[Solvents]) -> Vinyl Butyl Sulfide | CT1: =_xlfn.XLOOKUP(2,Tabla8[Selec. Solvent],Tabla8[Solvents]) -> Vinyl Chloride | CX1: =_xlfn.XLOOKUP(3,Tabla8[Selec. Solvent],Tabla8[Solvents]) -> Vinyl Ether | DB1: =_xlfn.XLOOKUP(4,Tabla8[Selec. Solvent],Tabla8[Solvents]) -> Vinyl Ethyl Carbitol
C2: dD | D2: dP | E2: dH | F2: R | S2: Solvent | T2: dD | U2: dP | V2: dH | W2: Distance | X2: RED | AC2: Total dD | AD2: Total dP | AE2: Total dH | CJ2: Angle º | CK2: Rad | CL2: dD (y) | CM2: dP (x) | CN2: dH (y) | CO2: dD (x) | CP2: dD (y)2 | CQ2: dP (x)3 | CR2: dH (y)4 | CS2: dD (x)5 | CT2: dD (y)22 | CU2: dP (x)33 | CV2: dH (y)44 | CW2: dD (x)55 | CX2: dD (y)222 | CY2: dP (x)333 | CZ2: dH (y)444 | DA2: dD (x)555 | DB2: dD (y)2222 | DC2: dP (x)3333 | DD2: dH (y)4444 | DE2: dD (x)5555
B3: Target | C3: 15.4 | D3: 5.4 | E3: 8 | R3: S1 | S3: {=_xlfn._xlws.FILTER(Tabla8[[Solvents]:[dH]], Tabla8[Selec. Solvent]=1, "Input value 1 in Selec. Solvent")} -> Vinyl Butyl Sulfide | T3: 16 | U3: 5 | V3: 5.4 | W3: =SQRT(4*(T3-dD)^2+(U3-dP)^2+(V3-dH)^2) -> 2.8913665 | X3: =IFERROR(W3/R_, "No Data in R") -> No Data in R | AC3: =SUM(Tabla8[Partial dD]) -> 15.304 | AD3: =SUM(Tabla8[Partial dP]) -> 4.412 | AE3: =SUM(Tabla8[Partial dH]) -> 4.749 | CJ3: 0 | CK3: =RADIANS(Tabla3[[#This Row],[Angle º]]) -> 0 | CL3: =$F$3*SIN(CK3)+ dD -> 15.4 | CM3: =$F$3*COS(CK3)+ dP -> 5.4 | CN3: =$F$3*SIN(CK3)+ dH -> 8 | CO3: =$F$3*COS(CK3)+ dD -> 15.4 | CP3: =(_xlfn.XLOOKUP(1,Tabla8[Selec. Solvent],Tabla8[Radius]))*SIN(CK3)+ _xlfn.XLOOKUP(1,Tabla8[Selec. Solvent],Tabla8[dD]) -> 16 | CQ3: =_xlfn.XLOOKUP(1,Tabla8[Selec. Solvent],Tabla8[Radius])*COS(CK3)+ _xlfn.XLOOKUP(1,Tabla8[Selec. Solvent],Tabla8[dP]) -> 5 | CR3: =_xlfn.XLOOKUP(1,Tabla8[Selec. Solvent],Tabla8[Radius])*SIN(CK3)+ _xlfn.XLOOKUP(1,Tabla8[Selec. Solvent],Tabla8[dH]) -> 5.4 | CS3: =_xlfn.XLOOKUP(1,Tabla8[Selec. Solvent],Tabla8[Radius])*COS(CK3)+ _xlfn.XLOOKUP(1,Tabla8[Selec. Solvent],Tabla8[dD]) -> 16 | CT3: =(_xlfn.XLOOKUP(2,Tabla8[Selec. Solvent],Tabla8[Radius]))*SIN(CK3)+ _xlfn.XLOOKUP(2,Tabla8[Selec. Solvent],Tabla8[dD]) -> 16 | CU3: =_xlfn.XLOOKUP(2,Tabla8[Selec. Solvent],Tabla8[Radius])*COS(CK3)+ _xlfn.XLOOKUP(2,Tabla8[Selec. Solvent],Tabla8[dP]) -> 6.5 | CV3: =_xlfn.XLOOKUP(2,Tabla8[Selec. Solvent],Tabla8[Radius])*SIN(CK3)+ _xlfn.XLOOKUP(2,Tabla8[Selec. Solvent],Tabla8[dH]) -> 2.4 | CW3: =_xlfn.XLOOKUP(2,Tabla8[Selec. Solvent],Tabla8[Radius])*COS(CK3)+ _xlfn.XLOOKUP(2,Tabla8[Selec. Solvent],Tabla8[dD]) -> 16 | CX3: =(_xlfn.XLOOKUP(3,Tabla8[Selec. Solvent],Tabla8[Radius]))*SIN(CK3)+ _xlfn.XLOOKUP(3,Tabla8[Selec. Solvent],Tabla8[dD]) -> 14.8 | CY3: =_xlfn.XLOOKUP(3,Tabla8[Selec. Solvent],Tabla8[Radius])*COS(CK3)+ _xlfn.XLOOKUP(3,Tabla8[Selec. Solvent],Tabla8[dP]) -> 4.2 | CZ3: =_xlfn.XLOOKUP(3,Tabla8[Selec. Solvent],Tabla8[Radius])*SIN(CK3)+ _xlfn.XLOOKUP(3,Tabla8[Selec. Solvent],Tabla8[dH]) -> 5.8 | DA3: =_xlfn.XLOOKUP(,Tabla8[Selec. Solvent],Tabla8[Radius])*COS(CK3)+ _xlfn.XLOOKUP(3,Tabla8[Selec. Solvent],Tabla8[dD]) -> 14.8 | DB3: =(_xlfn.XLOOKUP(4,Tabla8[Selec. Solvent],Tabla8[Radius]))*SIN(CK3)+ _xlfn.XLOOKUP(4,Tabla8[Selec. Solvent],Tabla8[dD]) -> 15.9 | DC3: =_xlfn.XLOOKUP(4,Tabla8[Selec. Solvent],Tabla8[Radius])*COS(CK3)+ _xlfn.XLOOKUP(4,Tabla8[Selec. Solvent],Tabla8[dP]) -> 6 | DD3: =_xlfn.XLOOKUP(4,Tabla8[Selec. Solvent],Tabla8[Radius])*SIN(CK3)+ _xlfn.XLOOKUP(4,Tabla8[Selec. Solvent],Tabla8[dH]) -> 6.6 | DE3: =_xlfn.XLOOKUP(4,Tabla8[Selec. Solvent],Tabla8[Radius])*COS(CK3)+ _xlfn.XLOOKUP(4,Tabla8[Selec. Solvent],Tabla8[dD]) -> 15.9
B4: Blend | C4: =AC3 -> 15.304 | D4: =AD3 -> 4.412 | E4: =AE3 -> 4.749 | F4: Distance | G4: =SQRT(4*(C4-dD)^2+(D4-dP)^2+(E4-dH)^2) -> 3.4032351 | R4: S2 | S4: {=_xlfn._xlws.FILTER(Tabla8[[Solvents]:[dH]], Tabla8[Selec. Solvent]=2, "Input value 2 in Selec. Solvent")} -> Vinyl Chloride | T4: 16 | U4: 6.5 | V4: 2.4 | W4: =SQRT(4*(T4-dD)^2+(U4-dP)^2+(V4-dH)^2) -> 5.8318093 | X4: =IFERROR(W4/R_, "No Data in R") -> No Data in R | CJ4: 5 | CK4: =RADIANS(Tabla3[[#This Row],[Angle º]]) -> 0.087266463 | CL4: =$F$3*SIN(CK4)+ dD -> 15.4 | CM4: =$F$3*COS(CK4)+ dP -> 5.4 | CN4: =$F$3*SIN(CK4)+ dH -> 8 | CO4: =$F$3*COS(CK4)+ dD -> 15.4 | CP4: =(_xlfn.XLOOKUP(1,Tabla8[Selec. Solvent],Tabla8[Radius]))*SIN(CK4)+ _xlfn.XLOOKUP(1,Tabla8[Selec. Solvent],Tabla8[dD]) -> 16 | CQ4: =_xlfn.XLOOKUP(1,Tabla8[Selec. Solvent],Tabla8[Radius])*COS(CK4)+ _xlfn.XLOOKUP(1,Tabla8[Selec. Solvent],Tabla8[dP]) -> 5 | CR4: =_xlfn.XLOOKUP(1,Tabla8[Selec. Solvent],Tabla8[Radius])*SIN(CK4)+ _xlfn.XLOOKUP(1,Tabla8[Selec. Solvent],Tabla8[dH]) -> 5.4 | CS4: =_xlfn.XLOOKUP(1,Tabla8[Selec. Solvent],Tabla8[Radius])*COS(CK4)+ _xlfn.XLOOKUP(1,Tabla8[Selec. Solvent],Tabla8[dD]) -> 16 | CT4: =(_xlfn.XLOOKUP(2,Tabla8[Selec. Solvent],Tabla8[Radius]))*SIN(CK4)+ _xlfn.XLOOKUP(2,Tabla8[Selec. Solvent],Tabla8[dD]) -> 16 | CU4: =_xlfn.XLOOKUP(2,Tabla8[Selec. Solvent],Tabla8[Radius])*COS(CK4)+ _xlfn.XLOOKUP(2,Tabla8[Selec. Solvent],Tabla8[dP]) -> 6.5 | CV4: =_xlfn.XLOOKUP(2,Tabla8[Selec. Solvent],Tabla8[Radius])*SIN(CK4)+ _xlfn.XLOOKUP(2,Tabla8[Selec. Solvent],Tabla8[dH]) -> 2.4 | CW4: =_xlfn.XLOOKUP(2,Tabla8[Selec. Solvent],Tabla8[Radius])*COS(CK4)+ _xlfn.XLOOKUP(2,Tabla8[Selec. Solvent],Tabla8[dD]) -> 16 | CX4: =(_xlfn.XLOOKUP(3,Tabla8[Selec. Solvent],Tabla8[Radius]))*SIN(CK4)+ _xlfn.XLOOKUP(3,Tabla8[Selec. Solvent],Tabla8[dD]) -> 14.8 | CY4: =_xlfn.XLOOKUP(3,Tabla8[Selec. Solvent],Tabla8[Radius])*COS(CK4)+ _xlfn.XLOOKUP(3,Tabla8[Selec. Solvent],Tabla8[dP]) -> 4.2 | CZ4: =_xlfn.XLOOKUP(3,Tabla8[Selec. Solvent],Tabla8[Radius])*SIN(CK4)+ _xlfn.XLOOKUP(3,Tabla8[Selec. Solvent],Tabla8[dH]) -> 5.8 | DA4: =_xlfn.XLOOKUP(,Tabla8[Selec. Solvent],Tabla8[Radius])*COS(CK4)+ _xlfn.XLOOKUP(3,Tabla8[Selec. Solvent],Tabla8[dD]) -> 14.8 | DB4: =(_xlfn.XLOOKUP(4,Tabla8[Selec. Solvent],Tabla8[Radius]))*SIN(CK4)+ _xlfn.XLOOKUP(4,Tabla8[Selec. Solvent],Tabla8[dD]) -> 15.9 | DC4: =_xlfn.XLOOKUP(4,Tabla8[Selec. Solvent],Tabla8[Radius])*COS(CK4)+ _xlfn.XLOOKUP(4,Tabla8[Selec. Solvent],Tabla8[dP]) -> 6 | DD4: =_xlfn.XLOOKUP(4,Tabla8[Selec. Solvent],Tabla8[Radius])*SIN(CK4)+ _xlfn.XLOOKUP(4,Tabla8[Selec. Solvent],Tabla8[dH]) -> 6.6 | DE4: =_xlfn.XLOOKUP(4,Tabla8[Selec. Solvent],Tabla8[Radius])*COS(CK4)+ _xlfn.XLOOKUP(4,Tabla8[Selec. Solvent],Tabla8[dD]) -> 15.9
B5: Delta | C5: =dD-C4 -> 0.096 | D5: =dP-D4 -> 0.988 | E5: =dH-E4 -> 3.251 | F5: RED | G5: =IFERROR(G4/R_, "No Data in R") -> No Data in R | CJ5: 10 | CK5: =RADIANS(Tabla3[[#This Row],[Angle º]]) -> 0.17453293 | CL5: =$F$3*SIN(CK5)+ dD -> 15.4 | CM5: =$F$3*COS(CK5)+ dP -> 5.4 | CN5: =$F$3*SIN(CK5)+ dH -> 8 | CO5: =$F$3*COS(CK5)+ dD -> 15.4 | CP5: =(_xlfn.XLOOKUP(1,Tabla8[Selec. Solvent],Tabla8[Radius]))*SIN(CK5)+ _xlfn.XLOOKUP(1,Tabla8[Selec. Solvent],Tabla8[dD]) -> 16 | CQ5: =_xlfn.XLOOKUP(1,Tabla8[Selec. Solvent],Tabla8[Radius])*COS(CK5)+ _xlfn.XLOOKUP(1,Tabla8[Selec. Solvent],Tabla8[dP]) -> 5 | CR5: =_xlfn.XLOOKUP(1,Tabla8[Selec. Solvent],Tabla8[Radius])*SIN(CK5)+ _xlfn.XLOOKUP(1,Tabla8[Selec. Solvent],Tabla8[dH]) -> 5.4 | CS5: =_xlfn.XLOOKUP(1,Tabla8[Selec. Solvent],Tabla8[Radius])*COS(CK5)+ _xlfn.XLOOKUP(1,Tabla8[Selec. Solvent],Tabla8[dD]) -> 16 | CT5: =(_xlfn.XLOOKUP(2,Tabla8[Selec. Solvent],Tabla8[Radius]))*SIN(CK5)+ _xlfn.XLOOKUP(2,Tabla8[Selec. Solvent],Tabla8[dD]) -> 16 | CU5: =_xlfn.XLOOKUP(2,Tabla8[Selec. Solvent],Tabla8[Radius])*COS(CK5)+ _xlfn.XLOOKUP(2,Tabla8[Selec. Solvent],Tabla8[dP]) -> 6.5 | CV5: =_xlfn.XLOOKUP(2,Tabla8[Selec. Solvent],Tabla8[Radius])*SIN(CK5)+ _xlfn.XLOOKUP(2,Tabla8[Selec. Solvent],Tabla8[dH]) -> 2.4 | CW5: =_xlfn.XLOOKUP(2,Tabla8[Selec. Solvent],Tabla8[Radius])*COS(CK5)+ _xlfn.XLOOKUP(2,Tabla8[Selec. Solvent],Tabla8[dD]) -> 16 | CX5: =(_xlfn.XLOOKUP(3,Tabla8[Selec. Solvent],Tabla8[Radius]))*SIN(CK5)+ _xlfn.XLOOKUP(3,Tabla8[Selec. Solvent],Tabla8[dD]) -> 14.8 | CY5: =_xlfn.XLOOKUP(3,Tabla8[Selec. Solvent],Tabla8[Radius])*COS(CK5)+ _xlfn.XLOOKUP(3,Tabla8[Selec. Solvent],Tabla8[dP]) -> 4.2 | CZ5: =_xlfn.XLOOKUP(3,Tabla8[Selec. Solvent],Tabla8[Radius])*SIN(CK5)+ _xlfn.XLOOKUP(3,Tabla8[Selec. Solvent],Tabla8[dH]) -> 5.8 | DA5: =_xlfn.XLOOKUP(,Tabla8[Selec. Solvent],Tabla8[Radius])*COS(CK5)+ _xlfn.XLOOKUP(3,Tabla8[Selec. Solvent],Tabla8[dD]) -> 14.8 | DB5: =(_xlfn.XLOOKUP(4,Tabla8[Selec. Solvent],Tabla8[Radius]))*SIN(CK5)+ _xlfn.XLOOKUP(4,Tabla8[Selec. Solvent],Tabla8[dD]) -> 15.9 | DC5: =_xlfn.XLOOKUP(4,Tabla8[Selec. Solvent],Tabla8[Radius])*COS(CK5)+ _xlfn.XLOOKUP(4,Tabla8[Selec. Solvent],Tabla8[dP]) -> 6 | DD5: =_xlfn.XLOOKUP(4,Tabla8[Selec. Solvent],Tabla8[Radius])*SIN(CK5)+ _xlfn.XLOOKUP(4,Tabla8[Selec. Solvent],Tabla8[dH]) -> 6.6 | DE5: =_xlfn.XLOOKUP(4,Tabla8[Selec. Solvent],Tabla8[Radius])*COS(CK5)+ _xlfn.XLOOKUP(4,Tabla8[Selec. Solvent],Tabla8[dD]) -> 15.9
R6: S1 (%) | S6: S2 (%) | T6: dD | U6: dP | V6: dH | W6: Distance | X6: RED | CJ6: 15 | CK6: =RADIANS(Tabla3[[#This Row],[Angle º]]) -> 0.26179939 | CL6: =$F$3*SIN(CK6)+ dD -> 15.4 | CM6: =$F$3*COS(CK6)+ dP -> 5.4 | CN6: =$F$3*SIN(CK6)+ dH -> 8 | CO6: =$F$3*COS(CK6)+ dD -> 15.4 | CP6: =(_xlfn.XLOOKUP(1,Tabla8[Selec. Solvent],Tabla8[Radius]))*SIN(CK6)+ _xlfn.XLOOKUP(1,Tabla8[Selec. Solvent],Tabla8[dD]) -> 16 | CQ6: =_xlfn.XLOOKUP(1,Tabla8[Selec. Solvent],Tabla8[Radius])*COS(CK6)+ _xlfn.XLOOKUP(1,Tabla8[Selec. Solvent],Tabla8[dP]) -> 5 | CR6: =_xlfn.XLOOKUP(1,Tabla8[Selec. Solvent],Tabla8[Radius])*SIN(CK6)+ _xlfn.XLOOKUP(1,Tabla8[Selec. Solvent],Tabla8[dH]) -> 5.4 | CS6: =_xlfn.XLOOKUP(1,Tabla8[Selec. Solvent],Tabla8[Radius])*COS(CK6)+ _xlfn.XLOOKUP(1,Tabla8[Selec. Solvent],Tabla8[dD]) -> 16 | CT6: =(_xlfn.XLOOKUP(2,Tabla8[Selec. Solvent],Tabla8[Radius]))*SIN(CK6)+ _xlfn.XLOOKUP(2,Tabla8[Selec. Solvent],Tabla8[dD]) -> 16 | CU6: =_xlfn.XLOOKUP(2,Tabla8[Selec. Solvent],Tabla8[Radius])*COS(CK6)+ _xlfn.XLOOKUP(2,Tabla8[Selec. Solvent],Tabla8[dP]) -> 6.5 | CV6: =_xlfn.XLOOKUP(2,Tabla8[Selec. Solvent],Tabla8[Radius])*SIN(CK6)+ _xlfn.XLOOKUP(2,Tabla8[Selec. Solvent],Tabla8[dH]) -> 2.4 | CW6: =_xlfn.XLOOKUP(2,Tabla8[Selec. Solvent],Tabla8[Radius])*COS(CK6)+ _xlfn.XLOOKUP(2,Tabla8[Selec. Solvent],Tabla8[dD]) -> 16 | CX6: =(_xlfn.XLOOKUP(3,Tabla8[Selec. Solvent],Tabla8[Radius]))*SIN(CK6)+ _xlfn.XLOOKUP(3,Tabla8[Selec. Solvent],Tabla8[dD]) -> 14.8 | CY6: =_xlfn.XLOOKUP(3,Tabla8[Selec. Solvent],Tabla8[Radius])*COS(CK6)+ _xlfn.XLOOKUP(3,Tabla8[Selec. Solvent],Tabla8[dP]) -> 4.2 | CZ6: =_xlfn.XLOOKUP(3,Tabla8[Selec. Solvent],Tabla8[Radius])*SIN(CK6)+ _xlfn.XLOOKUP(3,Tabla8[Selec. Solvent],Tabla8[dH]) -> 5.8 | DA6: =_xlfn.XLOOKUP(,Tabla8[Selec. Solvent],Tabla8[Radius])*COS(CK6)+ _xlfn.XLOOKUP(3,Tabla8[Selec. Solvent],Tabla8[dD]) -> 14.8 | DB6: =(_xlfn.XLOOKUP(4,Tabla8[Selec. Solvent],Tabla8[Radius]))*SIN(CK6)+ _xlfn.XLOOKUP(4,Tabla8[Selec. Solvent],Tabla8[dD]) -> 15.9 | DC6: =_xlfn.XLOOKUP(4,Tabla8[Selec. Solvent],Tabla8[Radius])*COS(CK6)+ _xlfn.XLOOKUP(4,Tabla8[Selec. Solvent],Tabla8[dP]) -> 6 | DD6: =_xlfn.XLOOKUP(4,Tabla8[Selec. Solvent],Tabla8[Radius])*SIN(CK6)+ _xlfn.XLOOKUP(4,Tabla8[Selec. Solvent],Tabla8[dH]) -> 6.6 | DE6: =_xlfn.XLOOKUP(4,Tabla8[Selec. Solvent],Tabla8[Radius])*COS(CK6)+ _xlfn.XLOOKUP(4,Tabla8[Selec. Solvent],Tabla8[dD]) -> 15.9
H7: Total (%) | R7: 100 | S7: =100-R7 -> 0 | T7: =($R7*T$3+$S7*T$4)/100 -> 16 | U7: =($R7*U$3+$S7*U$4)/100 -> 5 | V7: =($R7*V$3+$S7*V$4)/100 -> 5.4 | W7: =SQRT(4*(T7-dD)^2+(U7-dP)^2+(V7-dH)^2) -> 2.8913665 | X7: =IFERROR(W7/R_, "No data in R") -> No data in R | CJ7: 20 | CK7: =RADIANS(Tabla3[[#This Row],[Angle º]]) -> 0.34906585 | CL7: =$F$3*SIN(CK7)+ dD -> 15.4 | CM7: =$F$3*COS(CK7)+ dP -> 5.4 | CN7: =$F$3*SIN(CK7)+ dH -> 8 | CO7: =$F$3*COS(CK7)+ dD -> 15.4 | CP7: =(_xlfn.XLOOKUP(1,Tabla8[Selec. Solvent],Tabla8[Radius]))*SIN(CK7)+ _xlfn.XLOOKUP(1,Tabla8[Selec. Solvent],Tabla8[dD]) -> 16 | CQ7: =_xlfn.XLOOKUP(1,Tabla8[Selec. Solvent],Tabla8[Radius])*COS(CK7)+ _xlfn.XLOOKUP(1,Tabla8[Selec. Solvent],Tabla8[dP]) -> 5 | CR7: =_xlfn.XLOOKUP(1,Tabla8[Selec. Solvent],Tabla8[Radius])*SIN(CK7)+ _xlfn.XLOOKUP(1,Tabla8[Selec. Solvent],Tabla8[dH]) -> 5.4 | CS7: =_xlfn.XLOOKUP(1,Tabla8[Selec. Solvent],Tabla8[Radius])*COS(CK7)+ _xlfn.XLOOKUP(1,Tabla8[Selec. Solvent],Tabla8[dD]) -> 16 | CT7: =(_xlfn.XLOOKUP(2,Tabla8[Selec. Solvent],Tabla8[Radius]))*SIN(CK7)+ _xlfn.XLOOKUP(2,Tabla8[Selec. Solvent],Tabla8[dD]) -> 16 | CU7: =_xlfn.XLOOKUP(2,Tabla8[Selec. Solvent],Tabla8[Radius])*COS(CK7)+ _xlfn.XLOOKUP(2,Tabla8[Selec. Solvent],Tabla8[dP]) -> 6.5 | CV7: =_xlfn.XLOOKUP(2,Tabla8[Selec. Solvent],Tabla8[Radius])*SIN(CK7)+ _xlfn.XLOOKUP(2,Tabla8[Selec. Solvent],Tabla8[dH]) -> 2.4 | CW7: =_xlfn.XLOOKUP(2,Tabla8[Selec. Solvent],Tabla8[Radius])*COS(CK7)+ _xlfn.XLOOKUP(2,Tabla8[Selec. Solvent],Tabla8[dD]) -> 16 | CX7: =(_xlfn.XLOOKUP(3,Tabla8[Selec. Solvent],Tabla8[Radius]))*SIN(CK7)+ _xlfn.XLOOKUP(3,Tabla8[Selec. Solvent],Tabla8[dD]) -> 14.8 | CY7: =_xlfn.XLOOKUP(3,Tabla8[Selec. Solvent],Tabla8[Radius])*COS(CK7)+ _xlfn.XLOOKUP(3,Tabla8[Selec. Solvent],Tabla8[dP]) -> 4.2 | CZ7: =_xlfn.XLOOKUP(3,Tabla8[Selec. Solvent],Tabla8[Radius])*SIN(CK7)+ _xlfn.XLOOKUP(3,Tabla8[Selec. Solvent],Tabla8[dH]) -> 5.8 | DA7: =_xlfn.XLOOKUP(,Tabla8[Selec. Solvent],Tabla8[Radius])*COS(CK7)+ _xlfn.XLOOKUP(3,Tabla8[Selec. Solvent],Tabla8[dD]) -> 14.8 | DB7: =(_xlfn.XLOOKUP(4,Tabla8[Selec. Solvent],Tabla8[Radius]))*SIN(CK7)+ _xlfn.XLOOKUP(4,Tabla8[Selec. Solvent],Tabla8[dD]) -> 15.9 | DC7: =_xlfn.XLOOKUP(4,Tabla8[Selec. Solvent],Tabla8[Radius])*COS(CK7)+ _xlfn.XLOOKUP(4,Tabla8[Selec. Solvent],Tabla8[dP]) -> 6 | DD7: =_xlfn.XLOOKUP(4,Tabla8[Selec. Solvent],Tabla8[Radius])*SIN(CK7)+ _xlfn.XLOOKUP(4,Tabla8[Selec. Solvent],Tabla8[dH]) -> 6.6 | DE7: =_xlfn.XLOOKUP(4,Tabla8[Selec. Solvent],Tabla8[Radius])*COS(CK7)+ _xlfn.XLOOKUP(4,Tabla8[Selec. Solvent],Tabla8[dD]) -> 15.9
H8: =SUM(Tabla8[%]) -> 100 | R8: 90 | S8: =100-R8 -> 10 | T8: =($R8*T$3+$S8*T$4)/100 -> 16 | U8: =($R8*U$3+$S8*U$4)/100 -> 5.15 | V8: =($R8*V$3+$S8*V$4)/100 -> 5.1 | W8: =SQRT(4*(T8-dD)^2+(U8-dP)^2+(V8-dH)^2) -> 3.1484123 | X8: =IFERROR(W8/R_, "No data in R") -> No data in R | CJ8: 25 | CK8: =RADIANS(Tabla3[[#This Row],[Angle º]]) -> 0.43633231 | CL8: =$F$3*SIN(CK8)+ dD -> 15.4 | CM8: =$F$3*COS(CK8)+ dP -> 5.4 | CN8: =$F$3*SIN(CK8)+ dH -> 8 | CO8: =$F$3*COS(CK8)+ dD -> 15.4 | CP8: =(_xlfn.XLOOKUP(1,Tabla8[Selec. Solvent],Tabla8[Radius]))*SIN(CK8)+ _xlfn.XLOOKUP(1,Tabla8[Selec. Solvent],Tabla8[dD]) -> 16 | CQ8: =_xlfn.XLOOKUP(1,Tabla8[Selec. Solvent],Tabla8[Radius])*COS(CK8)+ _xlfn.XLOOKUP(1,Tabla8[Selec. Solvent],Tabla8[dP]) -> 5 | CR8: =_xlfn.XLOOKUP(1,Tabla8[Selec. Solvent],Tabla8[Radius])*SIN(CK8)+ _xlfn.XLOOKUP(1,Tabla8[Selec. Solvent],Tabla8[dH]) -> 5.4 | CS8: =_xlfn.XLOOKUP(1,Tabla8[Selec. Solvent],Tabla8[Radius])*COS(CK8)+ _xlfn.XLOOKUP(1,Tabla8[Selec. Solvent],Tabla8[dD]) -> 16 | CT8: =(_xlfn.XLOOKUP(2,Tabla8[Selec. Solvent],Tabla8[Radius]))*SIN(CK8)+ _xlfn.XLOOKUP(2,Tabla8[Selec. Solvent],Tabla8[dD]) -> 16 | CU8: =_xlfn.XLOOKUP(2,Tabla8[Selec. Solvent],Tabla8[Radius])*COS(CK8)+ _xlfn.XLOOKUP(2,Tabla8[Selec. Solvent],Tabla8[dP]) -> 6.5 | CV8: =_xlfn.XLOOKUP(2,Tabla8[Selec. Solvent],Tabla8[Radius])*SIN(CK8)+ _xlfn.XLOOKUP(2,Tabla8[Selec. Solvent],Tabla8[dH]) -> 2.4 | CW8: =_xlfn.XLOOKUP(2,Tabla8[Selec. Solvent],Tabla8[Radius])*COS(CK8)+ _xlfn.XLOOKUP(2,Tabla8[Selec. Solvent],Tabla8[dD]) -> 16 | CX8: =(_xlfn.XLOOKUP(3,Tabla8[Selec. Solvent],Tabla8[Radius]))*SIN(CK8)+ _xlfn.XLOOKUP(3,Tabla8[Selec. Solvent],Tabla8[dD]) -> 14.8 | CY8: =_xlfn.XLOOKUP(3,Tabla8[Selec. Solvent],Tabla8[Radius])*COS(CK8)+ _xlfn.XLOOKUP(3,Tabla8[Selec. Solvent],Tabla8[dP]) -> 4.2 | CZ8: =_xlfn.XLOOKUP(3,Tabla8[Selec. Solvent],Tabla8[Radius])*SIN(CK8)+ _xlfn.XLOOKUP(3,Tabla8[Selec. Solvent],Tabla8[dH]) -> 5.8 | DA8: =_xlfn.XLOOKUP(,Tabla8[Selec. Solvent],Tabla8[Radius])*COS(CK8)+ _xlfn.XLOOKUP(3,Tabla8[Selec. Solvent],Tabla8[dD]) -> 14.8 | DB8: =(_xlfn.XLOOKUP(4,Tabla8[Selec. Solvent],Tabla8[Radius]))*SIN(CK8)+ _xlfn.XLOOKUP(4,Tabla8[Selec. Solvent],Tabla8[dD]) -> 15.9 | DC8: =_xlfn.XLOOKUP(4,Tabla8[Selec. Solvent],Tabla8[Radius])*COS(CK8)+ _xlfn.XLOOKUP(4,Tabla8[Selec. Solvent],Tabla8[dP]) -> 6 | DD8: =_xlfn.XLOOKUP(4,Tabla8[Selec. Solvent],Tabla8[Radius])*SIN(CK8)+ _xlfn.XLOOKUP(4,Tabla8[Selec. Solvent],Tabla8[dH]) -> 6.6 | DE8: =_xlfn.XLOOKUP(4,Tabla8[Selec. Solvent],Tabla8[Radius])*COS(CK8)+ _xlfn.XLOOKUP(4,Tabla8[Selec. Solvent],Tabla8[dD]) -> 15.9
A9: CAS | B9: Solvents | C9: dD | D9: dP | E9: dH | F9: MVol | G9: Distance | H9: % | I9: Partial dD | J9: Partial dP | K9: Partial dH | L9: Radius | M9: Sphere Overlap | N9: Selec. Solvent | O9: Best Mixutre | R9: 80 | S9: =100-R9 -> 20 | T9: =($R9*T$3+$S9*T$4)/100 -> 16 | U9: =($R9*U$3+$S9*U$4)/100 -> 5.3 | V9: =($R9*V$3+$S9*V$4)/100 -> 4.8 | W9: =SQRT(4*(T9-dD)^2+(U9-dP)^2+(V9-dH)^2) -> 3.4190642 | X9: =IFERROR(W9/R_, "No data in R") -> No data in R | CJ9: 30 | CK9: =RADIANS(Tabla3[[#This Row],[Angle º]]) -> 0.52359878 | CL9: =$F$3*SIN(CK9)+ dD -> 15.4 | CM9: =$F$3*COS(CK9)+ dP -> 5.4 | CN9: =$F$3*SIN(CK9)+ dH -> 8 | CO9: =$F$3*COS(CK9)+ dD -> 15.4 | CP9: =(_xlfn.XLOOKUP(1,Tabla8[Selec. Solvent],Tabla8[Radius]))*SIN(CK9)+ _xlfn.XLOOKUP(1,Tabla8[Selec. Solvent],Tabla8[dD]) -> 16 | CQ9: =_xlfn.XLOOKUP(1,Tabla8[Selec. Solvent],Tabla8[Radius])*COS(CK9)+ _xlfn.XLOOKUP(1,Tabla8[Selec. Solvent],Tabla8[dP]) -> 5 | CR9: =_xlfn.XLOOKUP(1,Tabla8[Selec. Solvent],Tabla8[Radius])*SIN(CK9)+ _xlfn.XLOOKUP(1,Tabla8[Selec. Solvent],Tabla8[dH]) -> 5.4 | CS9: =_xlfn.XLOOKUP(1,Tabla8[Selec. Solvent],Tabla8[Radius])*COS(CK9)+ _xlfn.XLOOKUP(1,Tabla8[Selec. Solvent],Tabla8[dD]) -> 16 | CT9: =(_xlfn.XLOOKUP(2,Tabla8[Selec. Solvent],Tabla8[Radius]))*SIN(CK9)+ _xlfn.XLOOKUP(2,Tabla8[Selec. Solvent],Tabla8[dD]) -> 16 | CU9: =_xlfn.XLOOKUP(2,Tabla8[Selec. Solvent],Tabla8[Radius])*COS(CK9)+ _xlfn.XLOOKUP(2,Tabla8[Selec. Solvent],Tabla8[dP]) -> 6.5 | CV9: =_xlfn.XLOOKUP(2,Tabla8[Selec. Solvent],Tabla8[Radius])*SIN(CK9)+ _xlfn.XLOOKUP(2,Tabla8[Selec. Solvent],Tabla8[dH]) -> 2.4 | CW9: =_xlfn.XLOOKUP(2,Tabla8[Selec. Solvent],Tabla8[Radius])*COS(CK9)+ _xlfn.XLOOKUP(2,Tabla8[Selec. Solvent],Tabla8[dD]) -> 16 | CX9: =(_xlfn.XLOOKUP(3,Tabla8[Selec. Solvent],Tabla8[Radius]))*SIN(CK9)+ _xlfn.XLOOKUP(3,Tabla8[Selec. Solvent],Tabla8[dD]) -> 14.8 | CY9: =_xlfn.XLOOKUP(3,Tabla8[Selec. Solvent],Tabla8[Radius])*COS(CK9)+ _xlfn.XLOOKUP(3,Tabla8[Selec. Solvent],Tabla8[dP]) -> 4.2 | CZ9: =_xlfn.XLOOKUP(3,Tabla8[Selec. Solvent],Tabla8[Radius])*SIN(CK9)+ _xlfn.XLOOKUP(3,Tabla8[Selec. Solvent],Tabla8[dH]) -> 5.8 | DA9: =_xlfn.XLOOKUP(,Tabla8[Selec. Solvent],Tabla8[Radius])*COS(CK9)+ _xlfn.XLOOKUP(3,Tabla8[Selec. Solvent],Tabla8[dD]) -> 14.8 | DB9: =(_xlfn.XLOOKUP(4,Tabla8[Selec. Solvent],Tabla8[Radius]))*SIN(CK9)+ _xlfn.XLOOKUP(4,Tabla8[Selec. Solvent],Tabla8[dD]) -> 15.9 | DC9: =_xlfn.XLOOKUP(4,Tabla8[Selec. Solvent],Tabla8[Radius])*COS(CK9)+ _xlfn.XLOOKUP(4,Tabla8[Selec. Solvent],Tabla8[dP]) -> 6 | DD9: =_xlfn.XLOOKUP(4,Tabla8[Selec. Solvent],Tabla8[Radius])*SIN(CK9)+ _xlfn.XLOOKUP(4,Tabla8[Selec. Solvent],Tabla8[dH]) -> 6.6 | DE9: =_xlfn.XLOOKUP(4,Tabla8[Selec. Solvent],Tabla8[Radius])*COS(CK9)+ _xlfn.XLOOKUP(4,Tabla8[Selec. Solvent],Tabla8[dD]) -> 15.9
A10: 111-34-2 | B10: =VLOOKUP(Tabla8[[#This Row],[CAS]],Tabla1[],2,FALSE) -> Vinyl Butyl Ether | C10: =VLOOKUP(Tabla8[[#This Row],[CAS]],Tabla1[],3,FALSE) -> 15.2 | D10: =VLOOKUP(Tabla8[[#This Row],[CAS]],Tabla1[],4,FALSE) -> 4.1 | E10: =VLOOKUP(Tabla8[[#This Row],[CAS]],Tabla1[],5,FALSE) -> 5.1 | F10: =VLOOKUP(Tabla8[[#This Row],[CAS]],Tabla1[],6,FALSE) | G10: =SQRT(4* (dD-Tabla8[[#This Row],[dD]])^2 + (dP-Tabla8[[#This Row],[dP]])^2 + (dH-Tabla8[[#This Row],[dH]])^2) -> 3.2031235 | H10: 87 | I10: =IF(Tabla8[[#This Row],[%]]<>"",Tabla8[[#This Row],[%]]/100*Tabla8[[#This Row],[dD]],"") -> 13.224 | J10: =IF(Tabla8[[#This Row],[%]]<>"",Tabla8[[#This Row],[%]]/100*Tabla8[[#This Row],[dP]],"") -> 3.567 | K10: =IF(Tabla8[[#This Row],[%]]<>"",Tabla8[[#This Row],[%]]/100*Tabla8[[#This Row],[dH]],"") -> 4.437 | L10: =VLOOKUP(Tabla8[[#This Row],[CAS]],Tabla1[],8,FALSE) -> 0 | M10: =IF((Tabla8[[#This Row],[Radius]])=0, "No Radius", SQRT(Tabla8[[#This Row],[Distance]]^2)-(Tabla8[[#This Row],[Radius]]+ R_)) -> No Radius | O10: =IFERROR(_xlfn.XLOOKUP(Tabla8[[#This Row],[Selec. Solvent]], Tabla12[Nº],Tabla12[% Total]), "-") -> - | R10: 70 | S10: =100-R10 -> 30 | T10: =($R10*T$3+$S10*T$4)/100 -> 16 | U10: =($R10*U$3+$S10*U$4)/100 -> 5.45 | V10: =($R10*V$3+$S10*V$4)/100 -> 4.5 | W10: =SQRT(4*(T10-dD)^2+(U10-dP)^2+(V10-dH)^2) -> 3.7003378 | X10: =IFERROR(W10/R_, "No data in R") -> No data in R | CJ10: 35 | CK10: =RADIANS(Tabla3[[#This Row],[Angle º]]) -> 0.61086524 | CL10: =$F$3*SIN(CK10)+ dD -> 15.4 | CM10: =$F$3*COS(CK10)+ dP -> 5.4 | CN10: =$F$3*SIN(CK10)+ dH -> 8 | CO10: =$F$3*COS(CK10)+ dD -> 15.4 | CP10: =(_xlfn.XLOOKUP(1,Tabla8[Selec. Solvent],Tabla8[Radius]))*SIN(CK10)+ _xlfn.XLOOKUP(1,Tabla8[Selec. Solvent],Tabla8[dD]) -> 16 | CQ10: =_xlfn.XLOOKUP(1,Tabla8[Selec. Solvent],Tabla8[Radius])*COS(CK10)+ _xlfn.XLOOKUP(1,Tabla8[Selec. Solvent],Tabla8[dP]) -> 5 | CR10: =_xlfn.XLOOKUP(1,Tabla8[Selec. Solvent],Tabla8[Radius])*SIN(CK10)+ _xlfn.XLOOKUP(1,Tabla8[Selec. Solvent],Tabla8[dH]) -> 5.4 | CS10: =_xlfn.XLOOKUP(1,Tabla8[Selec. Solvent],Tabla8[Radius])*COS(CK10)+ _xlfn.XLOOKUP(1,Tabla8[Selec. Solvent],Tabla8[dD]) -> 16 | CT10: =(_xlfn.XLOOKUP(2,Tabla8[Selec. Solvent],Tabla8[Radius]))*SIN(CK10)+ _xlfn.XLOOKUP(2,Tabla8[Selec. Solvent],Tabla8[dD]) -> 16 | CU10: =_xlfn.XLOOKUP(2,Tabla8[Selec. Solvent],Tabla8[Radius])*COS(CK10)+ _xlfn.XLOOKUP(2,Tabla8[Selec. Solvent],Tabla8[dP]) -> 6.5 | CV10: =_xlfn.XLOOKUP(2,Tabla8[Selec. Solvent],Tabla8[Radius])*SIN(CK10)+ _xlfn.XLOOKUP(2,Tabla8[Selec. Solvent],Tabla8[dH]) -> 2.4 | CW10: =_xlfn.XLOOKUP(2,Tabla8[Selec. Solvent],Tabla8[Radius])*COS(CK10)+ _xlfn.XLOOKUP(2,Tabla8[Selec. Solvent],Tabla8[dD]) -> 16 | CX10: =(_xlfn.XLOOKUP(3,Tabla8[Selec. Solvent],Tabla8[Radius]))*SIN(CK10)+ _xlfn.XLOOKUP(3,Tabla8[Selec. Solvent],Tabla8[dD]) -> 14.8 | CY10: =_xlfn.XLOOKUP(3,Tabla8[Selec. Solvent],Tabla8[Radius])*COS(CK10)+ _xlfn.XLOOKUP(3,Tabla8[Selec. Solvent],Tabla8[dP]) -> 4.2 | CZ10: =_xlfn.XLOOKUP(3,Tabla8[Selec. Solvent],Tabla8[Radius])*SIN(CK10)+ _xlfn.XLOOKUP(3,Tabla8[Selec. Solvent],Tabla8[dH]) -> 5.8 | DA10: =_xlfn.XLOOKUP(,Tabla8[Selec. Solvent],Tabla8[Radius])*COS(CK10)+ _xlfn.XLOOKUP(3,Tabla8[Selec. Solvent],Tabla8[dD]) -> 14.8 | DB10: =(_xlfn.XLOOKUP(4,Tabla8[Selec. Solvent],Tabla8[Radius]))*SIN(CK10)+ _xlfn.XLOOKUP(4,Tabla8[Selec. Solvent],Tabla8[dD]) -> 15.9 | DC10: =_xlfn.XLOOKUP(4,Tabla8[Selec. Solvent],Tabla8[Radius])*COS(CK10)+ _xlfn.XLOOKUP(4,Tabla8[Selec. Solvent],Tabla8[dP]) -> 6 | DD10: =_xlfn.XLOOKUP(4,Tabla8[Selec. Solvent],Tabla8[Radius])*SIN(CK10)+ _xlfn.XLOOKUP(4,Tabla8[Selec. Solvent],Tabla8[dH]) -> 6.6 | DE10: =_xlfn.XLOOKUP(4,Tabla8[Selec. Solvent],Tabla8[Radius])*COS(CK10)+ _xlfn.XLOOKUP(4,Tabla8[Selec. Solvent],Tabla8[dD]) -> 15.9
A11: 4789-70-2 | B11: =VLOOKUP(Tabla8[[#This Row],[CAS]],Tabla1[],2,FALSE) -> Vinyl Butyl Sulfide | C11: =VLOOKUP(Tabla8[[#This Row],[CAS]],Tabla1[],3,FALSE) -> 16 | D11: =VLOOKUP(Tabla8[[#This Row],[CAS]],Tabla1[],4,FALSE) -> 5 | E11: =VLOOKUP(Tabla8[[#This Row],[CAS]],Tabla1[],5,FALSE) -> 5.4 | F11: =VLOOKUP(Tabla8[[#This Row],[CAS]],Tabla1[],6,FALSE) | G11: =SQRT(4* (dD-Tabla8[[#This Row],[dD]])^2 + (dP-Tabla8[[#This Row],[dP]])^2 + (dH-Tabla8[[#This Row],[dH]])^2) -> 2.8913665 | I11: =IF(Tabla8[[#This Row],[%]]<>"",Tabla8[[#This Row],[%]]/100*Tabla8[[#This Row],[dD]],"") | J11: =IF(Tabla8[[#This Row],[%]]<>"",Tabla8[[#This Row],[%]]/100*Tabla8[[#This Row],[dP]],"") | K11: =IF(Tabla8[[#This Row],[%]]<>"",Tabla8[[#This Row],[%]]/100*Tabla8[[#This Row],[dH]],"") | L11: =VLOOKUP(Tabla8[[#This Row],[CAS]],Tabla1[],8,FALSE) -> 0 | M11: =IF((Tabla8[[#This Row],[Radius]])=0, "No Radius", SQRT(Tabla8[[#This Row],[Distance]]^2)-(Tabla8[[#This Row],[Radius]]+ R_)) -> No Radius | N11: 1 | O11: =IFERROR(_xlfn.XLOOKUP(Tabla8[[#This Row],[Selec. Solvent]], Tabla12[Nº],Tabla12[% Total]), "-") -> 0 | R11: 60 | S11: =100-R11 -> 40 | T11: =($R11*T$3+$S11*T$4)/100 -> 16 | U11: =($R11*U$3+$S11*U$4)/100 -> 5.6 | V11: =($R11*V$3+$S11*V$4)/100 -> 4.2 | W11: =SQRT(4*(T11-dD)^2+(U11-dP)^2+(V11-dH)^2) -> 3.9899875 | X11: =IFERROR(W11/R_, "No data in R") -> No data in R | CJ11: 40 | CK11: =RADIANS(Tabla3[[#This Row],[Angle º]]) -> 0.6981317 | CL11: =$F$3*SIN(CK11)+ dD -> 15.4 | CM11: =$F$3*COS(CK11)+ dP -> 5.4 | CN11: =$F$3*SIN(CK11)+ dH -> 8 | CO11: =$F$3*COS(CK11)+ dD -> 15.4 | CP11: =(_xlfn.XLOOKUP(1,Tabla8[Selec. Solvent],Tabla8[Radius]))*SIN(CK11)+ _xlfn.XLOOKUP(1,Tabla8[Selec. Solvent],Tabla8[dD]) -> 16 | CQ11: =_xlfn.XLOOKUP(1,Tabla8[Selec. Solvent],Tabla8[Radius])*COS(CK11)+ _xlfn.XLOOKUP(1,Tabla8[Selec. Solvent],Tabla8[dP]) -> 5 | CR11: =_xlfn.XLOOKUP(1,Tabla8[Selec. Solvent],Tabla8[Radius])*SIN(CK11)+ _xlfn.XLOOKUP(1,Tabla8[Selec. Solvent],Tabla8[dH]) -> 5.4 | CS11: =_xlfn.XLOOKUP(1,Tabla8[Selec. Solvent],Tabla8[Radius])*COS(CK11)+ _xlfn.XLOOKUP(1,Tabla8[Selec. Solvent],Tabla8[dD]) -> 16 | CT11: =(_xlfn.XLOOKUP(2,Tabla8[Selec. Solvent],Tabla8[Radius]))*SIN(CK11)+ _xlfn.XLOOKUP(2,Tabla8[Selec. Solvent],Tabla8[dD]) -> 16 | CU11: =_xlfn.XLOOKUP(2,Tabla8[Selec. Solvent],Tabla8[Radius])*COS(CK11)+ _xlfn.XLOOKUP(2,Tabla8[Selec. Solvent],Tabla8[dP]) -> 6.5 | CV11: =_xlfn.XLOOKUP(2,Tabla8[Selec. Solvent],Tabla8[Radius])*SIN(CK11)+ _xlfn.XLOOKUP(2,Tabla8[Selec. Solvent],Tabla8[dH]) -> 2.4 | CW11: =_xlfn.XLOOKUP(2,Tabla8[Selec. Solvent],Tabla8[Radius])*COS(CK11)+ _xlfn.XLOOKUP(2,Tabla8[Selec. Solvent],Tabla8[dD]) -> 16 | CX11: =(_xlfn.XLOOKUP(3,Tabla8[Selec. Solvent],Tabla8[Radius]))*SIN(CK11)+ _xlfn.XLOOKUP(3,Tabla8[Selec. Solvent],Tabla8[dD]) -> 14.8 | CY11: =_xlfn.XLOOKUP(3,Tabla8[Selec. Solvent],Tabla8[Radius])*COS(CK11)+ _xlfn.XLOOKUP(3,Tabla8[Selec. Solvent],Tabla8[dP]) -> 4.2 | CZ11: =_xlfn.XLOOKUP(3,Tabla8[Selec. Solvent],Tabla8[Radius])*SIN(CK11)+ _xlfn.XLOOKUP(3,Tabla8[Selec. Solvent],Tabla8[dH]) -> 5.8 | DA11: =_xlfn.XLOOKUP(,Tabla8[Selec. Solvent],Tabla8[Radius])*COS(CK11)+ _xlfn.XLOOKUP(3,Tabla8[Selec. Solvent],Tabla8[dD]) -> 14.8 | DB11: =(_xlfn.XLOOKUP(4,Tabla8[Selec. Solvent],Tabla8[Radius]))*SIN(CK11)+ _xlfn.XLOOKUP(4,Tabla8[Selec. Solvent],Tabla8[dD]) -> 15.9 | DC11: =_xlfn.XLOOKUP(4,Tabla8[Selec. Solvent],Tabla8[Radius])*COS(CK11)+ _xlfn.XLOOKUP(4,Tabla8[Selec. Solvent],Tabla8[dP]) -> 6 | DD11: =_xlfn.XLOOKUP(4,Tabla8[Selec. Solvent],Tabla8[Radius])*SIN(CK11)+ _xlfn.XLOOKUP(4,Tabla8[Selec. Solvent],Tabla8[dH]) -> 6.6 | DE11: =_xlfn.XLOOKUP(4,Tabla8[Selec. Solvent],Tabla8[Radius])*COS(CK11)+ _xlfn.XLOOKUP(4,Tabla8[Selec. Solvent],Tabla8[dD]) -> 15.9
A12: 123-20-6 | B12: =VLOOKUP(Tabla8[[#This Row],[CAS]],Tabla1[],2,FALSE) -> Vinyl Butyrate | C12: =VLOOKUP(Tabla8[[#This Row],[CAS]],Tabla1[],3,FALSE) -> 15.6 | D12: =VLOOKUP(Tabla8[[#This Row],[CAS]],Tabla1[],4,FALSE) -> 3.9 | E12: =VLOOKUP(Tabla8[[#This Row],[CAS]],Tabla1[],5,FALSE) -> 6.9 | F12: =VLOOKUP(Tabla8[[#This Row],[CAS]],Tabla1[],6,FALSE) | G12: =SQRT(4* (dD-Tabla8[[#This Row],[dD]])^2 + (dP-Tabla8[[#This Row],[dP]])^2 + (dH-Tabla8[[#This Row],[dH]])^2) -> 1.9026298 | I12: =IF(Tabla8[[#This Row],[%]]<>"",Tabla8[[#This Row],[%]]/100*Tabla8[[#This Row],[dD]],"") | J12: =IF(Tabla8[[#This Row],[%]]<>"",Tabla8[[#This Row],[%]]/100*Tabla8[[#This Row],[dP]],"") | K12: =IF(Tabla8[[#This Row],[%]]<>"",Tabla8[[#This Row],[%]]/100*Tabla8[[#This Row],[dH]],"") | L12: =VLOOKUP(Tabla8[[#This Row],[CAS]],Tabla1[],8,FALSE) -> 0 | M12: =IF((Tabla8[[#This Row],[Radius]])=0, "No Radius", SQRT(Tabla8[[#This Row],[Distance]]^2)-(Tabla8[[#This Row],[Radius]]+ R_)) -> No Radius | O12: =IFERROR(_xlfn.XLOOKUP(Tabla8[[#This Row],[Selec. Solvent]], Tabla12[Nº],Tabla12[% Total]), "-") -> - | R12: 50 | S12: =100-R12 -> 50 | T12: =($R12*T$3+$S12*T$4)/100 -> 16 | U12: =($R12*U$3+$S12*U$4)/100 -> 5.75 | V12: =($R12*V$3+$S12*V$4)/100 -> 3.9 | W12: =SQRT(4*(T12-dD)^2+(U12-dP)^2+(V12-dH)^2) -> 4.2863154 | X12: =IFERROR(W12/R_, "No data in R") -> No data in R | BH12: Min Dist | BI12: S1 | BJ12: S2 | BK12: dD | BL12: dP | BM12: dH | CJ12: 45 | CK12: =RADIANS(Tabla3[[#This Row],[Angle º]]) -> 0.78539816 | CL12: =$F$3*SIN(CK12)+ dD -> 15.4 | CM12: =$F$3*COS(CK12)+ dP -> 5.4 | CN12: =$F$3*SIN(CK12)+ dH -> 8 | CO12: =$F$3*COS(CK12)+ dD -> 15.4 | CP12: =(_xlfn.XLOOKUP(1,Tabla8[Selec. Solvent],Tabla8[Radius]))*SIN(CK12)+ _xlfn.XLOOKUP(1,Tabla8[Selec. Solvent],Tabla8[dD]) -> 16 | CQ12: =_xlfn.XLOOKUP(1,Tabla8[Selec. Solvent],Tabla8[Radius])*COS(CK12)+ _xlfn.XLOOKUP(1,Tabla8[Selec. Solvent],Tabla8[dP]) -> 5 | CR12: =_xlfn.XLOOKUP(1,Tabla8[Selec. Solvent],Tabla8[Radius])*SIN(CK12)+ _xlfn.XLOOKUP(1,Tabla8[Selec. Solvent],Tabla8[dH]) -> 5.4 | CS12: =_xlfn.XLOOKUP(1,Tabla8[Selec. Solvent],Tabla8[Radius])*COS(CK12)+ _xlfn.XLOOKUP(1,Tabla8[Selec. Solvent],Tabla8[dD]) -> 16 | CT12: =(_xlfn.XLOOKUP(2,Tabla8[Selec. Solvent],Tabla8[Radius]))*SIN(CK12)+ _xlfn.XLOOKUP(2,Tabla8[Selec. Solvent],Tabla8[dD]) -> 16 | CU12: =_xlfn.XLOOKUP(2,Tabla8[Selec. Solvent],Tabla8[Radius])*COS(CK12)+ _xlfn.XLOOKUP(2,Tabla8[Selec. Solvent],Tabla8[dP]) -> 6.5 | CV12: =_xlfn.XLOOKUP(2,Tabla8[Selec. Solvent],Tabla8[Radius])*SIN(CK12)+ _xlfn.XLOOKUP(2,Tabla8[Selec. Solvent],Tabla8[dH]) -> 2.4 | CW12: =_xlfn.XLOOKUP(2,Tabla8[Selec. Solvent],Tabla8[Radius])*COS(CK12)+ _xlfn.XLOOKUP(2,Tabla8[Selec. Solvent],Tabla8[dD]) -> 16 | CX12: =(_xlfn.XLOOKUP(3,Tabla8[Selec. Solvent],Tabla8[Radius]))*SIN(CK12)+ _xlfn.XLOOKUP(3,Tabla8[Selec. Solvent],Tabla8[dD]) -> 14.8 | CY12: =_xlfn.XLOOKUP(3,Tabla8[Selec. Solvent],Tabla8[Radius])*COS(CK12)+ _xlfn.XLOOKUP(3,Tabla8[Selec. Solvent],Tabla8[dP]) -> 4.2 | CZ12: =_xlfn.XLOOKUP(3,Tabla8[Selec. Solvent],Tabla8[Radius])*SIN(CK12)+ _xlfn.XLOOKUP(3,Tabla8[Selec. Solvent],Tabla8[dH]) -> 5.8 | DA12: =_xlfn.XLOOKUP(,Tabla8[Selec. Solvent],Tabla8[Radius])*COS(CK12)+ _xlfn.XLOOKUP(3,Tabla8[Selec. Solvent],Tabla8[dD]) -> 14.8 | DB12: =(_xlfn.XLOOKUP(4,Tabla8[Selec. Solvent],Tabla8[Radius]))*SIN(CK12)+ _xlfn.XLOOKUP(4,Tabla8[Selec. Solvent],Tabla8[dD]) -> 15.9 | DC12: =_xlfn.XLOOKUP(4,Tabla8[Selec. Solvent],Tabla8[Radius])*COS(CK12)+ _xlfn.XLOOKUP(4,Tabla8[Selec. Solvent],Tabla8[dP]) -> 6 | DD12: =_xlfn.XLOOKUP(4,Tabla8[Selec. Solvent],Tabla8[Radius])*SIN(CK12)+ _xlfn.XLOOKUP(4,Tabla8[Selec. Solvent],Tabla8[dH]) -> 6.6 | DE12: =_xlfn.XLOOKUP(4,Tabla8[Selec. Solvent],Tabla8[Radius])*COS(CK12)+ _xlfn.XLOOKUP(4,Tabla8[Selec. Solvent],Tabla8[dD]) -> 15.9
A13: 929-37-3 | B13: =VLOOKUP(Tabla8[[#This Row],[CAS]],Tabla1[],2,FALSE) -> Vinyl Carbitol | C13: =VLOOKUP(Tabla8[[#This Row],[CAS]],Tabla1[],3,FALSE) -> 16.3 | D13: =VLOOKUP(Tabla8[[#This Row],[CAS]],Tabla1[],4,FALSE) -> 7.5 | E13: =VLOOKUP(Tabla8[[#This Row],[CAS]],Tabla1[],5,FALSE) -> 13.8 | F13: =VLOOKUP(Tabla8[[#This Row],[CAS]],Tabla1[],6,FALSE) | G13: =SQRT(4* (dD-Tabla8[[#This Row],[dD]])^2 + (dP-Tabla8[[#This Row],[dP]])^2 + (dH-Tabla8[[#This Row],[dH]])^2) -> 6.4257295 | I13: =IF(Tabla8[[#This Row],[%]]<>"",Tabla8[[#This Row],[%]]/100*Tabla8[[#This Row],[dD]],"") | J13: =IF(Tabla8[[#This Row],[%]]<>"",Tabla8[[#This Row],[%]]/100*Tabla8[[#This Row],[dP]],"") | K13: =IF(Tabla8[[#This Row],[%]]<>"",Tabla8[[#This Row],[%]]/100*Tabla8[[#This Row],[dH]],"") | L13: =VLOOKUP(Tabla8[[#This Row],[CAS]],Tabla1[],8,FALSE) -> 0 | M13: =IF((Tabla8[[#This Row],[Radius]])=0, "No Radius", SQRT(Tabla8[[#This Row],[Distance]]^2)-(Tabla8[[#This Row],[Radius]]+ R_)) -> No Radius | O13: =IFERROR(_xlfn.XLOOKUP(Tabla8[[#This Row],[Selec. Solvent]], Tabla12[Nº],Tabla12[% Total]), "-") -> - | R13: 40 | S13: =100-R13 -> 60 | T13: =($R13*T$3+$S13*T$4)/100 -> 16 | U13: =($R13*U$3+$S13*U$4)/100 -> 5.9 | V13: =($R13*V$3+$S13*V$4)/100 -> 3.6 | W13: =SQRT(4*(T13-dD)^2+(U13-dP)^2+(V13-dH)^2) -> 4.5880279 | X13: =IFERROR(W13/R_, "No data in R") -> No data in R | BH13: =MIN(Tabla5[Distance]) -> 2.8913665 | BI13: {=_xlfn._xlws.FILTER(Tabla5[S1 (%)],Tabla5[Distance]=$BH$13)} -> 100 | BJ13: {=_xlfn._xlws.FILTER(Tabla5[S2 (%)],Tabla5[Distance]=$BH$13)} -> 0 | BK13: {=_xlfn._xlws.FILTER(Tabla5[dD],Tabla5[Distance]=$BH$13)} -> 16 | BL13: {=_xlfn._xlws.FILTER(Tabla5[dP],Tabla5[Distance]=$BH$13)} -> 5 | BM13: {=_xlfn._xlws.FILTER(Tabla5[dH],Tabla5[Distance]=$BH$13)} -> 5.4 | BN13: =MIN(Tabla8[Distance]) -> 1.4696938 | CJ13: 50 | CK13: =RADIANS(Tabla3[[#This Row],[Angle º]]) -> 0.87266463 | CL13: =$F$3*SIN(CK13)+ dD -> 15.4 | CM13: =$F$3*COS(CK13)+ dP -> 5.4 | CN13: =$F$3*SIN(CK13)+ dH -> 8 | CO13: =$F$3*COS(CK13)+ dD -> 15.4 | CP13: =(_xlfn.XLOOKUP(1,Tabla8[Selec. Solvent],Tabla8[Radius]))*SIN(CK13)+ _xlfn.XLOOKUP(1,Tabla8[Selec. Solvent],Tabla8[dD]) -> 16 | CQ13: =_xlfn.XLOOKUP(1,Tabla8[Selec. Solvent],Tabla8[Radius])*COS(CK13)+ _xlfn.XLOOKUP(1,Tabla8[Selec. Solvent],Tabla8[dP]) -> 5 | CR13: =_xlfn.XLOOKUP(1,Tabla8[Selec. Solvent],Tabla8[Radius])*SIN(CK13)+ _xlfn.XLOOKUP(1,Tabla8[Selec. Solvent],Tabla8[dH]) -> 5.4 | CS13: =_xlfn.XLOOKUP(1,Tabla8[Selec. Solvent],Tabla8[Radius])*COS(CK13)+ _xlfn.XLOOKUP(1,Tabla8[Selec. Solvent],Tabla8[dD]) -> 16 | CT13: =(_xlfn.XLOOKUP(2,Tabla8[Selec. Solvent],Tabla8[Radius]))*SIN(CK13)+ _xlfn.XLOOKUP(2,Tabla8[Selec. Solvent],Tabla8[dD]) -> 16 | CU13: =_xlfn.XLOOKUP(2,Tabla8[Selec. Solvent],Tabla8[Radius])*COS(CK13)+ _xlfn.XLOOKUP(2,Tabla8[Selec. Solvent],Tabla8[dP]) -> 6.5 | CV13: =_xlfn.XLOOKUP(2,Tabla8[Selec. Solvent],Tabla8[Radius])*SIN(CK13)+ _xlfn.XLOOKUP(2,Tabla8[Selec. Solvent],Tabla8[dH]) -> 2.4 | CW13: =_xlfn.XLOOKUP(2,Tabla8[Selec. Solvent],Tabla8[Radius])*COS(CK13)+ _xlfn.XLOOKUP(2,Tabla8[Selec. Solvent],Tabla8[dD]) -> 16 | CX13: =(_xlfn.XLOOKUP(3,Tabla8[Selec. Solvent],Tabla8[Radius]))*SIN(CK13)+ _xlfn.XLOOKUP(3,Tabla8[Selec. Solvent],Tabla8[dD]) -> 14.8 | CY13: =_xlfn.XLOOKUP(3,Tabla8[Selec. Solvent],Tabla8[Radius])*COS(CK13)+ _xlfn.XLOOKUP(3,Tabla8[Selec. Solvent],Tabla8[dP]) -> 4.2 | CZ13: =_xlfn.XLOOKUP(3,Tabla8[Selec. Solvent],Tabla8[Radius])*SIN(CK13)+ _xlfn.XLOOKUP(3,Tabla8[Selec. Solvent],Tabla8[dH]) -> 5.8 | DA13: =_xlfn.XLOOKUP(,Tabla8[Selec. Solvent],Tabla8[Radius])*COS(CK13)+ _xlfn.XLOOKUP(3,Tabla8[Selec. Solvent],Tabla8[dD]) -> 14.8 | DB13: =(_xlfn.XLOOKUP(4,Tabla8[Selec. Solvent],Tabla8[Radius]))*SIN(CK13)+ _xlfn.XLOOKUP(4,Tabla8[Selec. Solvent],Tabla8[dD]) -> 15.9 | DC13: =_xlfn.XLOOKUP(4,Tabla8[Selec. Solvent],Tabla8[Radius])*COS(CK13)+ _xlfn.XLOOKUP(4,Tabla8[Selec. Solvent],Tabla8[dP]) -> 6 | DD13: =_xlfn.XLOOKUP(4,Tabla8[Selec. Solvent],Tabla8[Radius])*SIN(CK13)+ _xlfn.XLOOKUP(4,Tabla8[Selec. Solvent],Tabla8[dH]) -> 6.6 | DE13: =_xlfn.XLOOKUP(4,Tabla8[Selec. Solvent],Tabla8[Radius])*COS(CK13)+ _xlfn.XLOOKUP(4,Tabla8[Selec. Solvent],Tabla8[dD]) -> 15.9
A14: 75-01-4 | B14: =VLOOKUP(Tabla8[[#This Row],[CAS]],Tabla1[],2,FALSE) -> Vinyl Chloride | C14: =VLOOKUP(Tabla8[[#This Row],[CAS]],Tabla1[],3,FALSE) -> 16 | D14: =VLOOKUP(Tabla8[[#This Row],[CAS]],Tabla1[],4,FALSE) -> 6.5 | E14: =VLOOKUP(Tabla8[[#This Row],[CAS]],Tabla1[],5,FALSE) -> 2.4 | F14: =VLOOKUP(Tabla8[[#This Row],[CAS]],Tabla1[],6,FALSE) | G14: =SQRT(4* (dD-Tabla8[[#This Row],[dD]])^2 + (dP-Tabla8[[#This Row],[dP]])^2 + (dH-Tabla8[[#This Row],[dH]])^2) -> 5.8318093 | H14: 13 | I14: =IF(Tabla8[[#This Row],[%]]<>"",Tabla8[[#This Row],[%]]/100*Tabla8[[#This Row],[dD]],"") -> 2.08 | J14: =IF(Tabla8[[#This Row],[%]]<>"",Tabla8[[#This Row],[%]]/100*Tabla8[[#This Row],[dP]],"") -> 0.845 | K14: =IF(Tabla8[[#This Row],[%]]<>"",Tabla8[[#This Row],[%]]/100*Tabla8[[#This Row],[dH]],"") -> 0.312 | L14: =VLOOKUP(Tabla8[[#This Row],[CAS]],Tabla1[],8,FALSE) -> 0 | M14: =IF((Tabla8[[#This Row],[Radius]])=0, "No Radius", SQRT(Tabla8[[#This Row],[Distance]]^2)-(Tabla8[[#This Row],[Radius]]+ R_)) -> No Radius | N14: 2 | O14: =IFERROR(_xlfn.XLOOKUP(Tabla8[[#This Row],[Selec. Solvent]], Tabla12[Nº],Tabla12[% Total]), "-") -> 0 | R14: 30 | S14: =100-R14 -> 70 | T14: =($R14*T$3+$S14*T$4)/100 -> 16 | U14: =($R14*U$3+$S14*U$4)/100 -> 6.05 | V14: =($R14*V$3+$S14*V$4)/100 -> 3.3 | W14: =SQRT(4*(T14-dD)^2+(U14-dP)^2+(V14-dH)^2) -> 4.8941291 | X14: =IFERROR(W14/R_, "No data in R") -> No data in R | CJ14: 55 | CK14: =RADIANS(Tabla3[[#This Row],[Angle º]]) -> 0.95993109 | CL14: =$F$3*SIN(CK14)+ dD -> 15.4 | CM14: =$F$3*COS(CK14)+ dP -> 5.4 | CN14: =$F$3*SIN(CK14)+ dH -> 8 | CO14: =$F$3*COS(CK14)+ dD -> 15.4 | CP14: =(_xlfn.XLOOKUP(1,Tabla8[Selec. Solvent],Tabla8[Radius]))*SIN(CK14)+ _xlfn.XLOOKUP(1,Tabla8[Selec. Solvent],Tabla8[dD]) -> 16 | CQ14: =_xlfn.XLOOKUP(1,Tabla8[Selec. Solvent],Tabla8[Radius])*COS(CK14)+ _xlfn.XLOOKUP(1,Tabla8[Selec. Solvent],Tabla8[dP]) -> 5 | CR14: =_xlfn.XLOOKUP(1,Tabla8[Selec. Solvent],Tabla8[Radius])*SIN(CK14)+ _xlfn.XLOOKUP(1,Tabla8[Selec. Solvent],Tabla8[dH]) -> 5.4 | CS14: =_xlfn.XLOOKUP(1,Tabla8[Selec. Solvent],Tabla8[Radius])*COS(CK14)+ _xlfn.XLOOKUP(1,Tabla8[Selec. Solvent],Tabla8[dD]) -> 16 | CT14: =(_xlfn.XLOOKUP(2,Tabla8[Selec. Solvent],Tabla8[Radius]))*SIN(CK14)+ _xlfn.XLOOKUP(2,Tabla8[Selec. Solvent],Tabla8[dD]) -> 16 | CU14: =_xlfn.XLOOKUP(2,Tabla8[Selec. Solvent],Tabla8[Radius])*COS(CK14)+ _xlfn.XLOOKUP(2,Tabla8[Selec. Solvent],Tabla8[dP]) -> 6.5 | CV14: =_xlfn.XLOOKUP(2,Tabla8[Selec. Solvent],Tabla8[Radius])*SIN(CK14)+ _xlfn.XLOOKUP(2,Tabla8[Selec. Solvent],Tabla8[dH]) -> 2.4 | CW14: =_xlfn.XLOOKUP(2,Tabla8[Selec. Solvent],Tabla8[Radius])*COS(CK14)+ _xlfn.XLOOKUP(2,Tabla8[Selec. Solvent],Tabla8[dD]) -> 16 | CX14: =(_xlfn.XLOOKUP(3,Tabla8[Selec. Solvent],Tabla8[Radius]))*SIN(CK14)+ _xlfn.XLOOKUP(3,Tabla8[Selec. Solvent],Tabla8[dD]) -> 14.8 | CY14: =_xlfn.XLOOKUP(3,Tabla8[Selec. Solvent],Tabla8[Radius])*COS(CK14)+ _xlfn.XLOOKUP(3,Tabla8[Selec. Solvent],Tabla8[dP]) -> 4.2 | CZ14: =_xlfn.XLOOKUP(3,Tabla8[Selec. Solvent],Tabla8[Radius])*SIN(CK14)+ _xlfn.XLOOKUP(3,Tabla8[Selec. Solvent],Tabla8[dH]) -> 5.8 | DA14: =_xlfn.XLOOKUP(,Tabla8[Selec. Solvent],Tabla8[Radius])*COS(CK14)+ _xlfn.XLOOKUP(3,Tabla8[Selec. Solvent],Tabla8[dD]) -> 14.8 | DB14: =(_xlfn.XLOOKUP(4,Tabla8[Selec. Solvent],Tabla8[Radius]))*SIN(CK14)+ _xlfn.XLOOKUP(4,Tabla8[Selec. Solvent],Tabla8[dD]) -> 15.9 | DC14: =_xlfn.XLOOKUP(4,Tabla8[Selec. Solvent],Tabla8[Radius])*COS(CK14)+ _xlfn.XLOOKUP(4,Tabla8[Selec. Solvent],Tabla8[dP]) -> 6 | DD14: =_xlfn.XLOOKUP(4,Tabla8[Selec. Solvent],Tabla8[Radius])*SIN(CK14)+ _xlfn.XLOOKUP(4,Tabla8[Selec. Solvent],Tabla8[dH]) -> 6.6 | DE14: =_xlfn.XLOOKUP(4,Tabla8[Selec. Solvent],Tabla8[Radius])*COS(CK14)+ _xlfn.XLOOKUP(4,Tabla8[Selec. Solvent],Tabla8[dD]) -> 15.9
A15: 14861-06-4 | B15: =VLOOKUP(Tabla8[[#This Row],[CAS]],Tabla1[],2,FALSE) -> Vinyl Crotonate | C15: =VLOOKUP(Tabla8[[#This Row],[CAS]],Tabla1[],3,FALSE) -> 15.9 | D15: =VLOOKUP(Tabla8[[#This Row],[CAS]],Tabla1[],4,FALSE) -> 5 | E15: =VLOOKUP(Tabla8[[#This Row],[CAS]],Tabla1[],5,FALSE) -> 9 | F15: =VLOOKUP(Tabla8[[#This Row],[CAS]],Tabla1[],6,FALSE) | G15: =SQRT(4* (dD-Tabla8[[#This Row],[dD]])^2 + (dP-Tabla8[[#This Row],[dP]])^2 + (dH-Tabla8[[#This Row],[dH]])^2) -> 1.4696938 | I15: =IF(Tabla8[[#This Row],[%]]<>"",Tabla8[[#This Row],[%]]/100*Tabla8[[#This Row],[dD]],"") | J15: =IF(Tabla8[[#This Row],[%]]<>"",Tabla8[[#This Row],[%]]/100*Tabla8[[#This Row],[dP]],"") | K15: =IF(Tabla8[[#This Row],[%]]<>"",Tabla8[[#This Row],[%]]/100*Tabla8[[#This Row],[dH]],"") | L15: =VLOOKUP(Tabla8[[#This Row],[CAS]],Tabla1[],8,FALSE) -> 0 | M15: =IF((Tabla8[[#This Row],[Radius]])=0, "No Radius", SQRT(Tabla8[[#This Row],[Distance]]^2)-(Tabla8[[#This Row],[Radius]]+ R_)) -> No Radius | O15: =IFERROR(_xlfn.XLOOKUP(Tabla8[[#This Row],[Selec. Solvent]], Tabla12[Nº],Tabla12[% Total]), "-") -> - | R15: 20 | S15: =100-R15 -> 80 | T15: =($R15*T$3+$S15*T$4)/100 -> 16 | U15: =($R15*U$3+$S15*U$4)/100 -> 6.2 | V15: =($R15*V$3+$S15*V$4)/100 -> 3 | W15: =SQRT(4*(T15-dD)^2+(U15-dP)^2+(V15-dH)^2) -> 5.2038447 | X15: =IFERROR(W15/R_, "No data in R") -> No data in R | CJ15: 60 | CK15: =RADIANS(Tabla3[[#This Row],[Angle º]]) -> 1.0471976 | CL15: =$F$3*SIN(CK15)+ dD -> 15.4 | CM15: =$F$3*COS(CK15)+ dP -> 5.4 | CN15: =$F$3*SIN(CK15)+ dH -> 8 | CO15: =$F$3*COS(CK15)+ dD -> 15.4 | CP15: =(_xlfn.XLOOKUP(1,Tabla8[Selec. Solvent],Tabla8[Radius]))*SIN(CK15)+ _xlfn.XLOOKUP(1,Tabla8[Selec. Solvent],Tabla8[dD]) -> 16 | CQ15: =_xlfn.XLOOKUP(1,Tabla8[Selec. Solvent],Tabla8[Radius])*COS(CK15)+ _xlfn.XLOOKUP(1,Tabla8[Selec. Solvent],Tabla8[dP]) -> 5 | CR15: =_xlfn.XLOOKUP(1,Tabla8[Selec. Solvent],Tabla8[Radius])*SIN(CK15)+ _xlfn.XLOOKUP(1,Tabla8[Selec. Solvent],Tabla8[dH]) -> 5.4 | CS15: =_xlfn.XLOOKUP(1,Tabla8[Selec. Solvent],Tabla8[Radius])*COS(CK15)+ _xlfn.XLOOKUP(1,Tabla8[Selec. Solvent],Tabla8[dD]) -> 16 | CT15: =(_xlfn.XLOOKUP(2,Tabla8[Selec. Solvent],Tabla8[Radius]))*SIN(CK15)+ _xlfn.XLOOKUP(2,Tabla8[Selec. Solvent],Tabla8[dD]) -> 16 | CU15: =_xlfn.XLOOKUP(2,Tabla8[Selec. Solvent],Tabla8[Radius])*COS(CK15)+ _xlfn.XLOOKUP(2,Tabla8[Selec. Solvent],Tabla8[dP]) -> 6.5 | CV15: =_xlfn.XLOOKUP(2,Tabla8[Selec. Solvent],Tabla8[Radius])*SIN(CK15)+ _xlfn.XLOOKUP(2,Tabla8[Selec. Solvent],Tabla8[dH]) -> 2.4 | CW15: =_xlfn.XLOOKUP(2,Tabla8[Selec. Solvent],Tabla8[Radius])*COS(CK15)+ _xlfn.XLOOKUP(2,Tabla8[Selec. Solvent],Tabla8[dD]) -> 16 | CX15: =(_xlfn.XLOOKUP(3,Tabla8[Selec. Solvent],Tabla8[Radius]))*SIN(CK15)+ _xlfn.XLOOKUP(3,Tabla8[Selec. Solvent],Tabla8[dD]) -> 14.8 | CY15: =_xlfn.XLOOKUP(3,Tabla8[Selec. Solvent],Tabla8[Radius])*COS(CK15)+ _xlfn.XLOOKUP(3,Tabla8[Selec. Solvent],Tabla8[dP]) -> 4.2 | CZ15: =_xlfn.XLOOKUP(3,Tabla8[Selec. Solvent],Tabla8[Radius])*SIN(CK15)+ _xlfn.XLOOKUP(3,Tabla8[Selec. Solvent],Tabla8[dH]) -> 5.8 | DA15: =_xlfn.XLOOKUP(,Tabla8[Selec. Solvent],Tabla8[Radius])*COS(CK15)+ _xlfn.XLOOKUP(3,Tabla8[Selec. Solvent],Tabla8[dD]) -> 14.8 | DB15: =(_xlfn.XLOOKUP(4,Tabla8[Selec. Solvent],Tabla8[Radius]))*SIN(CK15)+ _xlfn.XLOOKUP(4,Tabla8[Selec. Solvent],Tabla8[dD]) -> 15.9 | DC15: =_xlfn.XLOOKUP(4,Tabla8[Selec. Solvent],Tabla8[Radius])*COS(CK15)+ _xlfn.XLOOKUP(4,Tabla8[Selec. Solvent],Tabla8[dP]) -> 6 | DD15: =_xlfn.XLOOKUP(4,Tabla8[Selec. Solvent],Tabla8[Radius])*SIN(CK15)+ _xlfn.XLOOKUP(4,Tabla8[Selec. Solvent],Tabla8[dH]) -> 6.6 | DE15: =_xlfn.XLOOKUP(4,Tabla8[Selec. Solvent],Tabla8[Radius])*COS(CK15)+ _xlfn.XLOOKUP(4,Tabla8[Selec. Solvent],Tabla8[dD]) -> 15.9
A16: 109-93-3 | B16: =VLOOKUP(Tabla8[[#This Row],[CAS]],Tabla1[],2,FALSE) -> Vinyl Ether | C16: =VLOOKUP(Tabla8[[#This Row],[CAS]],Tabla1[],3,FALSE) -> 14.8 | D16: =VLOOKUP(Tabla8[[#This Row],[CAS]],Tabla1[],4,FALSE) -> 4.2 | E16: =VLOOKUP(Tabla8[[#This Row],[CAS]],Tabla1[],5,FALSE) -> 5.8 | F16: =VLOOKUP(Tabla8[[#This Row],[CAS]],Tabla1[],6,FALSE) | G16: =SQRT(4* (dD-Tabla8[[#This Row],[dD]])^2 + (dP-Tabla8[[#This Row],[dP]])^2 + (dH-Tabla8[[#This Row],[dH]])^2) -> 2.7784888 | I16: =IF(Tabla8[[#This Row],[%]]<>"",Tabla8[[#This Row],[%]]/100*Tabla8[[#This Row],[dD]],"") | J16: =IF(Tabla8[[#This Row],[%]]<>"",Tabla8[[#This Row],[%]]/100*Tabla8[[#This Row],[dP]],"") | K16: =IF(Tabla8[[#This Row],[%]]<>"",Tabla8[[#This Row],[%]]/100*Tabla8[[#This Row],[dH]],"") | L16: =VLOOKUP(Tabla8[[#This Row],[CAS]],Tabla1[],8,FALSE) -> 0 | M16: =IF((Tabla8[[#This Row],[Radius]])=0, "No Radius", SQRT(Tabla8[[#This Row],[Distance]]^2)-(Tabla8[[#This Row],[Radius]]+ R_)) -> No Radius | N16: 3 | O16: =IFERROR(_xlfn.XLOOKUP(Tabla8[[#This Row],[Selec. Solvent]], Tabla12[Nº],Tabla12[% Total]), "-") -> 0.24771879 | R16: 10 | S16: =100-R16 -> 90 | T16: =($R16*T$3+$S16*T$4)/100 -> 16 | U16: =($R16*U$3+$S16*U$4)/100 -> 6.35 | V16: =($R16*V$3+$S16*V$4)/100 -> 2.7 | W16: =SQRT(4*(T16-dD)^2+(U16-dP)^2+(V16-dH)^2) -> 5.516566 | X16: =IFERROR(W16/R_, "No data in R") -> No data in R | CJ16: 65 | CK16: =RADIANS(Tabla3[[#This Row],[Angle º]]) -> 1.134464 | CL16: =$F$3*SIN(CK16)+ dD -> 15.4 | CM16: =$F$3*COS(CK16)+ dP -> 5.4 | CN16: =$F$3*SIN(CK16)+ dH -> 8 | CO16: =$F$3*COS(CK16)+ dD -> 15.4 | CP16: =(_xlfn.XLOOKUP(1,Tabla8[Selec. Solvent],Tabla8[Radius]))*SIN(CK16)+ _xlfn.XLOOKUP(1,Tabla8[Selec. Solvent],Tabla8[dD]) -> 16 | CQ16: =_xlfn.XLOOKUP(1,Tabla8[Selec. Solvent],Tabla8[Radius])*COS(CK16)+ _xlfn.XLOOKUP(1,Tabla8[Selec. Solvent],Tabla8[dP]) -> 5 | CR16: =_xlfn.XLOOKUP(1,Tabla8[Selec. Solvent],Tabla8[Radius])*SIN(CK16)+ _xlfn.XLOOKUP(1,Tabla8[Selec. Solvent],Tabla8[dH]) -> 5.4 | CS16: =_xlfn.XLOOKUP(1,Tabla8[Selec. Solvent],Tabla8[Radius])*COS(CK16)+ _xlfn.XLOOKUP(1,Tabla8[Selec. Solvent],Tabla8[dD]) -> 16 | CT16: =(_xlfn.XLOOKUP(2,Tabla8[Selec. Solvent],Tabla8[Radius]))*SIN(CK16)+ _xlfn.XLOOKUP(2,Tabla8[Selec. Solvent],Tabla8[dD]) -> 16 | CU16: =_xlfn.XLOOKUP(2,Tabla8[Selec. Solvent],Tabla8[Radius])*COS(CK16)+ _xlfn.XLOOKUP(2,Tabla8[Selec. Solvent],Tabla8[dP]) -> 6.5 | CV16: =_xlfn.XLOOKUP(2,Tabla8[Selec. Solvent],Tabla8[Radius])*SIN(CK16)+ _xlfn.XLOOKUP(2,Tabla8[Selec. Solvent],Tabla8[dH]) -> 2.4 | CW16: =_xlfn.XLOOKUP(2,Tabla8[Selec. Solvent],Tabla8[Radius])*COS(CK16)+ _xlfn.XLOOKUP(2,Tabla8[Selec. Solvent],Tabla8[dD]) -> 16 | CX16: =(_xlfn.XLOOKUP(3,Tabla8[Selec. Solvent],Tabla8[Radius]))*SIN(CK16)+ _xlfn.XLOOKUP(3,Tabla8[Selec. Solvent],Tabla8[dD]) -> 14.8 | CY16: =_xlfn.XLOOKUP(3,Tabla8[Selec. Solvent],Tabla8[Radius])*COS(CK16)+ _xlfn.XLOOKUP(3,Tabla8[Selec. Solvent],Tabla8[dP]) -> 4.2 | CZ16: =_xlfn.XLOOKUP(3,Tabla8[Selec. Solvent],Tabla8[Radius])*SIN(CK16)+ _xlfn.XLOOKUP(3,Tabla8[Selec. Solvent],Tabla8[dH]) -> 5.8 | DA16: =_xlfn.XLOOKUP(,Tabla8[Selec. Solvent],Tabla8[Radius])*COS(CK16)+ _xlfn.XLOOKUP(3,Tabla8[Selec. Solvent],Tabla8[dD]) -> 14.8 | DB16: =(_xlfn.XLOOKUP(4,Tabla8[Selec. Solvent],Tabla8[Radius]))*SIN(CK16)+ _xlfn.XLOOKUP(4,Tabla8[Selec. Solvent],Tabla8[dD]) -> 15.9 | DC16: =_xlfn.XLOOKUP(4,Tabla8[Selec. Solvent],Tabla8[Radius])*COS(CK16)+ _xlfn.XLOOKUP(4,Tabla8[Selec. Solvent],Tabla8[dP]) -> 6 | DD16: =_xlfn.XLOOKUP(4,Tabla8[Selec. Solvent],Tabla8[Radius])*SIN(CK16)+ _xlfn.XLOOKUP(4,Tabla8[Selec. Solvent],Tabla8[dH]) -> 6.6 | DE16: =_xlfn.XLOOKUP(4,Tabla8[Selec. Solvent],Tabla8[Radius])*COS(CK16)+ _xlfn.XLOOKUP(4,Tabla8[Selec. Solvent],Tabla8[dD]) -> 15.9
A17: 10143-53-0 | B17: =VLOOKUP(Tabla8[[#This Row],[CAS]],Tabla1[],2,FALSE) -> Vinyl Ethyl Carbitol | C17: =VLOOKUP(Tabla8[[#This Row],[CAS]],Tabla1[],3,FALSE) -> 15.9 | D17: =VLOOKUP(Tabla8[[#This Row],[CAS]],Tabla1[],4,FALSE) -> 6 | E17: =VLOOKUP(Tabla8[[#This Row],[CAS]],Tabla1[],5,FALSE) -> 6.6 | F17: =VLOOKUP(Tabla8[[#This Row],[CAS]],Tabla1[],6,FALSE) | G17: =SQRT(4* (dD-Tabla8[[#This Row],[dD]])^2 + (dP-Tabla8[[#This Row],[dP]])^2 + (dH-Tabla8[[#This Row],[dH]])^2) -> 1.8220867 | I17: =IF(Tabla8[[#This Row],[%]]<>"",Tabla8[[#This Row],[%]]/100*Tabla8[[#This Row],[dD]],"") | J17: =IF(Tabla8[[#This Row],[%]]<>"",Tabla8[[#This Row],[%]]/100*Tabla8[[#This Row],[dP]],"") | K17: =IF(Tabla8[[#This Row],[%]]<>"",Tabla8[[#This Row],[%]]/100*Tabla8[[#This Row],[dH]],"") | L17: =VLOOKUP(Tabla8[[#This Row],[CAS]],Tabla1[],8,FALSE) -> 0 | M17: =IF((Tabla8[[#This Row],[Radius]])=0, "No Radius", SQRT(Tabla8[[#This Row],[Distance]]^2)-(Tabla8[[#This Row],[Radius]]+ R_)) -> No Radius | N17: 4 | O17: =IFERROR(_xlfn.XLOOKUP(Tabla8[[#This Row],[Selec. Solvent]], Tabla12[Nº],Tabla12[% Total]), "-") -> 0.75228122 | R17: 0 | S17: =100-R17 -> 100 | T17: =($R17*T$3+$S17*T$4)/100 -> 16 | U17: =($R17*U$3+$S17*U$4)/100 -> 6.5 | V17: =($R17*V$3+$S17*V$4)/100 -> 2.4 | W17: =SQRT(4*(T17-dD)^2+(U17-dP)^2+(V17-dH)^2) -> 5.8318093 | X17: =IFERROR(W17/R_, "No data in R") -> No data in R | CJ17: 70 | CK17: =RADIANS(Tabla3[[#This Row],[Angle º]]) -> 1.2217305 | CL17: =$F$3*SIN(CK17)+ dD -> 15.4 | CM17: =$F$3*COS(CK17)+ dP -> 5.4 | CN17: =$F$3*SIN(CK17)+ dH -> 8 | CO17: =$F$3*COS(CK17)+ dD -> 15.4 | CP17: =(_xlfn.XLOOKUP(1,Tabla8[Selec. Solvent],Tabla8[Radius]))*SIN(CK17)+ _xlfn.XLOOKUP(1,Tabla8[Selec. Solvent],Tabla8[dD]) -> 16 | CQ17: =_xlfn.XLOOKUP(1,Tabla8[Selec. Solvent],Tabla8[Radius])*COS(CK17)+ _xlfn.XLOOKUP(1,Tabla8[Selec. Solvent],Tabla8[dP]) -> 5 | CR17: =_xlfn.XLOOKUP(1,Tabla8[Selec. Solvent],Tabla8[Radius])*SIN(CK17)+ _xlfn.XLOOKUP(1,Tabla8[Selec. Solvent],Tabla8[dH]) -> 5.4 | CS17: =_xlfn.XLOOKUP(1,Tabla8[Selec. Solvent],Tabla8[Radius])*COS(CK17)+ _xlfn.XLOOKUP(1,Tabla8[Selec. Solvent],Tabla8[dD]) -> 16 | CT17: =(_xlfn.XLOOKUP(2,Tabla8[Selec. Solvent],Tabla8[Radius]))*SIN(CK17)+ _xlfn.XLOOKUP(2,Tabla8[Selec. Solvent],Tabla8[dD]) -> 16 | CU17: =_xlfn.XLOOKUP(2,Tabla8[Selec. Solvent],Tabla8[Radius])*COS(CK17)+ _xlfn.XLOOKUP(2,Tabla8[Selec. Solvent],Tabla8[dP]) -> 6.5 | CV17: =_xlfn.XLOOKUP(2,Tabla8[Selec. Solvent],Tabla8[Radius])*SIN(CK17)+ _xlfn.XLOOKUP(2,Tabla8[Selec. Solvent],Tabla8[dH]) -> 2.4 | CW17: =_xlfn.XLOOKUP(2,Tabla8[Selec. Solvent],Tabla8[Radius])*COS(CK17)+ _xlfn.XLOOKUP(2,Tabla8[Selec. Solvent],Tabla8[dD]) -> 16 | CX17: =(_xlfn.XLOOKUP(3,Tabla8[Selec. Solvent],Tabla8[Radius]))*SIN(CK17)+ _xlfn.XLOOKUP(3,Tabla8[Selec. Solvent],Tabla8[dD]) -> 14.8 | CY17: =_xlfn.XLOOKUP(3,Tabla8[Selec. Solvent],Tabla8[Radius])*COS(CK17)+ _xlfn.XLOOKUP(3,Tabla8[Selec. Solvent],Tabla8[dP]) -> 4.2 | CZ17: =_xlfn.XLOOKUP(3,Tabla8[Selec. Solvent],Tabla8[Radius])*SIN(CK17)+ _xlfn.XLOOKUP(3,Tabla8[Selec. Solvent],Tabla8[dH]) -> 5.8 | DA17: =_xlfn.XLOOKUP(,Tabla8[Selec. Solvent],Tabla8[Radius])*COS(CK17)+ _xlfn.XLOOKUP(3,Tabla8[Selec. Solvent],Tabla8[dD]) -> 14.8 | DB17: =(_xlfn.XLOOKUP(4,Tabla8[Selec. Solvent],Tabla8[Radius]))*SIN(CK17)+ _xlfn.XLOOKUP(4,Tabla8[Selec. Solvent],Tabla8[dD]) -> 15.9 | DC17: =_xlfn.XLOOKUP(4,Tabla8[Selec. Solvent],Tabla8[Radius])*COS(CK17)+ _xlfn.XLOOKUP(4,Tabla8[Selec. Solvent],Tabla8[dP]) -> 6 | DD17: =_xlfn.XLOOKUP(4,Tabla8[Selec. Solvent],Tabla8[Radius])*SIN(CK17)+ _xlfn.XLOOKUP(4,Tabla8[Selec. Solvent],Tabla8[dH]) -> 6.6 | DE17: =_xlfn.XLOOKUP(4,Tabla8[Selec. Solvent],Tabla8[Radius])*COS(CK17)+ _xlfn.XLOOKUP(4,Tabla8[Selec. Solvent],Tabla8[dD]) -> 15.9
CJ18: 75 | CK18: =RADIANS(Tabla3[[#This Row],[Angle º]]) -> 1.3089969 | CL18: =$F$3*SIN(CK18)+ dD -> 15.4 | CM18: =$F$3*COS(CK18)+ dP -> 5.4 | CN18: =$F$3*SIN(CK18)+ dH -> 8 | CO18: =$F$3*COS(CK18)+ dD -> 15.4 | CP18: =(_xlfn.XLOOKUP(1,Tabla8[Selec. Solvent],Tabla8[Radius]))*SIN(CK18)+ _xlfn.XLOOKUP(1,Tabla8[Selec. Solvent],Tabla8[dD]) -> 16 | CQ18: =_xlfn.XLOOKUP(1,Tabla8[Selec. Solvent],Tabla8[Radius])*COS(CK18)+ _xlfn.XLOOKUP(1,Tabla8[Selec. Solvent],Tabla8[dP]) -> 5 | CR18: =_xlfn.XLOOKUP(1,Tabla8[Selec. Solvent],Tabla8[Radius])*SIN(CK18)+ _xlfn.XLOOKUP(1,Tabla8[Selec. Solvent],Tabla8[dH]) -> 5.4 | CS18: =_xlfn.XLOOKUP(1,Tabla8[Selec. Solvent],Tabla8[Radius])*COS(CK18)+ _xlfn.XLOOKUP(1,Tabla8[Selec. Solvent],Tabla8[dD]) -> 16 | CT18: =(_xlfn.XLOOKUP(2,Tabla8[Selec. Solvent],Tabla8[Radius]))*SIN(CK18)+ _xlfn.XLOOKUP(2,Tabla8[Selec. Solvent],Tabla8[dD]) -> 16 | CU18: =_xlfn.XLOOKUP(2,Tabla8[Selec. Solvent],Tabla8[Radius])*COS(CK18)+ _xlfn.XLOOKUP(2,Tabla8[Selec. Solvent],Tabla8[dP]) -> 6.5 | CV18: =_xlfn.XLOOKUP(2,Tabla8[Selec. Solvent],Tabla8[Radius])*SIN(CK18)+ _xlfn.XLOOKUP(2,Tabla8[Selec. Solvent],Tabla8[dH]) -> 2.4 | CW18: =_xlfn.XLOOKUP(2,Tabla8[Selec. Solvent],Tabla8[Radius])*COS(CK18)+ _xlfn.XLOOKUP(2,Tabla8[Selec. Solvent],Tabla8[dD]) -> 16 | CX18: =(_xlfn.XLOOKUP(3,Tabla8[Selec. Solvent],Tabla8[Radius]))*SIN(CK18)+ _xlfn.XLOOKUP(3,Tabla8[Selec. Solvent],Tabla8[dD]) -> 14.8 | CY18: =_xlfn.XLOOKUP(3,Tabla8[Selec. Solvent],Tabla8[Radius])*COS(CK18)+ _xlfn.XLOOKUP(3,Tabla8[Selec. Solvent],Tabla8[dP]) -> 4.2 | CZ18: =_xlfn.XLOOKUP(3,Tabla8[Selec. Solvent],Tabla8[Radius])*SIN(CK18)+ _xlfn.XLOOKUP(3,Tabla8[Selec. Solvent],Tabla8[dH]) -> 5.8 | DA18: =_xlfn.XLOOKUP(,Tabla8[Selec. Solvent],Tabla8[Radius])*COS(CK18)+ _xlfn.XLOOKUP(3,Tabla8[Selec. Solvent],Tabla8[dD]) -> 14.8 | DB18: =(_xlfn.XLOOKUP(4,Tabla8[Selec. Solvent],Tabla8[Radius]))*SIN(CK18)+ _xlfn.XLOOKUP(4,Tabla8[Selec. Solvent],Tabla8[dD]) -> 15.9 | DC18: =_xlfn.XLOOKUP(4,Tabla8[Selec. Solvent],Tabla8[Radius])*COS(CK18)+ _xlfn.XLOOKUP(4,Tabla8[Selec. Solvent],Tabla8[dP]) -> 6 | DD18: =_xlfn.XLOOKUP(4,Tabla8[Selec. Solvent],Tabla8[Radius])*SIN(CK18)+ _xlfn.XLOOKUP(4,Tabla8[Selec. Solvent],Tabla8[dH]) -> 6.6 | DE18: =_xlfn.XLOOKUP(4,Tabla8[Selec. Solvent],Tabla8[Radius])*COS(CK18)+ _xlfn.XLOOKUP(4,Tabla8[Selec. Solvent],Tabla8[dD]) -> 15.9
R19: Distance | S19: Temperature (ºC) | T19: MVol | U19: RT | V19: Chi parameter | CJ19: 80 | CK19: =RADIANS(Tabla3[[#This Row],[Angle º]]) -> 1.3962634 | CL19: =$F$3*SIN(CK19)+ dD -> 15.4 | CM19: =$F$3*COS(CK19)+ dP -> 5.4 | CN19: =$F$3*SIN(CK19)+ dH -> 8 | CO19: =$F$3*COS(CK19)+ dD -> 15.4 | CP19: =(_xlfn.XLOOKUP(1,Tabla8[Selec. Solvent],Tabla8[Radius]))*SIN(CK19)+ _xlfn.XLOOKUP(1,Tabla8[Selec. Solvent],Tabla8[dD]) -> 16 | CQ19: =_xlfn.XLOOKUP(1,Tabla8[Selec. Solvent],Tabla8[Radius])*COS(CK19)+ _xlfn.XLOOKUP(1,Tabla8[Selec. Solvent],Tabla8[dP]) -> 5 | CR19: =_xlfn.XLOOKUP(1,Tabla8[Selec. Solvent],Tabla8[Radius])*SIN(CK19)+ _xlfn.XLOOKUP(1,Tabla8[Selec. Solvent],Tabla8[dH]) -> 5.4 | CS19: =_xlfn.XLOOKUP(1,Tabla8[Selec. Solvent],Tabla8[Radius])*COS(CK19)+ _xlfn.XLOOKUP(1,Tabla8[Selec. Solvent],Tabla8[dD]) -> 16 | CT19: =(_xlfn.XLOOKUP(2,Tabla8[Selec. Solvent],Tabla8[Radius]))*SIN(CK19)+ _xlfn.XLOOKUP(2,Tabla8[Selec. Solvent],Tabla8[dD]) -> 16 | CU19: =_xlfn.XLOOKUP(2,Tabla8[Selec. Solvent],Tabla8[Radius])*COS(CK19)+ _xlfn.XLOOKUP(2,Tabla8[Selec. Solvent],Tabla8[dP]) -> 6.5 | CV19: =_xlfn.XLOOKUP(2,Tabla8[Selec. Solvent],Tabla8[Radius])*SIN(CK19)+ _xlfn.XLOOKUP(2,Tabla8[Selec. Solvent],Tabla8[dH]) -> 2.4 | CW19: =_xlfn.XLOOKUP(2,Tabla8[Selec. Solvent],Tabla8[Radius])*COS(CK19)+ _xlfn.XLOOKUP(2,Tabla8[Selec. Solvent],Tabla8[dD]) -> 16 | CX19: =(_xlfn.XLOOKUP(3,Tabla8[Selec. Solvent],Tabla8[Radius]))*SIN(CK19)+ _xlfn.XLOOKUP(3,Tabla8[Selec. Solvent],Tabla8[dD]) -> 14.8 | CY19: =_xlfn.XLOOKUP(3,Tabla8[Selec. Solvent],Tabla8[Radius])*COS(CK19)+ _xlfn.XLOOKUP(3,Tabla8[Selec. Solvent],Tabla8[dP]) -> 4.2 | CZ19: =_xlfn.XLOOKUP(3,Tabla8[Selec. Solvent],Tabla8[Radius])*SIN(CK19)+ _xlfn.XLOOKUP(3,Tabla8[Selec. Solvent],Tabla8[dH]) -> 5.8 | DA19: =_xlfn.XLOOKUP(,Tabla8[Selec. Solvent],Tabla8[Radius])*COS(CK19)+ _xlfn.XLOOKUP(3,Tabla8[Selec. Solvent],Tabla8[dD]) -> 14.8 | DB19: =(_xlfn.XLOOKUP(4,Tabla8[Selec. Solvent],Tabla8[Radius]))*SIN(CK19)+ _xlfn.XLOOKUP(4,Tabla8[Selec. Solvent],Tabla8[dD]) -> 15.9 | DC19: =_xlfn.XLOOKUP(4,Tabla8[Selec. Solvent],Tabla8[Radius])*COS(CK19)+ _xlfn.XLOOKUP(4,Tabla8[Selec. Solvent],Tabla8[dP]) -> 6 | DD19: =_xlfn.XLOOKUP(4,Tabla8[Selec. Solvent],Tabla8[Radius])*SIN(CK19)+ _xlfn.XLOOKUP(4,Tabla8[Selec. Solvent],Tabla8[dH]) -> 6.6 | DE19: =_xlfn.XLOOKUP(4,Tabla8[Selec. Solvent],Tabla8[Radius])*COS(CK19)+ _xlfn.XLOOKUP(4,Tabla8[Selec. Solvent],Tabla8[dD]) -> 15.9
R20: =MIN(W7:W17) -> 2.8913665 | S20: 25 | T20: {=IFERROR(((_xlfn._xlws.FILTER(Tabla8[MVol],Tabla8[Selec. Solvent]=1))*$BI$13*0.01 + (_xlfn._xlws.FILTER(Tabla8[MVol],Tabla8[Selec. Solvent]=2))*$BJ$13*0.01), "No MVol")} -> No MVol | U20: =8.3*(Temperature+273.15) -> 2474.645 | V20: =IFERROR(MVolChi*Distance^2/(4*RT), "No MVol") -> No MVol | CJ20: 85 | CK20: =RADIANS(Tabla3[[#This Row],[Angle º]]) -> 1.4835299 | CL20: =$F$3*SIN(CK20)+ dD -> 15.4 | CM20: =$F$3*COS(CK20)+ dP -> 5.4 | CN20: =$F$3*SIN(CK20)+ dH -> 8 | CO20: =$F$3*COS(CK20)+ dD -> 15.4 | CP20: =(_xlfn.XLOOKUP(1,Tabla8[Selec. Solvent],Tabla8[Radius]))*SIN(CK20)+ _xlfn.XLOOKUP(1,Tabla8[Selec. Solvent],Tabla8[dD]) -> 16 | CQ20: =_xlfn.XLOOKUP(1,Tabla8[Selec. Solvent],Tabla8[Radius])*COS(CK20)+ _xlfn.XLOOKUP(1,Tabla8[Selec. Solvent],Tabla8[dP]) -> 5 | CR20: =_xlfn.XLOOKUP(1,Tabla8[Selec. Solvent],Tabla8[Radius])*SIN(CK20)+ _xlfn.XLOOKUP(1,Tabla8[Selec. Solvent],Tabla8[dH]) -> 5.4 | CS20: =_xlfn.XLOOKUP(1,Tabla8[Selec. Solvent],Tabla8[Radius])*COS(CK20)+ _xlfn.XLOOKUP(1,Tabla8[Selec. Solvent],Tabla8[dD]) -> 16 | CT20: =(_xlfn.XLOOKUP(2,Tabla8[Selec. Solvent],Tabla8[Radius]))*SIN(CK20)+ _xlfn.XLOOKUP(2,Tabla8[Selec. Solvent],Tabla8[dD]) -> 16 | CU20: =_xlfn.XLOOKUP(2,Tabla8[Selec. Solvent],Tabla8[Radius])*COS(CK20)+ _xlfn.XLOOKUP(2,Tabla8[Selec. Solvent],Tabla8[dP]) -> 6.5 | CV20: =_xlfn.XLOOKUP(2,Tabla8[Selec. Solvent],Tabla8[Radius])*SIN(CK20)+ _xlfn.XLOOKUP(2,Tabla8[Selec. Solvent],Tabla8[dH]) -> 2.4 | CW20: =_xlfn.XLOOKUP(2,Tabla8[Selec. Solvent],Tabla8[Radius])*COS(CK20)+ _xlfn.XLOOKUP(2,Tabla8[Selec. Solvent],Tabla8[dD]) -> 16 | CX20: =(_xlfn.XLOOKUP(3,Tabla8[Selec. Solvent],Tabla8[Radius]))*SIN(CK20)+ _xlfn.XLOOKUP(3,Tabla8[Selec. Solvent],Tabla8[dD]) -> 14.8 | CY20: =_xlfn.XLOOKUP(3,Tabla8[Selec. Solvent],Tabla8[Radius])*COS(CK20)+ _xlfn.XLOOKUP(3,Tabla8[Selec. Solvent],Tabla8[dP]) -> 4.2 | CZ20: =_xlfn.XLOOKUP(3,Tabla8[Selec. Solvent],Tabla8[Radius])*SIN(CK20)+ _xlfn.XLOOKUP(3,Tabla8[Selec. Solvent],Tabla8[dH]) -> 5.8 | DA20: =_xlfn.XLOOKUP(,Tabla8[Selec. Solvent],Tabla8[Radius])*COS(CK20)+ _xlfn.XLOOKUP(3,Tabla8[Selec. Solvent],Tabla8[dD]) -> 14.8 | DB20: =(_xlfn.XLOOKUP(4,Tabla8[Selec. Solvent],Tabla8[Radius]))*SIN(CK20)+ _xlfn.XLOOKUP(4,Tabla8[Selec. Solvent],Tabla8[dD]) -> 15.9 | DC20: =_xlfn.XLOOKUP(4,Tabla8[Selec. Solvent],Tabla8[Radius])*COS(CK20)+ _xlfn.XLOOKUP(4,Tabla8[Selec. Solvent],Tabla8[dP]) -> 6 | DD20: =_xlfn.XLOOKUP(4,Tabla8[Selec. Solvent],Tabla8[Radius])*SIN(CK20)+ _xlfn.XLOOKUP(4,Tabla8[Selec. Solvent],Tabla8[dH]) -> 6.6 | DE20: =_xlfn.XLOOKUP(4,Tabla8[Selec. Solvent],Tabla8[Radius])*COS(CK20)+ _xlfn.XLOOKUP(4,Tabla8[Selec. Solvent],Tabla8[dD]) -> 15.9
CJ21: 90 | CK21: =RADIANS(Tabla3[[#This Row],[Angle º]]) -> 1.5707963 | CL21: =$F$3*SIN(CK21)+ dD -> 15.4 | CM21: =$F$3*COS(CK21)+ dP -> 5.4 | CN21: =$F$3*SIN(CK21)+ dH -> 8 | CO21: =$F$3*COS(CK21)+ dD -> 15.4 | CP21: =(_xlfn.XLOOKUP(1,Tabla8[Selec. Solvent],Tabla8[Radius]))*SIN(CK21)+ _xlfn.XLOOKUP(1,Tabla8[Selec. Solvent],Tabla8[dD]) -> 16 | CQ21: =_xlfn.XLOOKUP(1,Tabla8[Selec. Solvent],Tabla8[Radius])*COS(CK21)+ _xlfn.XLOOKUP(1,Tabla8[Selec. Solvent],Tabla8[dP]) -> 5 | CR21: =_xlfn.XLOOKUP(1,Tabla8[Selec. Solvent],Tabla8[Radius])*SIN(CK21)+ _xlfn.XLOOKUP(1,Tabla8[Selec. Solvent],Tabla8[dH]) -> 5.4 | CS21: =_xlfn.XLOOKUP(1,Tabla8[Selec. Solvent],Tabla8[Radius])*COS(CK21)+ _xlfn.XLOOKUP(1,Tabla8[Selec. Solvent],Tabla8[dD]) -> 16 | CT21: =(_xlfn.XLOOKUP(2,Tabla8[Selec. Solvent],Tabla8[Radius]))*SIN(CK21)+ _xlfn.XLOOKUP(2,Tabla8[Selec. Solvent],Tabla8[dD]) -> 16 | CU21: =_xlfn.XLOOKUP(2,Tabla8[Selec. Solvent],Tabla8[Radius])*COS(CK21)+ _xlfn.XLOOKUP(2,Tabla8[Selec. Solvent],Tabla8[dP]) -> 6.5 | CV21: =_xlfn.XLOOKUP(2,Tabla8[Selec. Solvent],Tabla8[Radius])*SIN(CK21)+ _xlfn.XLOOKUP(2,Tabla8[Selec. Solvent],Tabla8[dH]) -> 2.4 | CW21: =_xlfn.XLOOKUP(2,Tabla8[Selec. Solvent],Tabla8[Radius])*COS(CK21)+ _xlfn.XLOOKUP(2,Tabla8[Selec. Solvent],Tabla8[dD]) -> 16 | CX21: =(_xlfn.XLOOKUP(3,Tabla8[Selec. Solvent],Tabla8[Radius]))*SIN(CK21)+ _xlfn.XLOOKUP(3,Tabla8[Selec. Solvent],Tabla8[dD]) -> 14.8 | CY21: =_xlfn.XLOOKUP(3,Tabla8[Selec. Solvent],Tabla8[Radius])*COS(CK21)+ _xlfn.XLOOKUP(3,Tabla8[Selec. Solvent],Tabla8[dP]) -> 4.2 | CZ21: =_xlfn.XLOOKUP(3,Tabla8[Selec. Solvent],Tabla8[Radius])*SIN(CK21)+ _xlfn.XLOOKUP(3,Tabla8[Selec. Solvent],Tabla8[dH]) -> 5.8 | DA21: =_xlfn.XLOOKUP(,Tabla8[Selec. Solvent],Tabla8[Radius])*COS(CK21)+ _xlfn.XLOOKUP(3,Tabla8[Selec. Solvent],Tabla8[dD]) -> 14.8 | DB21: =(_xlfn.XLOOKUP(4,Tabla8[Selec. Solvent],Tabla8[Radius]))*SIN(CK21)+ _xlfn.XLOOKUP(4,Tabla8[Selec. Solvent],Tabla8[dD]) -> 15.9 | DC21: =_xlfn.XLOOKUP(4,Tabla8[Selec. Solvent],Tabla8[Radius])*COS(CK21)+ _xlfn.XLOOKUP(4,Tabla8[Selec. Solvent],Tabla8[dP]) -> 6 | DD21: =_xlfn.XLOOKUP(4,Tabla8[Selec. Solvent],Tabla8[Radius])*SIN(CK21)+ _xlfn.XLOOKUP(4,Tabla8[Selec. Solvent],Tabla8[dH]) -> 6.6 | DE21: =_xlfn.XLOOKUP(4,Tabla8[Selec. Solvent],Tabla8[Radius])*COS(CK21)+ _xlfn.XLOOKUP(4,Tabla8[Selec. Solvent],Tabla8[dD]) -> 15.9
CJ22: 95 | CK22: =RADIANS(Tabla3[[#This Row],[Angle º]]) -> 1.6580628 | CL22: =$F$3*SIN(CK22)+ dD -> 15.4 | CM22: =$F$3*COS(CK22)+ dP -> 5.4 | CN22: =$F$3*SIN(CK22)+ dH -> 8 | CO22: =$F$3*COS(CK22)+ dD -> 15.4 | CP22: =(_xlfn.XLOOKUP(1,Tabla8[Selec. Solvent],Tabla8[Radius]))*SIN(CK22)+ _xlfn.XLOOKUP(1,Tabla8[Selec. Solvent],Tabla8[dD]) -> 16 | CQ22: =_xlfn.XLOOKUP(1,Tabla8[Selec. Solvent],Tabla8[Radius])*COS(CK22)+ _xlfn.XLOOKUP(1,Tabla8[Selec. Solvent],Tabla8[dP]) -> 5 | CR22: =_xlfn.XLOOKUP(1,Tabla8[Selec. Solvent],Tabla8[Radius])*SIN(CK22)+ _xlfn.XLOOKUP(1,Tabla8[Selec. Solvent],Tabla8[dH]) -> 5.4 | CS22: =_xlfn.XLOOKUP(1,Tabla8[Selec. Solvent],Tabla8[Radius])*COS(CK22)+ _xlfn.XLOOKUP(1,Tabla8[Selec. Solvent],Tabla8[dD]) -> 16 | CT22: =(_xlfn.XLOOKUP(2,Tabla8[Selec. Solvent],Tabla8[Radius]))*SIN(CK22)+ _xlfn.XLOOKUP(2,Tabla8[Selec. Solvent],Tabla8[dD]) -> 16 | CU22: =_xlfn.XLOOKUP(2,Tabla8[Selec. Solvent],Tabla8[Radius])*COS(CK22)+ _xlfn.XLOOKUP(2,Tabla8[Selec. Solvent],Tabla8[dP]) -> 6.5 | CV22: =_xlfn.XLOOKUP(2,Tabla8[Selec. Solvent],Tabla8[Radius])*SIN(CK22)+ _xlfn.XLOOKUP(2,Tabla8[Selec. Solvent],Tabla8[dH]) -> 2.4 | CW22: =_xlfn.XLOOKUP(2,Tabla8[Selec. Solvent],Tabla8[Radius])*COS(CK22)+ _xlfn.XLOOKUP(2,Tabla8[Selec. Solvent],Tabla8[dD]) -> 16 | CX22: =(_xlfn.XLOOKUP(3,Tabla8[Selec. Solvent],Tabla8[Radius]))*SIN(CK22)+ _xlfn.XLOOKUP(3,Tabla8[Selec. Solvent],Tabla8[dD]) -> 14.8 | CY22: =_xlfn.XLOOKUP(3,Tabla8[Selec. Solvent],Tabla8[Radius])*COS(CK22)+ _xlfn.XLOOKUP(3,Tabla8[Selec. Solvent],Tabla8[dP]) -> 4.2 | CZ22: =_xlfn.XLOOKUP(3,Tabla8[Selec. Solvent],Tabla8[Radius])*SIN(CK22)+ _xlfn.XLOOKUP(3,Tabla8[Selec. Solvent],Tabla8[dH]) -> 5.8 | DA22: =_xlfn.XLOOKUP(,Tabla8[Selec. Solvent],Tabla8[Radius])*COS(CK22)+ _xlfn.XLOOKUP(3,Tabla8[Selec. Solvent],Tabla8[dD]) -> 14.8 | DB22: =(_xlfn.XLOOKUP(4,Tabla8[Selec. Solvent],Tabla8[Radius]))*SIN(CK22)+ _xlfn.XLOOKUP(4,Tabla8[Selec. Solvent],Tabla8[dD]) -> 15.9 | DC22: =_xlfn.XLOOKUP(4,Tabla8[Selec. Solvent],Tabla8[Radius])*COS(CK22)+ _xlfn.XLOOKUP(4,Tabla8[Selec. Solvent],Tabla8[dP]) -> 6 | DD22: =_xlfn.XLOOKUP(4,Tabla8[Selec. Solvent],Tabla8[Radius])*SIN(CK22)+ _xlfn.XLOOKUP(4,Tabla8[Selec. Solvent],Tabla8[dH]) -> 6.6 | DE22: =_xlfn.XLOOKUP(4,Tabla8[Selec. Solvent],Tabla8[Radius])*COS(CK22)+ _xlfn.XLOOKUP(4,Tabla8[Selec. Solvent],Tabla8[dD]) -> 15.9
R23: >= 2 Components Blend Calculator (Use SOLVER) | CJ23: 100 | CK23: =RADIANS(Tabla3[[#This Row],[Angle º]]) -> 1.7453293 | CL23: =$F$3*SIN(CK23)+ dD -> 15.4 | CM23: =$F$3*COS(CK23)+ dP -> 5.4 | CN23: =$F$3*SIN(CK23)+ dH -> 8 | CO23: =$F$3*COS(CK23)+ dD -> 15.4 | CP23: =(_xlfn.XLOOKUP(1,Tabla8[Selec. Solvent],Tabla8[Radius]))*SIN(CK23)+ _xlfn.XLOOKUP(1,Tabla8[Selec. Solvent],Tabla8[dD]) -> 16 | CQ23: =_xlfn.XLOOKUP(1,Tabla8[Selec. Solvent],Tabla8[Radius])*COS(CK23)+ _xlfn.XLOOKUP(1,Tabla8[Selec. Solvent],Tabla8[dP]) -> 5 | CR23: =_xlfn.XLOOKUP(1,Tabla8[Selec. Solvent],Tabla8[Radius])*SIN(CK23)+ _xlfn.XLOOKUP(1,Tabla8[Selec. Solvent],Tabla8[dH]) -> 5.4 | CS23: =_xlfn.XLOOKUP(1,Tabla8[Selec. Solvent],Tabla8[Radius])*COS(CK23)+ _xlfn.XLOOKUP(1,Tabla8[Selec. Solvent],Tabla8[dD]) -> 16 | CT23: =(_xlfn.XLOOKUP(2,Tabla8[Selec. Solvent],Tabla8[Radius]))*SIN(CK23)+ _xlfn.XLOOKUP(2,Tabla8[Selec. Solvent],Tabla8[dD]) -> 16 | CU23: =_xlfn.XLOOKUP(2,Tabla8[Selec. Solvent],Tabla8[Radius])*COS(CK23)+ _xlfn.XLOOKUP(2,Tabla8[Selec. Solvent],Tabla8[dP]) -> 6.5 | CV23: =_xlfn.XLOOKUP(2,Tabla8[Selec. Solvent],Tabla8[Radius])*SIN(CK23)+ _xlfn.XLOOKUP(2,Tabla8[Selec. Solvent],Tabla8[dH]) -> 2.4 | CW23: =_xlfn.XLOOKUP(2,Tabla8[Selec. Solvent],Tabla8[Radius])*COS(CK23)+ _xlfn.XLOOKUP(2,Tabla8[Selec. Solvent],Tabla8[dD]) -> 16 | CX23: =(_xlfn.XLOOKUP(3,Tabla8[Selec. Solvent],Tabla8[Radius]))*SIN(CK23)+ _xlfn.XLOOKUP(3,Tabla8[Selec. Solvent],Tabla8[dD]) -> 14.8 | CY23: =_xlfn.XLOOKUP(3,Tabla8[Selec. Solvent],Tabla8[Radius])*COS(CK23)+ _xlfn.XLOOKUP(3,Tabla8[Selec. Solvent],Tabla8[dP]) -> 4.2 | CZ23: =_xlfn.XLOOKUP(3,Tabla8[Selec. Solvent],Tabla8[Radius])*SIN(CK23)+ _xlfn.XLOOKUP(3,Tabla8[Selec. Solvent],Tabla8[dH]) -> 5.8 | DA23: =_xlfn.XLOOKUP(,Tabla8[Selec. Solvent],Tabla8[Radius])*COS(CK23)+ _xlfn.XLOOKUP(3,Tabla8[Selec. Solvent],Tabla8[dD]) -> 14.8 | DB23: =(_xlfn.XLOOKUP(4,Tabla8[Selec. Solvent],Tabla8[Radius]))*SIN(CK23)+ _xlfn.XLOOKUP(4,Tabla8[Selec. Solvent],Tabla8[dD]) -> 15.9 | DC23: =_xlfn.XLOOKUP(4,Tabla8[Selec. Solvent],Tabla8[Radius])*COS(CK23)+ _xlfn.XLOOKUP(4,Tabla8[Selec. Solvent],Tabla8[dP]) -> 6 | DD23: =_xlfn.XLOOKUP(4,Tabla8[Selec. Solvent],Tabla8[Radius])*SIN(CK23)+ _xlfn.XLOOKUP(4,Tabla8[Selec. Solvent],Tabla8[dH]) -> 6.6 | DE23: =_xlfn.XLOOKUP(4,Tabla8[Selec. Solvent],Tabla8[Radius])*COS(CK23)+ _xlfn.XLOOKUP(4,Tabla8[Selec. Solvent],Tabla8[dD]) -> 15.9
R24: Nº | S24: Solvent | T24: dD | U24: dP | V24: dH | W24: % Min | X24: % Max | Y24: % Total | Z24: Price (Unit) | AA24: Price | CJ24: 105 | CK24: =RADIANS(Tabla3[[#This Row],[Angle º]]) -> 1.8325957 | CL24: =$F$3*SIN(CK24)+ dD -> 15.4 | CM24: =$F$3*COS(CK24)+ dP -> 5.4 | CN24: =$F$3*SIN(CK24)+ dH -> 8 | CO24: =$F$3*COS(CK24)+ dD -> 15.4 | CP24: =(_xlfn.XLOOKUP(1,Tabla8[Selec. Solvent],Tabla8[Radius]))*SIN(CK24)+ _xlfn.XLOOKUP(1,Tabla8[Selec. Solvent],Tabla8[dD]) -> 16 | CQ24: =_xlfn.XLOOKUP(1,Tabla8[Selec. Solvent],Tabla8[Radius])*COS(CK24)+ _xlfn.XLOOKUP(1,Tabla8[Selec. Solvent],Tabla8[dP]) -> 5 | CR24: =_xlfn.XLOOKUP(1,Tabla8[Selec. Solvent],Tabla8[Radius])*SIN(CK24)+ _xlfn.XLOOKUP(1,Tabla8[Selec. Solvent],Tabla8[dH]) -> 5.4 | CS24: =_xlfn.XLOOKUP(1,Tabla8[Selec. Solvent],Tabla8[Radius])*COS(CK24)+ _xlfn.XLOOKUP(1,Tabla8[Selec. Solvent],Tabla8[dD]) -> 16 | CT24: =(_xlfn.XLOOKUP(2,Tabla8[Selec. Solvent],Tabla8[Radius]))*SIN(CK24)+ _xlfn.XLOOKUP(2,Tabla8[Selec. Solvent],Tabla8[dD]) -> 16 | CU24: =_xlfn.XLOOKUP(2,Tabla8[Selec. Solvent],Tabla8[Radius])*COS(CK24)+ _xlfn.XLOOKUP(2,Tabla8[Selec. Solvent],Tabla8[dP]) -> 6.5 | CV24: =_xlfn.XLOOKUP(2,Tabla8[Selec. Solvent],Tabla8[Radius])*SIN(CK24)+ _xlfn.XLOOKUP(2,Tabla8[Selec. Solvent],Tabla8[dH]) -> 2.4 | CW24: =_xlfn.XLOOKUP(2,Tabla8[Selec. Solvent],Tabla8[Radius])*COS(CK24)+ _xlfn.XLOOKUP(2,Tabla8[Selec. Solvent],Tabla8[dD]) -> 16 | CX24: =(_xlfn.XLOOKUP(3,Tabla8[Selec. Solvent],Tabla8[Radius]))*SIN(CK24)+ _xlfn.XLOOKUP(3,Tabla8[Selec. Solvent],Tabla8[dD]) -> 14.8 | CY24: =_xlfn.XLOOKUP(3,Tabla8[Selec. Solvent],Tabla8[Radius])*COS(CK24)+ _xlfn.XLOOKUP(3,Tabla8[Selec. Solvent],Tabla8[dP]) -> 4.2 | CZ24: =_xlfn.XLOOKUP(3,Tabla8[Selec. Solvent],Tabla8[Radius])*SIN(CK24)+ _xlfn.XLOOKUP(3,Tabla8[Selec. Solvent],Tabla8[dH]) -> 5.8 | DA24: =_xlfn.XLOOKUP(,Tabla8[Selec. Solvent],Tabla8[Radius])*COS(CK24)+ _xlfn.XLOOKUP(3,Tabla8[Selec. Solvent],Tabla8[dD]) -> 14.8 | DB24: =(_xlfn.XLOOKUP(4,Tabla8[Selec. Solvent],Tabla8[Radius]))*SIN(CK24)+ _xlfn.XLOOKUP(4,Tabla8[Selec. Solvent],Tabla8[dD]) -> 15.9 | DC24: =_xlfn.XLOOKUP(4,Tabla8[Selec. Solvent],Tabla8[Radius])*COS(CK24)+ _xlfn.XLOOKUP(4,Tabla8[Selec. Solvent],Tabla8[dP]) -> 6 | DD24: =_xlfn.XLOOKUP(4,Tabla8[Selec. Solvent],Tabla8[Radius])*SIN(CK24)+ _xlfn.XLOOKUP(4,Tabla8[Selec. Solvent],Tabla8[dH]) -> 6.6 | DE24: =_xlfn.XLOOKUP(4,Tabla8[Selec. Solvent],Tabla8[Radius])*COS(CK24)+ _xlfn.XLOOKUP(4,Tabla8[Selec. Solvent],Tabla8[dD]) -> 15.9
R25: 1 | S25: =_xlfn.XLOOKUP(Tabla12[[#This Row],[Nº]], Tabla8[Selec. Solvent],Tabla8[Solvents], "Select Solvent",0 ) -> Vinyl Butyl Sulfide | T25: =IFERROR( (_xlfn.XLOOKUP(Tabla12[[#This Row],[Nº]], Tabla8[Selec. Solvent],Tabla8[dD], "Select Solvent",0 ))*Tabla12[[#This Row],[% Total]], "") -> 0 | U25: =IFERROR((_xlfn.XLOOKUP(Tabla12[[#This Row],[Nº]],Tabla8[Selec. Solvent],Tabla8[dP], "Select Solvent",0 )) * Tabla12[[#This Row],[% Total]], "") -> 0 | V25: =IFERROR((_xlfn.XLOOKUP(Tabla12[[#This Row],[Nº]],Tabla8[Selec. Solvent],Tabla8[dH], "Select Solvent",0 )) * Tabla12[[#This Row],[% Total]], "") -> 0 | W25: 0 | X25: 1 | Y25: 0 | Z25: 5 | AA25: =Tabla12[[#This Row],[Price (Unit)]]*Tabla12[[#This Row],[% Total]] -> 0 | CJ25: 110 | CK25: =RADIANS(Tabla3[[#This Row],[Angle º]]) -> 1.9198622 | CL25: =$F$3*SIN(CK25)+ dD -> 15.4 | CM25: =$F$3*COS(CK25)+ dP -> 5.4 | CN25: =$F$3*SIN(CK25)+ dH -> 8 | CO25: =$F$3*COS(CK25)+ dD -> 15.4 | CP25: =(_xlfn.XLOOKUP(1,Tabla8[Selec. Solvent],Tabla8[Radius]))*SIN(CK25)+ _xlfn.XLOOKUP(1,Tabla8[Selec. Solvent],Tabla8[dD]) -> 16 | CQ25: =_xlfn.XLOOKUP(1,Tabla8[Selec. Solvent],Tabla8[Radius])*COS(CK25)+ _xlfn.XLOOKUP(1,Tabla8[Selec. Solvent],Tabla8[dP]) -> 5 | CR25: =_xlfn.XLOOKUP(1,Tabla8[Selec. Solvent],Tabla8[Radius])*SIN(CK25)+ _xlfn.XLOOKUP(1,Tabla8[Selec. Solvent],Tabla8[dH]) -> 5.4 | CS25: =_xlfn.XLOOKUP(1,Tabla8[Selec. Solvent],Tabla8[Radius])*COS(CK25)+ _xlfn.XLOOKUP(1,Tabla8[Selec. Solvent],Tabla8[dD]) -> 16 | CT25: =(_xlfn.XLOOKUP(2,Tabla8[Selec. Solvent],Tabla8[Radius]))*SIN(CK25)+ _xlfn.XLOOKUP(2,Tabla8[Selec. Solvent],Tabla8[dD]) -> 16 | CU25: =_xlfn.XLOOKUP(2,Tabla8[Selec. Solvent],Tabla8[Radius])*COS(CK25)+ _xlfn.XLOOKUP(2,Tabla8[Selec. Solvent],Tabla8[dP]) -> 6.5 | CV25: =_xlfn.XLOOKUP(2,Tabla8[Selec. Solvent],Tabla8[Radius])*SIN(CK25)+ _xlfn.XLOOKUP(2,Tabla8[Selec. Solvent],Tabla8[dH]) -> 2.4 | CW25: =_xlfn.XLOOKUP(2,Tabla8[Selec. Solvent],Tabla8[Radius])*COS(CK25)+ _xlfn.XLOOKUP(2,Tabla8[Selec. Solvent],Tabla8[dD]) -> 16 | CX25: =(_xlfn.XLOOKUP(3,Tabla8[Selec. Solvent],Tabla8[Radius]))*SIN(CK25)+ _xlfn.XLOOKUP(3,Tabla8[Selec. Solvent],Tabla8[dD]) -> 14.8 | CY25: =_xlfn.XLOOKUP(3,Tabla8[Selec. Solvent],Tabla8[Radius])*COS(CK25)+ _xlfn.XLOOKUP(3,Tabla8[Selec. Solvent],Tabla8[dP]) -> 4.2 | CZ25: =_xlfn.XLOOKUP(3,Tabla8[Selec. Solvent],Tabla8[Radius])*SIN(CK25)+ _xlfn.XLOOKUP(3,Tabla8[Selec. Solvent],Tabla8[dH]) -> 5.8 | DA25: =_xlfn.XLOOKUP(,Tabla8[Selec. Solvent],Tabla8[Radius])*COS(CK25)+ _xlfn.XLOOKUP(3,Tabla8[Selec. Solvent],Tabla8[dD]) -> 14.8 | DB25: =(_xlfn.XLOOKUP(4,Tabla8[Selec. Solvent],Tabla8[Radius]))*SIN(CK25)+ _xlfn.XLOOKUP(4,Tabla8[Selec. Solvent],Tabla8[dD]) -> 15.9 | DC25: =_xlfn.XLOOKUP(4,Tabla8[Selec. Solvent],Tabla8[Radius])*COS(CK25)+ _xlfn.XLOOKUP(4,Tabla8[Selec. Solvent],Tabla8[dP]) -> 6 | DD25: =_xlfn.XLOOKUP(4,Tabla8[Selec. Solvent],Tabla8[Radius])*SIN(CK25)+ _xlfn.XLOOKUP(4,Tabla8[Selec. Solvent],Tabla8[dH]) -> 6.6 | DE25: =_xlfn.XLOOKUP(4,Tabla8[Selec. Solvent],Tabla8[Radius])*COS(CK25)+ _xlfn.XLOOKUP(4,Tabla8[Selec. Solvent],Tabla8[dD]) -> 15.9
R26: 2 | S26: =_xlfn.XLOOKUP(Tabla12[[#This Row],[Nº]], Tabla8[Selec. Solvent],Tabla8[Solvents], "Select Solvent",0 ) -> Vinyl Chloride | T26: =IFERROR( (_xlfn.XLOOKUP(Tabla12[[#This Row],[Nº]], Tabla8[Selec. Solvent],Tabla8[dD], "Select Solvent",0 ))*Tabla12[[#This Row],[% Total]], "") -> 0 | U26: =IFERROR((_xlfn.XLOOKUP(Tabla12[[#This Row],[Nº]],Tabla8[Selec. Solvent],Tabla8[dP], "Select Solvent",0 )) * Tabla12[[#This Row],[% Total]], "") -> 0 | V26: =IFERROR((_xlfn.XLOOKUP(Tabla12[[#This Row],[Nº]],Tabla8[Selec. Solvent],Tabla8[dH], "Select Solvent",0 )) * Tabla12[[#This Row],[% Total]], "") -> 0 | W26: 0 | X26: 1 | Y26: 0 | Z26: 3 | AA26: =Tabla12[[#This Row],[Price (Unit)]]*Tabla12[[#This Row],[% Total]] -> 0 | CJ26: 115 | CK26: =RADIANS(Tabla3[[#This Row],[Angle º]]) -> 2.0071286 | CL26: =$F$3*SIN(CK26)+ dD -> 15.4 | CM26: =$F$3*COS(CK26)+ dP -> 5.4 | CN26: =$F$3*SIN(CK26)+ dH -> 8 | CO26: =$F$3*COS(CK26)+ dD -> 15.4 | CP26: =(_xlfn.XLOOKUP(1,Tabla8[Selec. Solvent],Tabla8[Radius]))*SIN(CK26)+ _xlfn.XLOOKUP(1,Tabla8[Selec. Solvent],Tabla8[dD]) -> 16 | CQ26: =_xlfn.XLOOKUP(1,Tabla8[Selec. Solvent],Tabla8[Radius])*COS(CK26)+ _xlfn.XLOOKUP(1,Tabla8[Selec. Solvent],Tabla8[dP]) -> 5 | CR26: =_xlfn.XLOOKUP(1,Tabla8[Selec. Solvent],Tabla8[Radius])*SIN(CK26)+ _xlfn.XLOOKUP(1,Tabla8[Selec. Solvent],Tabla8[dH]) -> 5.4 | CS26: =_xlfn.XLOOKUP(1,Tabla8[Selec. Solvent],Tabla8[Radius])*COS(CK26)+ _xlfn.XLOOKUP(1,Tabla8[Selec. Solvent],Tabla8[dD]) -> 16 | CT26: =(_xlfn.XLOOKUP(2,Tabla8[Selec. Solvent],Tabla8[Radius]))*SIN(CK26)+ _xlfn.XLOOKUP(2,Tabla8[Selec. Solvent],Tabla8[dD]) -> 16 | CU26: =_xlfn.XLOOKUP(2,Tabla8[Selec. Solvent],Tabla8[Radius])*COS(CK26)+ _xlfn.XLOOKUP(2,Tabla8[Selec. Solvent],Tabla8[dP]) -> 6.5 | CV26: =_xlfn.XLOOKUP(2,Tabla8[Selec. Solvent],Tabla8[Radius])*SIN(CK26)+ _xlfn.XLOOKUP(2,Tabla8[Selec. Solvent],Tabla8[dH]) -> 2.4 | CW26: =_xlfn.XLOOKUP(2,Tabla8[Selec. Solvent],Tabla8[Radius])*COS(CK26)+ _xlfn.XLOOKUP(2,Tabla8[Selec. Solvent],Tabla8[dD]) -> 16 | CX26: =(_xlfn.XLOOKUP(3,Tabla8[Selec. Solvent],Tabla8[Radius]))*SIN(CK26)+ _xlfn.XLOOKUP(3,Tabla8[Selec. Solvent],Tabla8[dD]) -> 14.8 | CY26: =_xlfn.XLOOKUP(3,Tabla8[Selec. Solvent],Tabla8[Radius])*COS(CK26)+ _xlfn.XLOOKUP(3,Tabla8[Selec. Solvent],Tabla8[dP]) -> 4.2 | CZ26: =_xlfn.XLOOKUP(3,Tabla8[Selec. Solvent],Tabla8[Radius])*SIN(CK26)+ _xlfn.XLOOKUP(3,Tabla8[Selec. Solvent],Tabla8[dH]) -> 5.8 | DA26: =_xlfn.XLOOKUP(,Tabla8[Selec. Solvent],Tabla8[Radius])*COS(CK26)+ _xlfn.XLOOKUP(3,Tabla8[Selec. Solvent],Tabla8[dD]) -> 14.8 | DB26: =(_xlfn.XLOOKUP(4,Tabla8[Selec. Solvent],Tabla8[Radius]))*SIN(CK26)+ _xlfn.XLOOKUP(4,Tabla8[Selec. Solvent],Tabla8[dD]) -> 15.9 | DC26: =_xlfn.XLOOKUP(4,Tabla8[Selec. Solvent],Tabla8[Radius])*COS(CK26)+ _xlfn.XLOOKUP(4,Tabla8[Selec. Solvent],Tabla8[dP]) -> 6 | DD26: =_xlfn.XLOOKUP(4,Tabla8[Selec. Solvent],Tabla8[Radius])*SIN(CK26)+ _xlfn.XLOOKUP(4,Tabla8[Selec. Solvent],Tabla8[dH]) -> 6.6 | DE26: =_xlfn.XLOOKUP(4,Tabla8[Selec. Solvent],Tabla8[Radius])*COS(CK26)+ _xlfn.XLOOKUP(4,Tabla8[Selec. Solvent],Tabla8[dD]) -> 15.9
R27: 3 | S27: =_xlfn.XLOOKUP(Tabla12[[#This Row],[Nº]], Tabla8[Selec. Solvent],Tabla8[Solvents], "Select Solvent",0 ) -> Vinyl Ether | T27: =IFERROR( (_xlfn.XLOOKUP(Tabla12[[#This Row],[Nº]], Tabla8[Selec. Solvent],Tabla8[dD], "Select Solvent",0 ))*Tabla12[[#This Row],[% Total]], "") -> 3.6662381 | U27: =IFERROR((_xlfn.XLOOKUP(Tabla12[[#This Row],[Nº]],Tabla8[Selec. Solvent],Tabla8[dP], "Select Solvent",0 )) * Tabla12[[#This Row],[% Total]], "") -> 1.0404189 | V27: =IFERROR((_xlfn.XLOOKUP(Tabla12[[#This Row],[Nº]],Tabla8[Selec. Solvent],Tabla8[dH], "Select Solvent",0 )) * Tabla12[[#This Row],[% Total]], "") -> 1.436769 | W27: 0 | X27: 1 | Y27: 0.24771879 | Z27: 2.8 | AA27: =Tabla12[[#This Row],[Price (Unit)]]*Tabla12[[#This Row],[% Total]] -> 0.69361261 | CJ27: 120 | CK27: =RADIANS(Tabla3[[#This Row],[Angle º]]) -> 2.0943951 | CL27: =$F$3*SIN(CK27)+ dD -> 15.4 | CM27: =$F$3*COS(CK27)+ dP -> 5.4 | CN27: =$F$3*SIN(CK27)+ dH -> 8 | CO27: =$F$3*COS(CK27)+ dD -> 15.4 | CP27: =(_xlfn.XLOOKUP(1,Tabla8[Selec. Solvent],Tabla8[Radius]))*SIN(CK27)+ _xlfn.XLOOKUP(1,Tabla8[Selec. Solvent],Tabla8[dD]) -> 16 | CQ27: =_xlfn.XLOOKUP(1,Tabla8[Selec. Solvent],Tabla8[Radius])*COS(CK27)+ _xlfn.XLOOKUP(1,Tabla8[Selec. Solvent],Tabla8[dP]) -> 5 | CR27: =_xlfn.XLOOKUP(1,Tabla8[Selec. Solvent],Tabla8[Radius])*SIN(CK27)+ _xlfn.XLOOKUP(1,Tabla8[Selec. Solvent],Tabla8[dH]) -> 5.4 | CS27: =_xlfn.XLOOKUP(1,Tabla8[Selec. Solvent],Tabla8[Radius])*COS(CK27)+ _xlfn.XLOOKUP(1,Tabla8[Selec. Solvent],Tabla8[dD]) -> 16 | CT27: =(_xlfn.XLOOKUP(2,Tabla8[Selec. Solvent],Tabla8[Radius]))*SIN(CK27)+ _xlfn.XLOOKUP(2,Tabla8[Selec. Solvent],Tabla8[dD]) -> 16 | CU27: =_xlfn.XLOOKUP(2,Tabla8[Selec. Solvent],Tabla8[Radius])*COS(CK27)+ _xlfn.XLOOKUP(2,Tabla8[Selec. Solvent],Tabla8[dP]) -> 6.5 | CV27: =_xlfn.XLOOKUP(2,Tabla8[Selec. Solvent],Tabla8[Radius])*SIN(CK27)+ _xlfn.XLOOKUP(2,Tabla8[Selec. Solvent],Tabla8[dH]) -> 2.4 | CW27: =_xlfn.XLOOKUP(2,Tabla8[Selec. Solvent],Tabla8[Radius])*COS(CK27)+ _xlfn.XLOOKUP(2,Tabla8[Selec. Solvent],Tabla8[dD]) -> 16 | CX27: =(_xlfn.XLOOKUP(3,Tabla8[Selec. Solvent],Tabla8[Radius]))*SIN(CK27)+ _xlfn.XLOOKUP(3,Tabla8[Selec. Solvent],Tabla8[dD]) -> 14.8 | CY27: =_xlfn.XLOOKUP(3,Tabla8[Selec. Solvent],Tabla8[Radius])*COS(CK27)+ _xlfn.XLOOKUP(3,Tabla8[Selec. Solvent],Tabla8[dP]) -> 4.2 | CZ27: =_xlfn.XLOOKUP(3,Tabla8[Selec. Solvent],Tabla8[Radius])*SIN(CK27)+ _xlfn.XLOOKUP(3,Tabla8[Selec. Solvent],Tabla8[dH]) -> 5.8 | DA27: =_xlfn.XLOOKUP(,Tabla8[Selec. Solvent],Tabla8[Radius])*COS(CK27)+ _xlfn.XLOOKUP(3,Tabla8[Selec. Solvent],Tabla8[dD]) -> 14.8 | DB27: =(_xlfn.XLOOKUP(4,Tabla8[Selec. Solvent],Tabla8[Radius]))*SIN(CK27)+ _xlfn.XLOOKUP(4,Tabla8[Selec. Solvent],Tabla8[dD]) -> 15.9 | DC27: =_xlfn.XLOOKUP(4,Tabla8[Selec. Solvent],Tabla8[Radius])*COS(CK27)+ _xlfn.XLOOKUP(4,Tabla8[Selec. Solvent],Tabla8[dP]) -> 6 | DD27: =_xlfn.XLOOKUP(4,Tabla8[Selec. Solvent],Tabla8[Radius])*SIN(CK27)+ _xlfn.XLOOKUP(4,Tabla8[Selec. Solvent],Tabla8[dH]) -> 6.6 | DE27: =_xlfn.XLOOKUP(4,Tabla8[Selec. Solvent],Tabla8[Radius])*COS(CK27)+ _xlfn.XLOOKUP(4,Tabla8[Selec. Solvent],Tabla8[dD]) -> 15.9
