Workbook

Sheet Theory
A1: Solvents are represented as points in a three dimensional space called HSP space. This is because there are three parameters (δD, δP, and δH) that are required to describe where they like - or dislike - being found. What they dissolve, or like to be together with, will have similar HSP. It has been found that perfect HSP matches are not required for complete solubility, however.
A2: The HSP Distance between two molecules, conventionally called Ra, is the measure of how alike they are. The smaller Ra, the more likely they are to be compatible. The famous formula, used for nearly 50 years is:
A3: Ra² = 4(δD1-δD2)² + (δP1-δP2)² + (δH1-δH2)²
A4: If from measurements of "good" and "bad" solvents you can define a sphere of radius Ro which contains all the good solvents, then you can define a Relative Energy Difference, RED, which tells you where you are in solubility space:
A5: RED = Ra/Ro
A6: If:
A7: - RED < 1 the molecules are alike and will dissolve
A8: - RED = 1 the system will partially dissolve
A9: - RED > 1 the system will not dissolve
A11: References:
A12: Official site of HSP
A13: Wikipedia

Sheet HSP
A1: NXTLEVVEL SOLVENTS* | B1: DISPERSION | C1: POLAR | D1: HYDROGEN | E1: Ro
A2: Ethyl levulinate | B2: 14.6 | C2: 10.46 | D2: 6.98 | E2: 16.3
A3: Butyl levulinate | B3: 15.69 | C3: 9.66 | D3: 5.82 | E3: 13.5
A4: EtLPK | B4: 15.17 | C4: 4.68 | D4: 6.8 | E4: 15.9
A5: EtLGK | B5: 15.27 | C5: 12.72 | D5: 10.93 | E5: 13.7
A6: EHL | B6: 15.27 | C6: 6.43 | D6: 3.85 | E6: 14.8
A7: *Values by VLCI

Sheet API + Cosmetic Actives
A1: ACTIVE INGREDIENT | B1: HSP | E1: Ro | F1: Mvol | G1: DISTANCE TO | L1: RED TO (BASED ON Ro OF THE ACTIVE INGREDIENT) | Q1: RED TO (BASED ON Ro OF NXTLEVVEL SOLVENT)
B2: D | C2: P | D2: H | G2: ETHYL LEVULINATE | H2: BUTYL LEVULINATE | I2: EtLPK | J2: EtLGK | K2: EHL | L2: ETHYL LEVULINATE | M2: BUTYL LEVULINATE | N2: EtLPK | O2: EtLGK | P2: EHL | Q2: ETHYL LEVULINATE | R2: BUTYL LEVULINATE | S2: EtLPK | T2: EtLGK | U2: EHL
A3: Aspirin | B3: 19 | C3: 6.7 | D3: 10.1 | E3: - | F3: 139.6 | G3: =SQRT((4*(HSP!$B$2-$B3)^2+(HSP!$C$2-$C3)^2+(HSP!$D$2-$D3)^2)) -> 10.065386 | H3: =SQRT((4*(HSP!$B$3-$B3)^2+(HSP!$C$3-$C3)^2+(HSP!$D$3-$D3)^2)) -> 8.420475 | I3: =SQRT((4*(HSP!$B$4-$B3)^2+(HSP!$C$4-$C3)^2+(HSP!$D$4-$D3)^2)) -> 8.5817248 | J3: =SQRT((4*(HSP!$B$5-$B3)^2+(HSP!$C$5-$C3)^2+(HSP!$D$5-$D3)^2)) -> 9.6218969 | K3: =SQRT((4*(HSP!$B$6-$B3)^2+(HSP!$C$6-$C3)^2+(HSP!$D$6-$D3)^2)) -> 9.7358615 | L3: - | M3: - | N3: - | O3: - | P3: - | Q3: =$G3/HSP!$E$2 -> 0.61750836 | R3: =$H3/HSP!$E$3 -> 0.62373889 | S3: =$I3/HSP!$E$4 -> 0.53973112 | T3: =$J3/HSP!$E$5 -> 0.70232824 | U3: =$K3/HSP!$E$6 -> 0.65782848
A4: Benzophenone | B4: 19.5 | C4: 7.2 | D4: 5.1 | E4: - | F4: 167.9 | G4: =SQRT((4*(HSP!$B$2-$B4)^2+(HSP!$C$2-$C4)^2+(HSP!$D$2-$D4)^2)) -> 10.497714 | H4: =SQRT((4*(HSP!$B$3-$B4)^2+(HSP!$C$3-$C4)^2+(HSP!$D$3-$D4)^2)) -> 8.0395522 | I4: =SQRT((4*(HSP!$B$4-$B4)^2+(HSP!$C$4-$C4)^2+(HSP!$D$4-$D4)^2)) -> 9.1780172 | J4: =SQRT((4*(HSP!$B$5-$B4)^2+(HSP!$C$5-$C4)^2+(HSP!$D$5-$D4)^2)) -> 11.663229 | K4: =SQRT((4*(HSP!$B$6-$B4)^2+(HSP!$C$6-$C4)^2+(HSP!$D$6-$D4)^2)) -> 8.5864428 | L4: - | M4: - | N4: - | O4: - | P4: - | Q4: =$G4/HSP!$E$2 -> 0.64403154 | R4: =$H4/HSP!$E$3 -> 0.59552239 | S4: =$I4/HSP!$E$4 -> 0.57723379 | T4: =$J4/HSP!$E$5 -> 0.85133055 | U4: =$K4/HSP!$E$6 -> 0.58016505
A5: Benzophenone-1 | B5: 20.5 | C5: 9.9 | D5: 15.4 | E5: - | F5: 172 | G5: =SQRT((4*(HSP!$B$2-$B5)^2+(HSP!$C$2-$C5)^2+(HSP!$D$2-$D5)^2)) -> 14.506895 | H5: =SQRT((4*(HSP!$B$3-$B5)^2+(HSP!$C$3-$C5)^2+(HSP!$D$3-$D5)^2)) -> 13.578601 | I5: =SQRT((4*(HSP!$B$4-$B5)^2+(HSP!$C$4-$C5)^2+(HSP!$D$4-$D5)^2)) -> 14.657558 | J5: =SQRT((4*(HSP!$B$5-$B5)^2+(HSP!$C$5-$C5)^2+(HSP!$D$5-$D5)^2)) -> 11.719424 | K5: =SQRT((4*(HSP!$B$6-$B5)^2+(HSP!$C$6-$C5)^2+(HSP!$D$6-$D5)^2)) -> 15.964179 | L5: - | M5: - | N5: - | O5: - | P5: - | Q5: =$G5/HSP!$E$2 -> 0.88999355 | R5: =$H5/HSP!$E$3 -> 1.0058223 | S5: =$I5/HSP!$E$4 -> 0.92185898 | T5: =$J5/HSP!$E$5 -> 0.85543241 | U5: =$K5/HSP!$E$6 -> 1.0786607
A6: Benzophenone-12 | B6: 18.7 | C6: 6.4 | D6: 7.6 | E6: - | F6: 307.3 | G6: =SQRT((4*(HSP!$B$2-$B6)^2+(HSP!$C$2-$C6)^2+(HSP!$D$2-$D6)^2)) -> 9.1710414 | H6: =SQRT((4*(HSP!$B$3-$B6)^2+(HSP!$C$3-$C6)^2+(HSP!$D$3-$D6)^2)) -> 7.0736412 | I6: =SQRT((4*(HSP!$B$4-$B6)^2+(HSP!$C$4-$C6)^2+(HSP!$D$4-$D6)^2)) -> 7.3104035 | J6: =SQRT((4*(HSP!$B$5-$B6)^2+(HSP!$C$5-$C6)^2+(HSP!$D$5-$D6)^2)) -> 9.904085 | K6: =SQRT((4*(HSP!$B$6-$B6)^2+(HSP!$C$6-$C6)^2+(HSP!$D$6-$D6)^2)) -> 7.81812 | L6: - | M6: - | N6: - | O6: - | P6: - | Q6: =$G6/HSP!$E$2 -> 0.56264058 | R6: =$H6/HSP!$E$3 -> 0.52397342 | S6: =$I6/HSP!$E$4 -> 0.45977381 | T6: =$J6/HSP!$E$5 -> 0.72292591 | U6: =$K6/HSP!$E$6 -> 0.52825135
A7: Benzophenone-2 | B7: 20.5 | C7: 12.1 | D7: 25.3 | E7: - | F7: 179.7 | G7: =SQRT((4*(HSP!$B$2-$B7)^2+(HSP!$C$2-$C7)^2+(HSP!$D$2-$D7)^2)) -> 21.852963 | H7: =SQRT((4*(HSP!$B$3-$B7)^2+(HSP!$C$3-$C7)^2+(HSP!$D$3-$D7)^2)) -> 21.862488 | I7: =SQRT((4*(HSP!$B$4-$B7)^2+(HSP!$C$4-$C7)^2+(HSP!$D$4-$D7)^2)) -> 22.604026 | J7: =SQRT((4*(HSP!$B$5-$B7)^2+(HSP!$C$5-$C7)^2+(HSP!$D$5-$D7)^2)) -> 17.784625 | K7: =SQRT((4*(HSP!$B$6-$B7)^2+(HSP!$C$6-$C7)^2+(HSP!$D$6-$D7)^2)) -> 24.52882 | L7: - | M7: - | N7: - | O7: - | P7: - | Q7: =$G7/HSP!$E$2 -> 1.3406726 | R7: =$H7/HSP!$E$3 -> 1.6194436 | S7: =$I7/HSP!$E$4 -> 1.4216369 | T7: =$J7/HSP!$E$5 -> 1.2981478 | U7: =$K7/HSP!$E$6 -> 1.6573527
A8: Benzophenone-3 | B8: 20.3 | C8: 9.3 | D8: 10.9 | E8: - | F8: 189.9 | G8: =SQRT((4*(HSP!$B$2-$B8)^2+(HSP!$C$2-$C8)^2+(HSP!$D$2-$D8)^2)) -> 12.110822 | H8: =SQRT((4*(HSP!$B$3-$B8)^2+(HSP!$C$3-$C8)^2+(HSP!$D$3-$D8)^2)) -> 10.533015 | I8: =SQRT((4*(HSP!$B$4-$B8)^2+(HSP!$C$4-$C8)^2+(HSP!$D$4-$D8)^2)) -> 11.975892 | J8: =SQRT((4*(HSP!$B$5-$B8)^2+(HSP!$C$5-$C8)^2+(HSP!$D$5-$D8)^2)) -> 10.625484 | K8: =SQRT((4*(HSP!$B$6-$B8)^2+(HSP!$C$6-$C8)^2+(HSP!$D$6-$D8)^2)) -> 12.615189 | L8: - | M8: - | N8: - | O8: - | P8: - | Q8: =$G8/HSP!$E$2 -> 0.74299519 | R8: =$H8/HSP!$E$3 -> 0.78022332 | S8: =$I8/HSP!$E$4 -> 0.75320078 | T8: =$J8/HSP!$E$5 -> 0.77558274 | U8: =$K8/HSP!$E$6 -> 0.85237765
A9: Benzophenone-6 | B9: 20.2 | C9: 10.6 | D9: 15.8 | E9: - | F9: 215.7 | G9: =SQRT((4*(HSP!$B$2-$B9)^2+(HSP!$C$2-$C9)^2+(HSP!$D$2-$D9)^2)) -> 14.256648 | H9: =SQRT((4*(HSP!$B$3-$B9)^2+(HSP!$C$3-$C9)^2+(HSP!$D$3-$D9)^2)) -> 13.484969 | I9: =SQRT((4*(HSP!$B$4-$B9)^2+(HSP!$C$4-$C9)^2+(HSP!$D$4-$D9)^2)) -> 14.739403 | J9: =SQRT((4*(HSP!$B$5-$B9)^2+(HSP!$C$5-$C9)^2+(HSP!$D$5-$D9)^2)) -> 11.199594 | K9: =SQRT((4*(HSP!$B$6-$B9)^2+(HSP!$C$6-$C9)^2+(HSP!$D$6-$D9)^2)) -> 16.044033 | L9: - | M9: - | N9: - | O9: - | P9: - | Q9: =$G9/HSP!$E$2 -> 0.87464096 | R9: =$H9/HSP!$E$3 -> 0.99888662 | S9: =$I9/HSP!$E$4 -> 0.92700648 | T9: =$J9/HSP!$E$5 -> 0.81748859 | U9: =$K9/HSP!$E$6 -> 1.0840563
A10: Benzophenone-7 | B10: 20.8 | C10: 9.3 | D10: 9.8 | E10: - | F10: 180.3 | G10: =SQRT((4*(HSP!$B$2-$B10)^2+(HSP!$C$2-$C10)^2+(HSP!$D$2-$D10)^2)) -> 12.769417 | H10: =SQRT((4*(HSP!$B$3-$B10)^2+(HSP!$C$3-$C10)^2+(HSP!$D$3-$D10)^2)) -> 10.973532 | I10: =SQRT((4*(HSP!$B$4-$B10)^2+(HSP!$C$4-$C10)^2+(HSP!$D$4-$D10)^2)) -> 12.53523 | J10: =SQRT((4*(HSP!$B$5-$B10)^2+(HSP!$C$5-$C10)^2+(HSP!$D$5-$D10)^2)) -> 11.63172 | K10: =SQRT((4*(HSP!$B$6-$B10)^2+(HSP!$C$6-$C10)^2+(HSP!$D$6-$D10)^2)) -> 12.882663 | L10: - | M10: - | N10: - | O10: - | P10: - | Q10: =$G10/HSP!$E$2 -> 0.78339979 | R10: =$H10/HSP!$E$3 -> 0.81285421 | S10: =$I10/HSP!$E$4 -> 0.78837927 | T10: =$J10/HSP!$E$5 -> 0.84903063 | U10: =$K10/HSP!$E$6 -> 0.87045019
A11: Benzophenone-8 | B11: 20.1 | C11: 10.7 | D11: 15.8 | E11: - | F11: 194.1 | G11: =SQRT((4*(HSP!$B$2-$B11)^2+(HSP!$C$2-$C11)^2+(HSP!$D$2-$D11)^2)) -> 14.101418 | H11: =SQRT((4*(HSP!$B$3-$B11)^2+(HSP!$C$3-$C11)^2+(HSP!$D$3-$D11)^2)) -> 13.359431 | I11: =SQRT((4*(HSP!$B$4-$B11)^2+(HSP!$C$4-$C11)^2+(HSP!$D$4-$D11)^2)) -> 14.644453 | J11: =SQRT((4*(HSP!$B$5-$B11)^2+(HSP!$C$5-$C11)^2+(HSP!$D$5-$D11)^2)) -> 11.005131 | K11: =SQRT((4*(HSP!$B$6-$B11)^2+(HSP!$C$6-$C11)^2+(HSP!$D$6-$D11)^2)) -> 15.948385 | L11: - | M11: - | N11: - | O11: - | P11: - | Q11: =$G11/HSP!$E$2 -> 0.86511769 | R11: =$H11/HSP!$E$3 -> 0.98958749 | S11: =$I11/HSP!$E$4 -> 0.92103477 | T11: =$J11/HSP!$E$5 -> 0.80329421 | U11: =$K11/HSP!$E$6 -> 1.0775936
A12: Carbamazepine* | B12: 23.6 | C12: 7.41 | D12: 9.79 | E12: - | F12: - | G12: =SQRT((4*(HSP!$B$2-$B12)^2+(HSP!$C$2-$C12)^2+(HSP!$D$2-$D12)^2)) -> 18.471562 | H12: =SQRT((4*(HSP!$B$3-$B12)^2+(HSP!$C$3-$C12)^2+(HSP!$D$3-$D12)^2)) -> 16.464987 | I12: =SQRT((4*(HSP!$B$4-$B12)^2+(HSP!$C$4-$C12)^2+(HSP!$D$4-$D12)^2)) -> 17.339337 | J12: =SQRT((4*(HSP!$B$5-$B12)^2+(HSP!$C$5-$C12)^2+(HSP!$D$5-$D12)^2)) -> 17.522879 | K12: =SQRT((4*(HSP!$B$6-$B12)^2+(HSP!$C$6-$C12)^2+(HSP!$D$6-$D12)^2)) -> 17.71439 | L12: - | M12: - | N12: - | O12: - | P12: - | Q12: =$G12/HSP!$E$2 -> 1.1332247 | R12: =$H12/HSP!$E$3 -> 1.2196287 | S12: =$I12/HSP!$E$4 -> 1.0905243 | T12: =$J12/HSP!$E$5 -> 1.2790423 | U12: =$K12/HSP!$E$6 -> 1.1969182
A13: Folic Acid | B13: 20.7 | C13: 13.5 | D13: 13.7 | E13: - | F13: 292.7 | G13: =SQRT((4*(HSP!$B$2-$B13)^2+(HSP!$C$2-$C13)^2+(HSP!$D$2-$D13)^2)) -> 14.256227 | H13: =SQRT((4*(HSP!$B$3-$B13)^2+(HSP!$C$3-$C13)^2+(HSP!$D$3-$D13)^2)) -> 13.313166 | I13: =SQRT((4*(HSP!$B$4-$B13)^2+(HSP!$C$4-$C13)^2+(HSP!$D$4-$D13)^2)) -> 15.739314 | J13: =SQRT((4*(HSP!$B$5-$B13)^2+(HSP!$C$5-$C13)^2+(HSP!$D$5-$D13)^2)) -> 11.234808 | K13: =SQRT((4*(HSP!$B$6-$B13)^2+(HSP!$C$6-$C13)^2+(HSP!$D$6-$D13)^2)) -> 16.277193 | L13: - | M13: - | N13: - | O13: - | P13: - | Q13: =$G13/HSP!$E$2 -> 0.87461514 | R13: =$H13/HSP!$E$3 -> 0.98616048 | S13: =$I13/HSP!$E$4 -> 0.98989395 | T13: =$J13/HSP!$E$5 -> 0.82005894 | U13: =$K13/HSP!$E$6 -> 1.0998103
A14: Griseofulvin* | B14: 22.24 | C14: 6.52 | D14: 8.56 | E14: - | F14: - | G14: =SQRT((4*(HSP!$B$2-$B14)^2+(HSP!$C$2-$C14)^2+(HSP!$D$2-$D14)^2)) -> 15.858701 | H14: =SQRT((4*(HSP!$B$3-$B14)^2+(HSP!$C$3-$C14)^2+(HSP!$D$3-$D14)^2)) -> 13.746898 | I14: =SQRT((4*(HSP!$B$4-$B14)^2+(HSP!$C$4-$C14)^2+(HSP!$D$4-$D14)^2)) -> 14.367421 | J14: =SQRT((4*(HSP!$B$5-$B14)^2+(HSP!$C$5-$C14)^2+(HSP!$D$5-$D14)^2)) -> 15.439576 | K14: =SQRT((4*(HSP!$B$6-$B14)^2+(HSP!$C$6-$C14)^2+(HSP!$D$6-$D14)^2)) -> 14.714476 | L14: - | M14: - | N14: - | O14: - | P14: - | Q14: =$G14/HSP!$E$2 -> 0.97292645 | R14: =$H14/HSP!$E$3 -> 1.0182887 | S14: =$I14/HSP!$E$4 -> 0.90361141 | T14: =$J14/HSP!$E$5 -> 1.1269763 | U14: =$K14/HSP!$E$6 -> 0.99422134
A15: Henna | B15: 19 | C15: 16 | D15: 14.6 | E15: - | F15: 117.3 | G15: =SQRT((4*(HSP!$B$2-$B15)^2+(HSP!$C$2-$C15)^2+(HSP!$D$2-$D15)^2)) -> 12.891703 | H15: =SQRT((4*(HSP!$B$3-$B15)^2+(HSP!$C$3-$C15)^2+(HSP!$D$3-$D15)^2)) -> 12.692848 | I15: =SQRT((4*(HSP!$B$4-$B15)^2+(HSP!$C$4-$C15)^2+(HSP!$D$4-$D15)^2)) -> 15.737153 | J15: =SQRT((4*(HSP!$B$5-$B15)^2+(HSP!$C$5-$C15)^2+(HSP!$D$5-$D15)^2)) -> 8.9374997 | K15: =SQRT((4*(HSP!$B$6-$B15)^2+(HSP!$C$6-$C15)^2+(HSP!$D$6-$D15)^2)) -> 16.211076 | L15: - | M15: - | N15: - | O15: - | P15: - | Q15: =$G15/HSP!$E$2 -> 0.79090201 | R15: =$H15/HSP!$E$3 -> 0.94021099 | S15: =$I15/HSP!$E$4 -> 0.98975808 | T15: =$J15/HSP!$E$5 -> 0.65237224 | U15: =$K15/HSP!$E$6 -> 1.095343
A16: Ibuprofen | B16: 17.6 | C16: 2.5 | D16: 7.6 | E16: - | F16: 206.8 | G16: =SQRT((4*(HSP!$B$2-$B16)^2+(HSP!$C$2-$C16)^2+(HSP!$D$2-$D16)^2)) -> 9.9872919 | H16: =SQRT((4*(HSP!$B$3-$B16)^2+(HSP!$C$3-$C16)^2+(HSP!$D$3-$D16)^2)) -> 8.3082128 | I16: =SQRT((4*(HSP!$B$4-$B16)^2+(HSP!$C$4-$C16)^2+(HSP!$D$4-$D16)^2)) -> 5.3862789 | J16: =SQRT((4*(HSP!$B$5-$B16)^2+(HSP!$C$5-$C16)^2+(HSP!$D$5-$D16)^2)) -> 11.715498 | K16: =SQRT((4*(HSP!$B$6-$B16)^2+(HSP!$C$6-$C16)^2+(HSP!$D$6-$D16)^2)) -> 7.1570245 | L16: - | M16: - | N16: - | O16: - | P16: - | Q16: =$G16/HSP!$E$2 -> 0.6127173 | R16: =$H16/HSP!$E$3 -> 0.61542317 | S16: =$I16/HSP!$E$4 -> 0.33875968 | T16: =$J16/HSP!$E$5 -> 0.85514586 | U16: =$K16/HSP!$E$6 -> 0.48358274
A17: Indomethacin* | B17: 23.06 | C17: 5.98 | D17: 9.42 | E17: - | F17: - | G17: =SQRT((4*(HSP!$B$2-$B17)^2+(HSP!$C$2-$C17)^2+(HSP!$D$2-$D17)^2)) -> 17.672306 | H17: =SQRT((4*(HSP!$B$3-$B17)^2+(HSP!$C$3-$C17)^2+(HSP!$D$3-$D17)^2)) -> 15.613135 | I17: =SQRT((4*(HSP!$B$4-$B17)^2+(HSP!$C$4-$C17)^2+(HSP!$D$4-$D17)^2)) -> 16.048763 | J17: =SQRT((4*(HSP!$B$5-$B17)^2+(HSP!$C$5-$C17)^2+(HSP!$D$5-$D17)^2)) -> 17.042421 | K17: =SQRT((4*(HSP!$B$6-$B17)^2+(HSP!$C$6-$C17)^2+(HSP!$D$6-$D17)^2)) -> 16.551852 | L17: - | M17: - | N17: - | O17: - | P17: - | Q17: =$G17/HSP!$E$2 -> 1.0841906 | R17: =$H17/HSP!$E$3 -> 1.1565286 | S17: =$I17/HSP!$E$4 -> 1.0093562 | T17: =$J17/HSP!$E$5 -> 1.2439723 | U17: =$K17/HSP!$E$6 -> 1.1183684
A18: Intraconazole* | B18: 21.76 | C18: 6.55 | D18: 11.4 | E18: - | F18: - | G18: =SQRT((4*(HSP!$B$2-$B18)^2+(HSP!$C$2-$C18)^2+(HSP!$D$2-$D18)^2)) -> 15.488283 | H18: =SQRT((4*(HSP!$B$3-$B18)^2+(HSP!$C$3-$C18)^2+(HSP!$D$3-$D18)^2)) -> 13.718167 | I18: =SQRT((4*(HSP!$B$4-$B18)^2+(HSP!$C$4-$C18)^2+(HSP!$D$4-$D18)^2)) -> 14.084364 | J18: =SQRT((4*(HSP!$B$5-$B18)^2+(HSP!$C$5-$C18)^2+(HSP!$D$5-$D18)^2)) -> 14.379506 | K18: =SQRT((4*(HSP!$B$6-$B18)^2+(HSP!$C$6-$C18)^2+(HSP!$D$6-$D18)^2)) -> 15.016568 | L18: - | M18: - | N18: - | O18: - | P18: - | Q18: =$G18/HSP!$E$2 -> 0.95020139 | R18: =$H18/HSP!$E$3 -> 1.0161605 | S18: =$I18/HSP!$E$4 -> 0.88580904 | T18: =$J18/HSP!$E$5 -> 1.049599 | U18: =$K18/HSP!$E$6 -> 1.0146329
A19: Ketaconazole* | B19: 22.03 | C19: 6 | D19: 9.61 | E19: - | F19: - | G19: =SQRT((4*(HSP!$B$2-$B19)^2+(HSP!$C$2-$C19)^2+(HSP!$D$2-$D19)^2)) -> 15.736203 | H19: =SQRT((4*(HSP!$B$3-$B19)^2+(HSP!$C$3-$C19)^2+(HSP!$D$3-$D19)^2)) -> 13.731063 | I19: =SQRT((4*(HSP!$B$4-$B19)^2+(HSP!$C$4-$C19)^2+(HSP!$D$4-$D19)^2)) -> 14.066872 | J19: =SQRT((4*(HSP!$B$5-$B19)^2+(HSP!$C$5-$C19)^2+(HSP!$D$5-$D19)^2)) -> 15.155567 | K19: =SQRT((4*(HSP!$B$6-$B19)^2+(HSP!$C$6-$C19)^2+(HSP!$D$6-$D19)^2)) -> 14.702139 | L19: - | M19: - | N19: - | O19: - | P19: - | Q19: =$G19/HSP!$E$2 -> 0.96541126 | R19: =$H19/HSP!$E$3 -> 1.0171158 | S19: =$I19/HSP!$E$4 -> 0.88470896 | T19: =$J19/HSP!$E$5 -> 1.1062457 | U19: =$K19/HSP!$E$6 -> 0.99338779
A20: Lycosol** | B20: 17.57 | C20: 2.48 | D20: 11.4 | E20: - | F20: - | G20: =SQRT((4*(HSP!$B$2-$B20)^2+(HSP!$C$2-$C20)^2+(HSP!$D$2-$D20)^2)) -> 10.885789 | H20: =SQRT((4*(HSP!$B$3-$B20)^2+(HSP!$C$3-$C20)^2+(HSP!$D$3-$D20)^2)) -> 9.8400407 | I20: =SQRT((4*(HSP!$B$4-$B20)^2+(HSP!$C$4-$C20)^2+(HSP!$D$4-$D20)^2)) -> 7.0028566 | J20: =SQRT((4*(HSP!$B$5-$B20)^2+(HSP!$C$5-$C20)^2+(HSP!$D$5-$D20)^2)) -> 11.235591 | K20: =SQRT((4*(HSP!$B$6-$B20)^2+(HSP!$C$6-$C20)^2+(HSP!$D$6-$D20)^2)) -> 9.6832329 | L20: - | M20: - | N20: - | O20: - | P20: - | Q20: =$G20/HSP!$E$2 -> 0.66783981 | R20: =$H20/HSP!$E$3 -> 0.7288919 | S20: =$I20/HSP!$E$4 -> 0.44043123 | T20: =$J20/HSP!$E$5 -> 0.82011611 | U20: =$K20/HSP!$E$6 -> 0.6542725
A21: Matrixyl 3000** | B21: 19.66 | C21: 13.95 | D21: 17.55 | E21: - | F21: - | G21: =SQRT((4*(HSP!$B$2-$B21)^2+(HSP!$C$2-$C21)^2+(HSP!$D$2-$D21)^2)) -> 15.043916 | H21: =SQRT((4*(HSP!$B$3-$B21)^2+(HSP!$C$3-$C21)^2+(HSP!$D$3-$D21)^2)) -> 14.80002 | I21: =SQRT((4*(HSP!$B$4-$B21)^2+(HSP!$C$4-$C21)^2+(HSP!$D$4-$D21)^2)) -> 16.796899 | J21: =SQRT((4*(HSP!$B$5-$B21)^2+(HSP!$C$5-$C21)^2+(HSP!$D$5-$D21)^2)) -> 11.064615 | K21: =SQRT((4*(HSP!$B$6-$B21)^2+(HSP!$C$6-$C21)^2+(HSP!$D$6-$D21)^2)) -> 17.925646 | L21: - | M21: - | N21: - | O21: - | P21: - | Q21: =$G21/HSP!$E$2 -> 0.92293961 | R21: =$H21/HSP!$E$3 -> 1.0962978 | S21: =$I21/HSP!$E$4 -> 1.0564087 | T21: =$J21/HSP!$E$5 -> 0.80763611 | U21: =$K21/HSP!$E$6 -> 1.2111923
A22: Nicotine | B22: 18.5 | C22: 7.8 | D22: 6.5 | E22: - | F22: 160.7 | G22: =SQRT((4*(HSP!$B$2-$B22)^2+(HSP!$C$2-$C22)^2+(HSP!$D$2-$D22)^2)) -> 8.2550591 | H22: =SQRT((4*(HSP!$B$3-$B22)^2+(HSP!$C$3-$C22)^2+(HSP!$D$3-$D22)^2)) -> 5.9587247 | I22: =SQRT((4*(HSP!$B$4-$B22)^2+(HSP!$C$4-$C22)^2+(HSP!$D$4-$D22)^2)) -> 7.3607065 | J22: =SQRT((4*(HSP!$B$5-$B22)^2+(HSP!$C$5-$C22)^2+(HSP!$D$5-$D22)^2)) -> 9.2500216 | K22: =SQRT((4*(HSP!$B$6-$B22)^2+(HSP!$C$6-$C22)^2+(HSP!$D$6-$D22)^2)) -> 7.1155464 | L22: - | M22: - | N22: - | O22: - | P22: - | Q22: =$G22/HSP!$E$2 -> 0.50644534 | R22: =$H22/HSP!$E$3 -> 0.44138701 | S22: =$I22/HSP!$E$4 -> 0.46293751 | T22: =$J22/HSP!$E$5 -> 0.67518406 | U22: =$K22/HSP!$E$6 -> 0.48078016
A23: Paracetamol | B23: 20.2 | C23: 13.3 | D23: 14.4 | E23: - | F23: 125.3 | G23: =SQRT((4*(HSP!$B$2-$B23)^2+(HSP!$C$2-$C23)^2+(HSP!$D$2-$D23)^2)) -> 13.731788 | H23: =SQRT((4*(HSP!$B$3-$B23)^2+(HSP!$C$3-$C23)^2+(HSP!$D$3-$D23)^2)) -> 12.970212 | I23: =SQRT((4*(HSP!$B$4-$B23)^2+(HSP!$C$4-$C23)^2+(HSP!$D$4-$D23)^2)) -> 15.273114 | J23: =SQRT((4*(HSP!$B$5-$B23)^2+(HSP!$C$5-$C23)^2+(HSP!$D$5-$D23)^2)) -> 10.468854 | K23: =SQRT((4*(HSP!$B$6-$B23)^2+(HSP!$C$6-$C23)^2+(HSP!$D$6-$D23)^2)) -> 15.991216 | L23: - | M23: - | N23: - | O23: - | P23: - | Q23: =$G23/HSP!$E$2 -> 0.84244098 | R23: =$H23/HSP!$E$3 -> 0.96075645 | S23: =$I23/HSP!$E$4 -> 0.96057318 | T23: =$J23/HSP!$E$5 -> 0.76414991 | U23: =$K23/HSP!$E$6 -> 1.0804876
A24: Salicylic Acid | B24: 19 | C24: 9 | D24: 13.7 | E24: - | F24: 119.6 | G24: =SQRT((4*(HSP!$B$2-$B24)^2+(HSP!$C$2-$C24)^2+(HSP!$D$2-$D24)^2)) -> 11.168259 | H24: =SQRT((4*(HSP!$B$3-$B24)^2+(HSP!$C$3-$C24)^2+(HSP!$D$3-$D24)^2)) -> 10.312827 | I24: =SQRT((4*(HSP!$B$4-$B24)^2+(HSP!$C$4-$C24)^2+(HSP!$D$4-$D24)^2)) -> 11.178014 | J24: =SQRT((4*(HSP!$B$5-$B24)^2+(HSP!$C$5-$C24)^2+(HSP!$D$5-$D24)^2)) -> 8.7842416 | K24: =SQRT((4*(HSP!$B$6-$B24)^2+(HSP!$C$6-$C24)^2+(HSP!$D$6-$D24)^2)) -> 12.620578 | L24: - | M24: - | N24: - | O24: - | P24: - | Q24: =$G24/HSP!$E$2 -> 0.68516924 | R24: =$H24/HSP!$E$3 -> 0.76391311 | S24: =$I24/HSP!$E$4 -> 0.70301976 | T24: =$J24/HSP!$E$5 -> 0.64118552 | U24: =$K24/HSP!$E$6 -> 0.85274179
A25: UREA | B25: 17.4 | C25: 23.8 | D25: 28.2 | E25: - | F25: 46.5 | G25: =SQRT((4*(HSP!$B$2-$B25)^2+(HSP!$C$2-$C25)^2+(HSP!$D$2-$D25)^2)) -> 25.682757 | H25: =SQRT((4*(HSP!$B$3-$B25)^2+(HSP!$C$3-$C25)^2+(HSP!$D$3-$D25)^2)) -> 26.692703 | I25: =SQRT((4*(HSP!$B$4-$B25)^2+(HSP!$C$4-$C25)^2+(HSP!$D$4-$D25)^2)) -> 29.041797 | J25: =SQRT((4*(HSP!$B$5-$B25)^2+(HSP!$C$5-$C25)^2+(HSP!$D$5-$D25)^2)) -> 20.956309 | K25: =SQRT((4*(HSP!$B$6-$B25)^2+(HSP!$C$6-$C25)^2+(HSP!$D$6-$D25)^2)) -> 30.212365 | L25: - | M25: - | N25: - | O25: - | P25: - | Q25: =$G25/HSP!$E$2 -> 1.5756293 | R25: =$H25/HSP!$E$3 -> 1.9772373 | S25: =$I25/HSP!$E$4 -> 1.8265281 | T25: =$J25/HSP!$E$5 -> 1.5296576 | U25: =$K25/HSP!$E$6 -> 2.041376
A26: Vitamin d-2 | B26: 17.2 | C26: 3 | D26: 6.4 | E26: - | F26: 413.5 | G26: =SQRT((4*(HSP!$B$2-$B26)^2+(HSP!$C$2-$C26)^2+(HSP!$D$2-$D26)^2)) -> 9.1119701 | H26: =SQRT((4*(HSP!$B$3-$B26)^2+(HSP!$C$3-$C26)^2+(HSP!$D$3-$D26)^2)) -> 7.3356936 | I26: =SQRT((4*(HSP!$B$4-$B26)^2+(HSP!$C$4-$C26)^2+(HSP!$D$4-$D26)^2)) -> 4.412029 | J26: =SQRT((4*(HSP!$B$5-$B26)^2+(HSP!$C$5-$C26)^2+(HSP!$D$5-$D26)^2)) -> 11.39732 | K26: =SQRT((4*(HSP!$B$6-$B26)^2+(HSP!$C$6-$C26)^2+(HSP!$D$6-$D26)^2)) -> 5.7590798 | L26: - | M26: - | N26: - | O26: - | P26: - | Q26: =$G26/HSP!$E$2 -> 0.55901657 | R26: =$H26/HSP!$E$3 -> 0.54338471 | S26: =$I26/HSP!$E$4 -> 0.2774861 | T26: =$J26/HSP!$E$5 -> 0.83192116 | U26: =$K26/HSP!$E$6 -> 0.38912701
A27: Vitamin d-3 | B27: 17.1 | C27: 2.9 | D27: 6.1 | E27: - | F27: 404.4 | G27: =SQRT((4*(HSP!$B$2-$B27)^2+(HSP!$C$2-$C27)^2+(HSP!$D$2-$D27)^2)) -> 9.1064812 | H27: =SQRT((4*(HSP!$B$3-$B27)^2+(HSP!$C$3-$C27)^2+(HSP!$D$3-$D27)^2)) -> 7.3299659 | I27: =SQRT((4*(HSP!$B$4-$B27)^2+(HSP!$C$4-$C27)^2+(HSP!$D$4-$D27)^2)) -> 4.3078997 | J27: =SQRT((4*(HSP!$B$5-$B27)^2+(HSP!$C$5-$C27)^2+(HSP!$D$5-$D27)^2)) -> 11.539363 | K27: =SQRT((4*(HSP!$B$6-$B27)^2+(HSP!$C$6-$C27)^2+(HSP!$D$6-$D27)^2)) -> 5.5604856 | L27: - | M27: - | N27: - | O27: - | P27: - | Q27: =$G27/HSP!$E$2 -> 0.55867983 | R27: =$H27/HSP!$E$3 -> 0.54296044 | S27: =$I27/HSP!$E$4 -> 0.27093709 | T27: =$J27/HSP!$E$5 -> 0.84228927 | U27: =$K27/HSP!$E$6 -> 0.37570849
A29: *Ghent University
A30: **VLCI

Sheet Cosmetics
A1: SOLVENT | B1: HSP | E1: Ro | F1: Mvol | G1: DISTANCE TO | L1: RED TO (BASED ON Ro OF THE SOLVENT) | Q1: RED TO (BASED ON Ro OF NXTLEVVEL SOLVENT)
B2: D | C2: P | D2: H | G2: ETHYL LEVULINATE | H2: BUTYL LEVULINATE | I2: EtLPK | J2: EtLGK | K2: EHL | L2: ETHYL LEVULINATE | M2: BUTYL LEVULINATE | N2: EtLPK | O2: EtLGK | P2: EHL | Q2: ETHYL LEVULINATE | R2: BUTYL LEVULINATE | S2: EtLPK | T2: EtLGK | U2: EHL
A3: Apg Surfactant (Typical) | B3: 16 | C3: 7.7 | D3: 12.5 | E3: - | F3: 340 | G3: =SQRT((4*(HSP!$B$2-$B3)^2+(HSP!$C$2-$C3)^2+(HSP!$D$2-$D3)^2)) -> 6.77702 | H3: =SQRT((4*(HSP!$B$3-$B3)^2+(HSP!$C$3-$C3)^2+(HSP!$D$3-$D3)^2)) -> 6.989163 | I3: =SQRT((4*(HSP!$B$4-$B3)^2+(HSP!$C$4-$C3)^2+(HSP!$D$4-$D3)^2)) -> 6.6607807 | J3: =SQRT((4*(HSP!$B$5-$B3)^2+(HSP!$C$5-$C3)^2+(HSP!$D$5-$D3)^2)) -> 5.4586537 | K3: =SQRT((4*(HSP!$B$6-$B3)^2+(HSP!$C$6-$C3)^2+(HSP!$D$6-$D3)^2)) -> 8.8638028 | L3: - | M3: - | N3: - | O3: - | P3: - | Q3: =$G3/HSP!$E$2 -> 0.4157681 | R3: =$H3/HSP!$E$3 -> 0.51771578 | S3: =$I3/HSP!$E$4 -> 0.41891703 | T3: =$J3/HSP!$E$5 -> 0.39844187 | U3: =$K3/HSP!$E$6 -> 0.59890559
A4: Butylene Glycol | B4: 16.1 | C4: 9.4 | D4: 24.2 | E4: - | F4: 106.3 | G4: =SQRT((4*(HSP!$B$2-$B4)^2+(HSP!$C$2-$C4)^2+(HSP!$D$2-$D4)^2)) -> 17.511482 | H4: =SQRT((4*(HSP!$B$3-$B4)^2+(HSP!$C$3-$C4)^2+(HSP!$D$3-$D4)^2)) -> 18.40012 | I4: =SQRT((4*(HSP!$B$4-$B4)^2+(HSP!$C$4-$C4)^2+(HSP!$D$4-$D4)^2)) -> 18.124514 | J4: =SQRT((4*(HSP!$B$5-$B4)^2+(HSP!$C$5-$C4)^2+(HSP!$D$5-$D4)^2)) -> 13.779365 | K4: =SQRT((4*(HSP!$B$6-$B4)^2+(HSP!$C$6-$C4)^2+(HSP!$D$6-$D4)^2)) -> 20.632474 | L4: - | M4: - | N4: - | O4: - | P4: - | Q4: =$G4/HSP!$E$2 -> 1.074324 | R4: =$H4/HSP!$E$3 -> 1.3629718 | S4: =$I4/HSP!$E$4 -> 1.1399065 | T4: =$J4/HSP!$E$5 -> 1.0057931 | U4: =$K4/HSP!$E$6 -> 1.3940861
A5: Butylene Glycol Caprylate/Caprate | B5: 16.3 | C5: 3.8 | D5: 5.9 | E5: - | F5: 396.2 | G5: =SQRT((4*(HSP!$B$2-$B5)^2+(HSP!$C$2-$C5)^2+(HSP!$D$2-$D5)^2)) -> 7.5552631 | H5: =SQRT((4*(HSP!$B$3-$B5)^2+(HSP!$C$3-$C5)^2+(HSP!$D$3-$D5)^2)) -> 5.9861841 | I5: =SQRT((4*(HSP!$B$4-$B5)^2+(HSP!$C$4-$C5)^2+(HSP!$D$4-$D5)^2)) -> 2.58689 | J5: =SQRT((4*(HSP!$B$5-$B5)^2+(HSP!$C$5-$C5)^2+(HSP!$D$5-$D5)^2)) -> 10.445616 | K5: =SQRT((4*(HSP!$B$6-$B5)^2+(HSP!$C$6-$C5)^2+(HSP!$D$6-$D5)^2)) -> 3.9195663 | L5: - | M5: - | N5: - | O5: - | P5: - | Q5: =$G5/HSP!$E$2 -> 0.46351307 | R5: =$H5/HSP!$E$3 -> 0.44342104 | S5: =$I5/HSP!$E$4 -> 0.16269749 | T5: =$J5/HSP!$E$5 -> 0.76245374 | U5: =$K5/HSP!$E$6 -> 0.26483556
A6: C12-15 Alkyl Lactate | B6: 16.5 | C6: 6 | D6: 9.6 | E6: - | F6: 304.5 | G6: =SQRT((4*(HSP!$B$2-$B6)^2+(HSP!$C$2-$C6)^2+(HSP!$D$2-$D6)^2)) -> 6.418411 | H6: =SQRT((4*(HSP!$B$3-$B6)^2+(HSP!$C$3-$C6)^2+(HSP!$D$3-$D6)^2)) -> 5.5053065 | I6: =SQRT((4*(HSP!$B$4-$B6)^2+(HSP!$C$4-$C6)^2+(HSP!$D$4-$D6)^2)) -> 4.0814213 | J6: =SQRT((4*(HSP!$B$5-$B6)^2+(HSP!$C$5-$C6)^2+(HSP!$D$5-$D6)^2)) -> 7.2786606 | K6: =SQRT((4*(HSP!$B$6-$B6)^2+(HSP!$C$6-$C6)^2+(HSP!$D$6-$D6)^2)) -> 6.2688914 | L6: - | M6: - | N6: - | O6: - | P6: - | Q6: =$G6/HSP!$E$2 -> 0.39376755 | R6: =$H6/HSP!$E$3 -> 0.40780048 | S6: =$I6/HSP!$E$4 -> 0.25669316 | T6: =$J6/HSP!$E$5 -> 0.53128909 | U6: =$K6/HSP!$E$6 -> 0.42357375
A7: Caprylyl Glycol | B7: 16.1 | C7: 5.8 | D7: 13.9 | E7: - | F7: 156.9 | G7: =SQRT((4*(HSP!$B$2-$B7)^2+(HSP!$C$2-$C7)^2+(HSP!$D$2-$D7)^2)) -> 8.8657769 | H7: =SQRT((4*(HSP!$B$3-$B7)^2+(HSP!$C$3-$C7)^2+(HSP!$D$3-$D7)^2)) -> 8.9921299 | I7: =SQRT((4*(HSP!$B$4-$B7)^2+(HSP!$C$4-$C7)^2+(HSP!$D$4-$D7)^2)) -> 7.4245539 | J7: =SQRT((4*(HSP!$B$5-$B7)^2+(HSP!$C$5-$C7)^2+(HSP!$D$5-$D7)^2)) -> 7.7112191 | K7: =SQRT((4*(HSP!$B$6-$B7)^2+(HSP!$C$6-$C7)^2+(HSP!$D$6-$D7)^2)) -> 10.205636 | L7: - | M7: - | N7: - | O7: - | P7: - | Q7: =$G7/HSP!$E$2 -> 0.54391269 | R7: =$H7/HSP!$E$3 -> 0.6660837 | S7: =$I7/HSP!$E$4 -> 0.46695307 | T7: =$J7/HSP!$E$5 -> 0.56286271 | U7: =$K7/HSP!$E$6 -> 0.68956998
A8: Cetearyl Alcohol | B8: 16.3 | C8: 2.8 | D8: 7.9 | E8: - | F8: 306.7 | G8: =SQRT((4*(HSP!$B$2-$B8)^2+(HSP!$C$2-$C8)^2+(HSP!$D$2-$D8)^2)) -> 8.4310142 | H8: =SQRT((4*(HSP!$B$3-$B8)^2+(HSP!$C$3-$C8)^2+(HSP!$D$3-$D8)^2)) -> 7.2714785 | I8: =SQRT((4*(HSP!$B$4-$B8)^2+(HSP!$C$4-$C8)^2+(HSP!$D$4-$D8)^2)) -> 3.1387896 | J8: =SQRT((4*(HSP!$B$5-$B8)^2+(HSP!$C$5-$C8)^2+(HSP!$D$5-$D8)^2)) -> 10.575013 | K8: =SQRT((4*(HSP!$B$6-$B8)^2+(HSP!$C$6-$C8)^2+(HSP!$D$6-$D8)^2)) -> 5.8157545 | L8: - | M8: - | N8: - | O8: - | P8: - | Q8: =$G8/HSP!$E$2 -> 0.51724013 | R8: =$H8/HSP!$E$3 -> 0.53862804 | S8: =$I8/HSP!$E$4 -> 0.19740815 | T8: =$J8/HSP!$E$5 -> 0.77189876 | U8: =$K8/HSP!$E$6 -> 0.39295638
A9: Cetearyl Ethylhexanoate | B9: 16.4 | C9: 3.5 | D9: 6.4 | E9: - | F9: 447.3 | G9: =SQRT((4*(HSP!$B$2-$B9)^2+(HSP!$C$2-$C9)^2+(HSP!$D$2-$D9)^2)) -> 7.8573532 | H9: =SQRT((4*(HSP!$B$3-$B9)^2+(HSP!$C$3-$C9)^2+(HSP!$D$3-$D9)^2)) -> 6.3481021 | I9: =SQRT((4*(HSP!$B$4-$B9)^2+(HSP!$C$4-$C9)^2+(HSP!$D$4-$D9)^2)) -> 2.7575351 | J9: =SQRT((4*(HSP!$B$5-$B9)^2+(HSP!$C$5-$C9)^2+(HSP!$D$5-$D9)^2)) -> 10.518408 | K9: =SQRT((4*(HSP!$B$6-$B9)^2+(HSP!$C$6-$C9)^2+(HSP!$D$6-$D9)^2)) -> 4.4938847 | L9: - | M9: - | N9: - | O9: - | P9: - | Q9: =$G9/HSP!$E$2 -> 0.48204621 | R9: =$H9/HSP!$E$3 -> 0.47022978 | S9: =$I9/HSP!$E$4 -> 0.17342988 | T9: =$J9/HSP!$E$5 -> 0.76776698 | U9: =$K9/HSP!$E$6 -> 0.30364086
A10: Cetearyl Isononanoate | B10: 16.2 | C10: 3.1 | D10: 6 | E10: - | F10: 463.2 | G10: =SQRT((4*(HSP!$B$2-$B10)^2+(HSP!$C$2-$C10)^2+(HSP!$D$2-$D10)^2)) -> 8.0851716 | H10: =SQRT((4*(HSP!$B$3-$B10)^2+(HSP!$C$3-$C10)^2+(HSP!$D$3-$D10)^2)) -> 6.6412649 | I10: =SQRT((4*(HSP!$B$4-$B10)^2+(HSP!$C$4-$C10)^2+(HSP!$D$4-$D10)^2)) -> 2.7166155 | J10: =SQRT((4*(HSP!$B$5-$B10)^2+(HSP!$C$5-$C10)^2+(HSP!$D$5-$D10)^2)) -> 10.968541 | K10: =SQRT((4*(HSP!$B$6-$B10)^2+(HSP!$C$6-$C10)^2+(HSP!$D$6-$D10)^2)) -> 4.3784701 | L10: - | M10: - | N10: - | O10: - | P10: - | Q10: =$G10/HSP!$E$2 -> 0.4960228 | R10: =$H10/HSP!$E$3 -> 0.49194555 | S10: =$I10/HSP!$E$4 -> 0.17085632 | T10: =$J10/HSP!$E$5 -> 0.80062346 | U10: =$K10/HSP!$E$6 -> 0.29584257
A11: Cocamidopropyl Betaine (Capb) | B11: 16.5 | C11: 6.2 | D11: 7.5 | E11: - | F11: 340 | G11: =SQRT((4*(HSP!$B$2-$B11)^2+(HSP!$C$2-$C11)^2+(HSP!$D$2-$D11)^2)) -> 5.7321898 | H11: =SQRT((4*(HSP!$B$3-$B11)^2+(HSP!$C$3-$C11)^2+(HSP!$D$3-$D11)^2)) -> 4.1735357 | I11: =SQRT((4*(HSP!$B$4-$B11)^2+(HSP!$C$4-$C11)^2+(HSP!$D$4-$D11)^2)) -> 3.1426104 | J11: =SQRT((4*(HSP!$B$5-$B11)^2+(HSP!$C$5-$C11)^2+(HSP!$D$5-$D11)^2)) -> 7.7670393 | K11: =SQRT((4*(HSP!$B$6-$B11)^2+(HSP!$C$6-$C11)^2+(HSP!$D$6-$D11)^2)) -> 4.4076071 | L11: - | M11: - | N11: - | O11: - | P11: - | Q11: =$G11/HSP!$E$2 -> 0.35166809 | R11: =$H11/HSP!$E$3 -> 0.30915079 | S11: =$I11/HSP!$E$4 -> 0.19764845 | T11: =$J11/HSP!$E$5 -> 0.56693718 | U11: =$K11/HSP!$E$6 -> 0.29781129
A12: Dibutyl Adipate | B12: 16.4 | C12: 4.3 | D12: 5.9 | E12: - | F12: 271.6 | G12: =SQRT((4*(HSP!$B$2-$B12)^2+(HSP!$C$2-$C12)^2+(HSP!$D$2-$D12)^2)) -> 7.2160931 | H12: =SQRT((4*(HSP!$B$3-$B12)^2+(HSP!$C$3-$C12)^2+(HSP!$D$3-$D12)^2)) -> 5.5454846 | I12: =SQRT((4*(HSP!$B$4-$B12)^2+(HSP!$C$4-$C12)^2+(HSP!$D$4-$D12)^2)) -> 2.646885 | J12: =SQRT((4*(HSP!$B$5-$B12)^2+(HSP!$C$5-$C12)^2+(HSP!$D$5-$D12)^2)) -> 10.065034 | K12: =SQRT((4*(HSP!$B$6-$B12)^2+(HSP!$C$6-$C12)^2+(HSP!$D$6-$D12)^2)) -> 3.7211557 | L12: - | M12: - | N12: - | O12: - | P12: - | Q12: =$G12/HSP!$E$2 -> 0.4427051 | R12: =$H12/HSP!$E$3 -> 0.41077664 | S12: =$I12/HSP!$E$4 -> 0.16647075 | T12: =$J12/HSP!$E$5 -> 0.73467398 | U12: =$K12/HSP!$E$6 -> 0.25142944
A13: Diisopropyl Adipate | B13: 16 | C13: 4.2 | D13: 6 | E13: - | F13: 237.7 | G13: =SQRT((4*(HSP!$B$2-$B13)^2+(HSP!$C$2-$C13)^2+(HSP!$D$2-$D13)^2)) -> 6.9273372 | H13: =SQRT((4*(HSP!$B$3-$B13)^2+(HSP!$C$3-$C13)^2+(HSP!$D$3-$D13)^2)) -> 5.498036 | I13: =SQRT((4*(HSP!$B$4-$B13)^2+(HSP!$C$4-$C13)^2+(HSP!$D$4-$D13)^2)) -> 1.9042059 | J13: =SQRT((4*(HSP!$B$5-$B13)^2+(HSP!$C$5-$C13)^2+(HSP!$D$5-$D13)^2)) -> 9.9512261 | K13: =SQRT((4*(HSP!$B$6-$B13)^2+(HSP!$C$6-$C13)^2+(HSP!$D$6-$D13)^2)) -> 3.4244708 | L13: - | M13: - | N13: - | O13: - | P13: - | Q13: =$G13/HSP!$E$2 -> 0.42499001 | R13: =$H13/HSP!$E$3 -> 0.40726193 | S13: =$I13/HSP!$E$4 -> 0.11976138 | T13: =$J13/HSP!$E$5 -> 0.72636687 | U13: =$K13/HSP!$E$6 -> 0.23138316
A14: Diisopropyl Dimer Dilinoleate | B14: 16.1 | C14: 5.4 | D14: 5.6 | E14: - | F14: 705 | G14: =SQRT((4*(HSP!$B$2-$B14)^2+(HSP!$C$2-$C14)^2+(HSP!$D$2-$D14)^2)) -> 6.042185 | H14: =SQRT((4*(HSP!$B$3-$B14)^2+(HSP!$C$3-$C14)^2+(HSP!$D$3-$D14)^2)) -> 4.3437772 | I14: =SQRT((4*(HSP!$B$4-$B14)^2+(HSP!$C$4-$C14)^2+(HSP!$D$4-$D14)^2)) -> 2.3276598 | J14: =SQRT((4*(HSP!$B$5-$B14)^2+(HSP!$C$5-$C14)^2+(HSP!$D$5-$D14)^2)) -> 9.2058079 | K14: =SQRT((4*(HSP!$B$6-$B14)^2+(HSP!$C$6-$C14)^2+(HSP!$D$6-$D14)^2)) -> 2.6227848 | L14: - | M14: - | N14: - | O14: - | P14: - | Q14: =$G14/HSP!$E$2 -> 0.3706862 | R14: =$H14/HSP!$E$3 -> 0.32176127 | S14: =$I14/HSP!$E$4 -> 0.1463937 | T14: =$J14/HSP!$E$5 -> 0.67195678 | U14: =$K14/HSP!$E$6 -> 0.17721519
... A65: Tween 80 | B65: 16.2 | C65: 6.6 | D65: 9.6 | E65: - | F65: 1265 | G65: =SQRT((4*(HSP!$B$2-$B65)^2+(HSP!$C$2-$C65)^2+(HSP!$D$2-$D65)^2)) -> 5.6572078 | H65: =SQRT((4*(HSP!$B$3-$B65)^2+(HSP!$C$3-$C65)^2+(HSP!$D$3-$D65)^2)) -> 4.9691448 | I65: =SQRT((4*(HSP!$B$4-$B65)^2+(HSP!$C$4-$C65)^2+(HSP!$D$4-$D65)^2)) -> 3.9711459 | J65: =SQRT((4*(HSP!$B$5-$B65)^2+(HSP!$C$5-$C65)^2+(HSP!$D$5-$D65)^2)) -> 6.5332151 | K65: =SQRT((4*(HSP!$B$6-$B65)^2+(HSP!$C$6-$C65)^2+(HSP!$D$6-$D65)^2)) -> 6.0457423 | L65: - | M65: - | N65: - | O65: - | P65: - | Q65: =$G65/HSP!$E$2 -> 0.34706796 | R65: =$H65/HSP!$E$3 -> 0.3680848 | S65: =$I65/HSP!$E$4 -> 0.24975761 | T65: =$J65/HSP!$E$5 -> 0.47687702 | U65: =$K65/HSP!$E$6 -> 0.4084961

Sheet Fatty esters
A1: FATTY ESTER | B1: HSP | E1: Ro | F1: Mvol | G1: DISTANCE TO | L1: RED TO (BASED ON Ro OF THE FATTY ESTER) | Q1: RED TO (BASED ON Ro OF NXTLEVVEL SOLVENT)
B2: D | C2: P | D2: H | G2: ETHYL LEVULINATE | H2: BUTYL LEVULINATE | I2: EtLPK | J2: EtLGK | K2: EHL | L2: ETHYL LEVULINATE | M2: BUTYL LEVULINATE | N2: EtLPK | O2: EtLGK | P2: EHL | Q2: ETHYL LEVULINATE | R2: BUTYL LEVULINATE | S2: EtLPK | T2: EtLGK | U2: EHL
A3: Coconut oil | B3: 14.95 | C3: 4.63 | D3: 6.98 | E3: 9.8 | F3: - | G3: =SQRT((4*(HSP!$B$2-$B3)^2+(HSP!$C$2-$C3)^2+(HSP!$D$2-$D3)^2)) -> 5.8718736 | H3: =SQRT((4*(HSP!$B$3-$B3)^2+(HSP!$C$3-$C3)^2+(HSP!$D$3-$D3)^2)) -> 5.37 | I3: =SQRT((4*(HSP!$B$4-$B3)^2+(HSP!$C$4-$C3)^2+(HSP!$D$4-$D3)^2)) -> 0.47801674 | J3: =SQRT((4*(HSP!$B$5-$B3)^2+(HSP!$C$5-$C3)^2+(HSP!$D$5-$D3)^2)) -> 9.0255305 | K3: =SQRT((4*(HSP!$B$6-$B3)^2+(HSP!$C$6-$C3)^2+(HSP!$D$6-$D3)^2)) -> 3.666947 | L3: =$G3/$E3 -> 0.59917078 | M3: =$H3/$E3 -> 0.54795918 | N3: =$I3/$E3 -> 0.048777218 | O3: =$J3/$E3 -> 0.9209725 | P3: =$K3/$E3 -> 0.37417826 | Q3: =$G3/HSP!$E$2 -> 0.36023765 | R3: =$H3/HSP!$E$3 -> 0.39777778 | S3: =$I3/HSP!$E$4 -> 0.030063946 | T3: =$J3/HSP!$E$5 -> 0.65879784 | U3: =$K3/HSP!$E$6 -> 0.24776669
A4: Methyl caprylate | B4: 16.58 | C4: 2.4 | D4: 5.85 | E4: - | F4: - | G4: =SQRT((4*(HSP!$B$2-$B4)^2+(HSP!$C$2-$C4)^2+(HSP!$D$2-$D4)^2)) -> 9.0510828 | H4: =SQRT((4*(HSP!$B$3-$B4)^2+(HSP!$C$3-$C4)^2+(HSP!$D$3-$D4)^2)) -> 7.4750853 | I4: =SQRT((4*(HSP!$B$4-$B4)^2+(HSP!$C$4-$C4)^2+(HSP!$D$4-$D4)^2)) -> 3.7487731 | J4: =SQRT((4*(HSP!$B$5-$B4)^2+(HSP!$C$5-$C4)^2+(HSP!$D$5-$D4)^2)) -> 11.797169 | K4: =SQRT((4*(HSP!$B$6-$B4)^2+(HSP!$C$6-$C4)^2+(HSP!$D$6-$D4)^2)) -> 5.2062751 | L4: - | M4: - | N4: - | O4: - | P4: - | Q4: =$G4/HSP!$E$2 -> 0.55528115 | R4: =$H4/HSP!$E$3 -> 0.55371002 | S4: =$I4/HSP!$E$4 -> 0.2357719 | T4: =$J4/HSP!$E$5 -> 0.86110724 | U4: =$K4/HSP!$E$6 -> 0.35177534
A5: Methyl laurate | B5: 16.54 | C5: 2.06 | D5: 5.43 | E5: - | F5: - | G5: =SQRT((4*(HSP!$B$2-$B5)^2+(HSP!$C$2-$C5)^2+(HSP!$D$2-$D5)^2)) -> 9.3817322 | H5: =SQRT((4*(HSP!$B$3-$B5)^2+(HSP!$C$3-$C5)^2+(HSP!$D$3-$D5)^2)) -> 7.7975701 | I5: =SQRT((4*(HSP!$B$4-$B5)^2+(HSP!$C$4-$C5)^2+(HSP!$D$4-$D5)^2)) -> 4.0309924 | J5: =SQRT((4*(HSP!$B$5-$B5)^2+(HSP!$C$5-$C5)^2+(HSP!$D$5-$D5)^2)) -> 12.261207 | K5: =SQRT((4*(HSP!$B$6-$B5)^2+(HSP!$C$6-$C5)^2+(HSP!$D$6-$D5)^2)) -> 5.2957436 | L5: - | M5: - | N5: - | O5: - | P5: - | Q5: =$G5/HSP!$E$2 -> 0.5755664 | R5: =$H5/HSP!$E$3 -> 0.57759779 | S5: =$I5/HSP!$E$4 -> 0.25352154 | T5: =$J5/HSP!$E$5 -> 0.89497862 | U5: =$K5/HSP!$E$6 -> 0.35782051
A6: Methyl linoleate | B6: 16.45 | C6: 1.53 | D6: 4.67 | E6: - | F6: - | G6: =SQRT((4*(HSP!$B$2-$B6)^2+(HSP!$C$2-$C6)^2+(HSP!$D$2-$D6)^2)) -> 9.93836 | H6: =SQRT((4*(HSP!$B$3-$B6)^2+(HSP!$C$3-$C6)^2+(HSP!$D$3-$D6)^2)) -> 8.3504371 | I6: =SQRT((4*(HSP!$B$4-$B6)^2+(HSP!$C$4-$C6)^2+(HSP!$D$4-$D6)^2)) -> 4.5839939 | J6: =SQRT((4*(HSP!$B$5-$B6)^2+(HSP!$C$5-$C6)^2+(HSP!$D$5-$D6)^2)) -> 13.037381 | K6: =SQRT((4*(HSP!$B$6-$B6)^2+(HSP!$C$6-$C6)^2+(HSP!$D$6-$D6)^2)) -> 5.5001818 | L6: - | M6: - | N6: - | O6: - | P6: - | Q6: =$G6/HSP!$E$2 -> 0.60971534 | R6: =$H6/HSP!$E$3 -> 0.6185509 | S6: =$I6/HSP!$E$4 -> 0.2883015 | T6: =$J6/HSP!$E$5 -> 0.95163364 | U6: =$K6/HSP!$E$6 -> 0.37163391
A7: Methyl myristate | B7: 16.51 | C7: 1.81 | D7: 5.08 | E7: - | F7: - | G7: =SQRT((4*(HSP!$B$2-$B7)^2+(HSP!$C$2-$C7)^2+(HSP!$D$2-$D7)^2)) -> 9.6449417 | H7: =SQRT((4*(HSP!$B$3-$B7)^2+(HSP!$C$3-$C7)^2+(HSP!$D$3-$D7)^2)) -> 8.053552 | I7: =SQRT((4*(HSP!$B$4-$B7)^2+(HSP!$C$4-$C7)^2+(HSP!$D$4-$D7)^2)) -> 4.286922 | J7: =SQRT((4*(HSP!$B$5-$B7)^2+(HSP!$C$5-$C7)^2+(HSP!$D$5-$D7)^2)) -> 12.625411 | K7: =SQRT((4*(HSP!$B$6-$B7)^2+(HSP!$C$6-$C7)^2+(HSP!$D$6-$D7)^2)) -> 5.3858797 | L7: - | M7: - | N7: - | O7: - | P7: - | Q7: =$G7/HSP!$E$2 -> 0.59171421 | R7: =$H7/HSP!$E$3 -> 0.59655941 | S7: =$I7/HSP!$E$4 -> 0.26961773 | T7: =$J7/HSP!$E$5 -> 0.92156284 | U7: =$K7/HSP!$E$6 -> 0.36391079
A8: Methyl oleate | B8: 16.45 | C8: 1.49 | D8: 4.61 | E8: - | F8: - | G8: =SQRT((4*(HSP!$B$2-$B8)^2+(HSP!$C$2-$C8)^2+(HSP!$D$2-$D8)^2)) -> 9.9883833 | H8: =SQRT((4*(HSP!$B$3-$B8)^2+(HSP!$C$3-$C8)^2+(HSP!$D$3-$D8)^2)) -> 8.3978211 | I8: =SQRT((4*(HSP!$B$4-$B8)^2+(HSP!$C$4-$C8)^2+(HSP!$D$4-$D8)^2)) -> 4.6395905 | J8: =SQRT((4*(HSP!$B$5-$B8)^2+(HSP!$C$5-$C8)^2+(HSP!$D$5-$D8)^2)) -> 13.100569 | K8: =SQRT((4*(HSP!$B$6-$B8)^2+(HSP!$C$6-$C8)^2+(HSP!$D$6-$D8)^2)) -> 5.5272778 | L8: - | M8: - | N8: - | O8: - | P8: - | Q8: =$G8/HSP!$E$2 -> 0.61278425 | R8: =$H8/HSP!$E$3 -> 0.62206083 | S8: =$I8/HSP!$E$4 -> 0.29179814 | T8: =$J8/HSP!$E$5 -> 0.95624589 | U8: =$K8/HSP!$E$6 -> 0.37346472
A9: Methyl palmitate | B9: 16.48 | C9: 1.61 | D9: 4.8 | E9: - | F9: - | G9: =SQRT((4*(HSP!$B$2-$B9)^2+(HSP!$C$2-$C9)^2+(HSP!$D$2-$D9)^2)) -> 9.85964 | H9: =SQRT((4*(HSP!$B$3-$B9)^2+(HSP!$C$3-$C9)^2+(HSP!$D$3-$D9)^2)) -> 8.2667587 | I9: =SQRT((4*(HSP!$B$4-$B9)^2+(HSP!$C$4-$C9)^2+(HSP!$D$4-$D9)^2)) -> 4.5043646 | J9: =SQRT((4*(HSP!$B$5-$B9)^2+(HSP!$C$5-$C9)^2+(HSP!$D$5-$D9)^2)) -> 12.917639 | K9: =SQRT((4*(HSP!$B$6-$B9)^2+(HSP!$C$6-$C9)^2+(HSP!$D$6-$D9)^2)) -> 5.4764313 | L9: - | M9: - | N9: - | O9: - | P9: - | Q9: =$G9/HSP!$E$2 -> 0.60488589 | R9: =$H9/HSP!$E$3 -> 0.6123525 | S9: =$I9/HSP!$E$4 -> 0.28329337 | T9: =$J9/HSP!$E$5 -> 0.94289337 | U9: =$K9/HSP!$E$6 -> 0.37002914
A10: Methyl stearate | B10: 16.46 | C10: 1.45 | D10: 4.56 | E10: - | F10: - | G10: =SQRT((4*(HSP!$B$2-$B10)^2+(HSP!$C$2-$C10)^2+(HSP!$D$2-$D10)^2)) -> 10.04365 | H10: =SQRT((4*(HSP!$B$3-$B10)^2+(HSP!$C$3-$C10)^2+(HSP!$D$3-$D10)^2)) -> 8.4476802 | I10: =SQRT((4*(HSP!$B$4-$B10)^2+(HSP!$C$4-$C10)^2+(HSP!$D$4-$D10)^2)) -> 4.7017975 | J10: =SQRT((4*(HSP!$B$5-$B10)^2+(HSP!$C$5-$C10)^2+(HSP!$D$5-$D10)^2)) -> 13.162606 | K10: =SQRT((4*(HSP!$B$6-$B10)^2+(HSP!$C$6-$C10)^2+(HSP!$D$6-$D10)^2)) -> 5.5649708 | L10: - | M10: - | N10: - | O10: - | P10: - | Q10: =$G10/HSP!$E$2 -> 0.61617483 | R10: =$H10/HSP!$E$3 -> 0.62575409 | S10: =$I10/HSP!$E$4 -> 0.29571054 | T10: =$J10/HSP!$E$5 -> 0.96077417 | U10: =$K10/HSP!$E$6 -> 0.37601154
A11: Palm oil | B11: 17.54 | C11: 3.34 | D11: 4.08 | E11: 7.48 | F11: - | G11: =SQRT((4*(HSP!$B$2-$B11)^2+(HSP!$C$2-$C11)^2+(HSP!$D$2-$D11)^2)) -> 9.6787809 | H11: =SQRT((4*(HSP!$B$3-$B11)^2+(HSP!$C$3-$C11)^2+(HSP!$D$3-$D11)^2)) -> 7.5272837 | I11: =SQRT((4*(HSP!$B$4-$B11)^2+(HSP!$C$4-$C11)^2+(HSP!$D$4-$D11)^2)) -> 5.6268641 | J11: =SQRT((4*(HSP!$B$5-$B11)^2+(HSP!$C$5-$C11)^2+(HSP!$D$5-$D11)^2)) -> 12.470706 | K11: =SQRT((4*(HSP!$B$6-$B11)^2+(HSP!$C$6-$C11)^2+(HSP!$D$6-$D11)^2)) -> 5.4965989 | L11: =$G11/$E11 -> 1.2939547 | M11: =$H11/$E11 -> 1.0063214 | N11: =$I11/$E11 -> 0.75225456 | O11: =$J11/$E11 -> 1.6672066 | P11: =$K11/$E11 -> 0.73483943 | Q11: =$G11/HSP!$E$2 -> 0.59379024 | R11: =$H11/HSP!$E$3 -> 0.55757657 | S11: =$I11/HSP!$E$4 -> 0.35389083 | T11: =$J11/HSP!$E$5 -> 0.91027049 | U11: =$K11/HSP!$E$6 -> 0.37139182
A12: Used frying oil | B12: 15.35 | C12: 3.77 | D12: 6.87 | E12: 9.57 | F12: - | G12: =SQRT((4*(HSP!$B$2-$B12)^2+(HSP!$C$2-$C12)^2+(HSP!$D$2-$D12)^2)) -> 6.8569818 | H12: =SQRT((4*(HSP!$B$3-$B12)^2+(HSP!$C$3-$C12)^2+(HSP!$D$3-$D12)^2)) -> 6.0213786 | I12: =SQRT((4*(HSP!$B$4-$B12)^2+(HSP!$C$4-$C12)^2+(HSP!$D$4-$D12)^2)) -> 0.98112181 | J12: =SQRT((4*(HSP!$B$5-$B12)^2+(HSP!$C$5-$C12)^2+(HSP!$D$5-$D12)^2)) -> 9.8291251 | K12: =SQRT((4*(HSP!$B$6-$B12)^2+(HSP!$C$6-$C12)^2+(HSP!$D$6-$D12)^2)) -> 4.0276047 | L12: =$G12/$E12 -> 0.71650803 | M12: =$H12/$E12 -> 0.62919316 | N12: =$I12/$E12 -> 0.10252056 | O12: =$J12/$E12 -> 1.0270768 | P12: =$K12/$E12 -> 0.42085734 | Q12: =$G12/HSP!$E$2 -> 0.42067373 | R12: =$H12/HSP!$E$3 -> 0.44602804 | S12: =$I12/HSP!$E$4 -> 0.061705774 | T12: =$J12/HSP!$E$5 -> 0.71745439 | U12: =$K12/HSP!$E$6 -> 0.27213546

Sheet Fragrances
A1: FRAGRANCE | B1: HSP | E1: Ro | F1: Mvol | G1: DISTANCE TO | L1: RED TO (BASED ON Ro OF THE FRAGRANCE) | Q1: RED TO (BASED ON Ro OF NXTLEVVEL SOLVENT)
B2: D | C2: P | D2: H | G2: ETHYL LEVULINATE | H2: BUTYL LEVULINATE | I2: EtLPK | J2: EtLGK | K2: EHL | L2: ETHYL LEVULINATE | M2: BUTYL LEVULINATE | N2: EtLPK | O2: EtLGK | P2: EHL | Q2: ETHYL LEVULINATE | R2: BUTYL LEVULINATE | S2: EtLPK | T2: EtLGK | U2: EHL
A3: 1,13-Tridecanoic Acid, Diethyl Ester | B3: 16 | C3: 3.3 | D3: 7.6 | E3: - | F3: 317 | G3: =SQRT((4*(HSP!$B$2-$B3)^2+(HSP!$C$2-$C3)^2+(HSP!$D$2-$D3)^2)) -> 7.7129761 | H3: =SQRT((4*(HSP!$B$3-$B3)^2+(HSP!$C$3-$C3)^2+(HSP!$D$3-$D3)^2)) -> 6.6334305 | I3: =SQRT((4*(HSP!$B$4-$B3)^2+(HSP!$C$4-$C3)^2+(HSP!$D$4-$D3)^2)) -> 2.3021729 | J3: =SQRT((4*(HSP!$B$5-$B3)^2+(HSP!$C$5-$C3)^2+(HSP!$D$5-$D3)^2)) -> 10.097371 | K3: =SQRT((4*(HSP!$B$6-$B3)^2+(HSP!$C$6-$C3)^2+(HSP!$D$6-$D3)^2)) -> 5.0981369 | L3: - | M3: - | N3: - | O3: - | P3: - | Q3: =$G3/HSP!$E$2 -> 0.47318872 | R3: =$H3/HSP!$E$3 -> 0.49136522 | S3: =$I3/HSP!$E$4 -> 0.14479075 | T3: =$J3/HSP!$E$5 -> 0.73703438 | U3: =$K3/HSP!$E$6 -> 0.34446871
A4: 2,6-Dimethyl-5-Heptenal | B4: 15.7 | C4: 6.4 | D4: 4.7 | E4: - | F4: 224.7 | G4: =SQRT((4*(HSP!$B$2-$B4)^2+(HSP!$C$2-$C4)^2+(HSP!$D$2-$D4)^2)) -> 5.1499515 | H4: =SQRT((4*(HSP!$B$3-$B4)^2+(HSP!$C$3-$C4)^2+(HSP!$D$3-$D4)^2)) -> 3.4470857 | I4: =SQRT((4*(HSP!$B$4-$B4)^2+(HSP!$C$4-$C4)^2+(HSP!$D$4-$D4)^2)) -> 2.9141036 | J4: =SQRT((4*(HSP!$B$5-$B4)^2+(HSP!$C$5-$C4)^2+(HSP!$D$5-$D4)^2)) -> 8.9159913 | K4: =SQRT((4*(HSP!$B$6-$B4)^2+(HSP!$C$6-$C4)^2+(HSP!$D$6-$D4)^2)) -> 1.2095454 | L4: - | M4: - | N4: - | O4: - | P4: - | Q4: =$G4/HSP!$E$2 -> 0.31594794 | R4: =$H4/HSP!$E$3 -> 0.25533968 | S4: =$I4/HSP!$E$4 -> 0.18327696 | T4: =$J4/HSP!$E$5 -> 0.65080228 | U4: =$K4/HSP!$E$6 -> 0.081726038
A5: 2-Methoxy Naphthalene | B5: 19.2 | C5: 3.6 | D5: 5.9 | E5: - | F5: 145.1 | G5: =SQRT((4*(HSP!$B$2-$B5)^2+(HSP!$C$2-$C5)^2+(HSP!$D$2-$D5)^2)) -> 11.526751 | H5: =SQRT((4*(HSP!$B$3-$B5)^2+(HSP!$C$3-$C5)^2+(HSP!$D$3-$D5)^2)) -> 9.2741792 | I5: =SQRT((4*(HSP!$B$4-$B5)^2+(HSP!$C$4-$C5)^2+(HSP!$D$4-$D5)^2)) -> 8.1816869 | J5: =SQRT((4*(HSP!$B$5-$B5)^2+(HSP!$C$5-$C5)^2+(HSP!$D$5-$D5)^2)) -> 13.048176 | K5: =SQRT((4*(HSP!$B$6-$B5)^2+(HSP!$C$6-$C5)^2+(HSP!$D$6-$D5)^2)) -> 8.6018021 | L5: - | M5: - | N5: - | O5: - | P5: - | Q5: =$G5/HSP!$E$2 -> 0.70716267 | R5: =$H5/HSP!$E$3 -> 0.68697624 | S5: =$I5/HSP!$E$4 -> 0.5145715 | T5: =$J5/HSP!$E$5 -> 0.95242161 | U5: =$K5/HSP!$E$6 -> 0.58120285
A6: 3-Methyl-2-Butenyl Acetate | B6: 15.6 | C6: 4 | D6: 7 | E6: - | F6: 138.2 | G6: =SQRT((4*(HSP!$B$2-$B6)^2+(HSP!$C$2-$C6)^2+(HSP!$D$2-$D6)^2)) -> 6.7625439 | H6: =SQRT((4*(HSP!$B$3-$B6)^2+(HSP!$C$3-$C6)^2+(HSP!$D$3-$D6)^2)) -> 5.7844965 | I6: =SQRT((4*(HSP!$B$4-$B6)^2+(HSP!$C$4-$C6)^2+(HSP!$D$4-$D6)^2)) -> 1.1144505 | J6: =SQRT((4*(HSP!$B$5-$B6)^2+(HSP!$C$5-$C6)^2+(HSP!$D$5-$D6)^2)) -> 9.5874345 | K6: =SQRT((4*(HSP!$B$6-$B6)^2+(HSP!$C$6-$C6)^2+(HSP!$D$6-$D6)^2)) -> 4.032741 | L6: - | M6: - | N6: - | O6: - | P6: - | Q6: =$G6/HSP!$E$2 -> 0.41487999 | R6: =$H6/HSP!$E$3 -> 0.42848122 | S6: =$I6/HSP!$E$4 -> 0.070091229 | T6: =$J6/HSP!$E$5 -> 0.69981274 | U6: =$K6/HSP!$E$6 -> 0.2724825
A7: Acetic Acid Hexyl Ester | B7: 15.8 | C7: 2.9 | D7: 5.9 | E7: - | F7: 165 | G7: =SQRT((4*(HSP!$B$2-$B7)^2+(HSP!$C$2-$C7)^2+(HSP!$D$2-$D7)^2)) -> 8.0049984 | H7: =SQRT((4*(HSP!$B$3-$B7)^2+(HSP!$C$3-$C7)^2+(HSP!$D$3-$D7)^2)) -> 6.764052 | I7: =SQRT((4*(HSP!$B$4-$B7)^2+(HSP!$C$4-$C7)^2+(HSP!$D$4-$D7)^2)) -> 2.3592372 | J7: =SQRT((4*(HSP!$B$5-$B7)^2+(HSP!$C$5-$C7)^2+(HSP!$D$5-$D7)^2)) -> 11.084083 | K7: =SQRT((4*(HSP!$B$6-$B7)^2+(HSP!$C$6-$C7)^2+(HSP!$D$6-$D7)^2)) -> 4.2174637 | L7: - | M7: - | N7: - | O7: - | P7: - | Q7: =$G7/HSP!$E$2 -> 0.4911042 | R7: =$H7/HSP!$E$3 -> 0.50104089 | S7: =$I7/HSP!$E$4 -> 0.1483797 | T7: =$J7/HSP!$E$5 -> 0.80905717 | U7: =$K7/HSP!$E$6 -> 0.28496376
A8: Adoxal | B8: 16 | C8: 6 | D8: 4.5 | E8: - | F8: 256.1 | G8: =SQRT((4*(HSP!$B$2-$B8)^2+(HSP!$C$2-$C8)^2+(HSP!$D$2-$D8)^2)) -> 5.8208247 | H8: =SQRT((4*(HSP!$B$3-$B8)^2+(HSP!$C$3-$C8)^2+(HSP!$D$3-$D8)^2)) -> 3.9398477 | I8: =SQRT((4*(HSP!$B$4-$B8)^2+(HSP!$C$4-$C8)^2+(HSP!$D$4-$D8)^2)) -> 3.128578 | J8: =SQRT((4*(HSP!$B$5-$B8)^2+(HSP!$C$5-$C8)^2+(HSP!$D$5-$D8)^2)) -> 9.414611 | K8: =SQRT((4*(HSP!$B$6-$B8)^2+(HSP!$C$6-$C8)^2+(HSP!$D$6-$D8)^2)) -> 1.6549924 | L8: - | M8: - | N8: - | O8: - | P8: - | Q8: =$G8/HSP!$E$2 -> 0.35710581 | R8: =$H8/HSP!$E$3 -> 0.29184057 | S8: =$I8/HSP!$E$4 -> 0.19676591 | T8: =$J8/HSP!$E$5 -> 0.68719788 | U8: =$K8/HSP!$E$6 -> 0.11182381
A9: Aldehyde Mna | B9: 16 | C9: 6.8 | D9: 4.3 | E9: - | F9: 188.3 | G9: =SQRT((4*(HSP!$B$2-$B9)^2+(HSP!$C$2-$C9)^2+(HSP!$D$2-$D9)^2)) -> 5.3308536 | H9: =SQRT((4*(HSP!$B$3-$B9)^2+(HSP!$C$3-$C9)^2+(HSP!$D$3-$D9)^2)) -> 3.2976355 | I9: =SQRT((4*(HSP!$B$4-$B9)^2+(HSP!$C$4-$C9)^2+(HSP!$D$4-$D9)^2)) -> 3.6742346 | J9: =SQRT((4*(HSP!$B$5-$B9)^2+(HSP!$C$5-$C9)^2+(HSP!$D$5-$D9)^2)) -> 9.0074913 | K9: =SQRT((4*(HSP!$B$6-$B9)^2+(HSP!$C$6-$C9)^2+(HSP!$D$6-$D9)^2)) -> 1.5719415 | L9: - | M9: - | N9: - | O9: - | P9: - | Q9: =$G9/HSP!$E$2 -> 0.32704623 | R9: =$H9/HSP!$E$3 -> 0.2442693 | S9: =$I9/HSP!$E$4 -> 0.23108394 | T9: =$J9/HSP!$E$5 -> 0.65748112 | U9: =$K9/HSP!$E$6 -> 0.10621226
A10: Allo-Ocimene | B10: 15.6 | C10: 1.2 | D10: 5.2 | E10: - | F10: 170.3 | G10: =SQRT((4*(HSP!$B$2-$B10)^2+(HSP!$C$2-$C10)^2+(HSP!$D$2-$D10)^2)) -> 9.6392946 | H10: =SQRT((4*(HSP!$B$3-$B10)^2+(HSP!$C$3-$C10)^2+(HSP!$D$3-$D10)^2)) -> 8.4845978 | I10: =SQRT((4*(HSP!$B$4-$B10)^2+(HSP!$C$4-$C10)^2+(HSP!$D$4-$D10)^2)) -> 3.9255573 | J10: =SQRT((4*(HSP!$B$5-$B10)^2+(HSP!$C$5-$C10)^2+(HSP!$D$5-$D10)^2)) -> 12.88328 | K10: =SQRT((4*(HSP!$B$6-$B10)^2+(HSP!$C$6-$C10)^2+(HSP!$D$6-$D10)^2)) -> 5.441599 | L10: - | M10: - | N10: - | O10: - | P10: - | Q10: =$G10/HSP!$E$2 -> 0.59136777 | R10: =$H10/HSP!$E$3 -> 0.62848873 | S10: =$I10/HSP!$E$4 -> 0.2468904 | T10: =$J10/HSP!$E$5 -> 0.94038539 | U10: =$K10/HSP!$E$6 -> 0.36767561
A11: Allyl Amyl Glycolate | B11: 16 | C11: 4.4 | D11: 6.8 | E11: - | F11: 186 | G11: =SQRT((4*(HSP!$B$2-$B11)^2+(HSP!$C$2-$C11)^2+(HSP!$D$2-$D11)^2)) -> 6.6780237 | H11: =SQRT((4*(HSP!$B$3-$B11)^2+(HSP!$C$3-$C11)^2+(HSP!$D$3-$D11)^2)) -> 5.386316 | I11: =SQRT((4*(HSP!$B$4-$B11)^2+(HSP!$C$4-$C11)^2+(HSP!$D$4-$D11)^2)) -> 1.6834488 | J11: =SQRT((4*(HSP!$B$5-$B11)^2+(HSP!$C$5-$C11)^2+(HSP!$D$5-$D11)^2)) -> 9.4027071 | K11: =SQRT((4*(HSP!$B$6-$B11)^2+(HSP!$C$6-$C11)^2+(HSP!$D$6-$D11)^2)) -> 3.8671695 | L11: - | M11: - | N11: - | O11: - | P11: - | Q11: =$G11/HSP!$E$2 -> 0.4096947 | R11: =$H11/HSP!$E$3 -> 0.39898637 | S11: =$I11/HSP!$E$4 -> 0.10587729 | T11: =$J11/HSP!$E$5 -> 0.68632898 | U11: =$K11/HSP!$E$6 -> 0.26129524
A12: Allyl Caproate | B12: 16 | C12: 2.4 | D12: 5.3 | E12: - | F12: 241.5 | G12: =SQRT((4*(HSP!$B$2-$B12)^2+(HSP!$C$2-$C12)^2+(HSP!$D$2-$D12)^2)) -> 8.6963211 | H12: =SQRT((4*(HSP!$B$3-$B12)^2+(HSP!$C$3-$C12)^2+(HSP!$D$3-$D12)^2)) -> 7.3049572 | I12: =SQRT((4*(HSP!$B$4-$B12)^2+(HSP!$C$4-$C12)^2+(HSP!$D$4-$D12)^2)) -> 3.19437 | J12: =SQRT((4*(HSP!$B$5-$B12)^2+(HSP!$C$5-$C12)^2+(HSP!$D$5-$D12)^2)) -> 11.846134 | K12: =SQRT((4*(HSP!$B$6-$B12)^2+(HSP!$C$6-$C12)^2+(HSP!$D$6-$D12)^2)) -> 4.5249309 | L12: - | M12: - | N12: - | O12: - | P12: - | Q12: =$G12/HSP!$E$2 -> 0.53351663 | R12: =$H12/HSP!$E$3 -> 0.54110794 | S12: =$I12/HSP!$E$4 -> 0.20090378 | T12: =$J12/HSP!$E$5 -> 0.86468134 | U12: =$K12/HSP!$E$6 -> 0.30573858
A13: Allyl Cyclohexane Propionate | B13: 17 | C13: 2.6 | D13: 5.6 | E13: - | F13: 213 | G13: =SQRT((4*(HSP!$B$2-$B13)^2+(HSP!$C$2-$C13)^2+(HSP!$D$2-$D13)^2)) -> 9.3125721 | H13: =SQRT((4*(HSP!$B$3-$B13)^2+(HSP!$C$3-$C13)^2+(HSP!$D$3-$D13)^2)) -> 7.5336844 | I13: =SQRT((4*(HSP!$B$4-$B13)^2+(HSP!$C$4-$C13)^2+(HSP!$D$4-$D13)^2)) -> 4.3774422 | J13: =SQRT((4*(HSP!$B$5-$B13)^2+(HSP!$C$5-$C13)^2+(HSP!$D$5-$D13)^2)) -> 11.949682 | K13: =SQRT((4*(HSP!$B$6-$B13)^2+(HSP!$C$6-$C13)^2+(HSP!$D$6-$D13)^2)) -> 5.4500459 | L13: - | M13: - | N13: - | O13: - | P13: - | Q13: =$G13/HSP!$E$2 -> 0.57132344 | R13: =$H13/HSP!$E$3 -> 0.55805069 | S13: =$I13/HSP!$E$4 -> 0.27531083 | T13: =$J13/HSP!$E$5 -> 0.87223956 | U13: =$K13/HSP!$E$6 -> 0.36824634
A14: Allyl Heptanoate | B14: 16 | C14: 2.7 | D14: 5.9 | E14: - | F14: 192 | G14: =SQRT((4*(HSP!$B$2-$B14)^2+(HSP!$C$2-$C14)^2+(HSP!$D$2-$D14)^2)) -> 8.3200962 | H14: =SQRT((4*(HSP!$B$3-$B14)^2+(HSP!$C$3-$C14)^2+(HSP!$D$3-$D14)^2)) -> 6.9880183 | I14: =SQRT((4*(HSP!$B$4-$B14)^2+(HSP!$C$4-$C14)^2+(HSP!$D$4-$D14)^2)) -> 2.7360556 | J14: =SQRT((4*(HSP!$B$5-$B14)^2+(HSP!$C$5-$C14)^2+(HSP!$D$5-$D14)^2)) -> 11.306321 | K14: =SQRT((4*(HSP!$B$6-$B14)^2+(HSP!$C$6-$C14)^2+(HSP!$D$6-$D14)^2)) -> 4.4996667 | L14: - | M14: - | N14: - | O14: - | P14: - | Q14: =$G14/HSP!$E$2 -> 0.51043535 | R14: =$H14/HSP!$E$3 -> 0.51763099 | S14: =$I14/HSP!$E$4 -> 0.17207897 | T14: =$J14/HSP!$E$5 -> 0.82527892 | U14: =$K14/HSP!$E$6 -> 0.30403153
... A286: γ-Undecalactone | B286: 17.4 | C286: 10.2 | D286: 4.5 | E286: - | F286: 204.8 | G286: =SQRT((4*(HSP!$B$2-$B286)^2+(HSP!$C$2-$C286)^2+(HSP!$D$2-$D286)^2)) -> 6.1300897 | H286: =SQRT((4*(HSP!$B$3-$B286)^2+(HSP!$C$3-$C286)^2+(HSP!$D$3-$D286)^2)) -> 3.7054554 | I286: =SQRT((4*(HSP!$B$4-$B286)^2+(HSP!$C$4-$C286)^2+(HSP!$D$4-$D286)^2)) -> 7.4600268 | J286: =SQRT((4*(HSP!$B$5-$B286)^2+(HSP!$C$5-$C286)^2+(HSP!$D$5-$D286)^2)) -> 8.1143638 | K286: =SQRT((4*(HSP!$B$6-$B286)^2+(HSP!$C$6-$C286)^2+(HSP!$D$6-$D286)^2)) -> 5.7256441 | L286: - | M286: - | N286: - | O286: - | P286: - | Q286: =$G286/HSP!$E$2 -> 0.37607912 | R286: =$H286/HSP!$E$3 -> 0.27447818 | S286: =$I286/HSP!$E$4 -> 0.46918408 | T286: =$J286/HSP!$E$5 -> 0.59228933 | U286: =$K286/HSP!$E$6 -> 0.38686784

Sheet Particles
A1: PARTICLE | B1: HSP | E1: Ro | F1: DISTANCE TO | K1: RED TO (BASED ON Ro OF THE PARTICLE) | P1: RED TO (BASED ON Ro OF NXTLEVVEL SOLVENT)
B2: D | C2: P | D2: H | F2: ETHYL LEVULINATE | G2: BUTYL LEVULINATE | H2: EtLPK | I2: EtLGK | J2: EHL | K2: ETHYL LEVULINATE | L2: BUTYL LEVULINATE | M2: EtLPK | N2: EtLGK | O2: EHL | P2: ETHYL LEVULINATE | Q2: BUTYL LEVULINATE | R2: EtLPK | S2: EtLGK | T2: EHL
A3: Al2O3 | B3: 17.5 | C3: 11.3 | D3: 10.6 | E3: - | F3: =SQRT((4*(HSP!$B$2-$B3)^2+(HSP!$C$2-$C3)^2+(HSP!$D$2-$D3)^2)) -> 6.888396 | G3: =SQRT((4*(HSP!$B$3-$B3)^2+(HSP!$C$3-$C3)^2+(HSP!$D$3-$D3)^2)) -> 6.2163012 | H3: =SQRT((4*(HSP!$B$4-$B3)^2+(HSP!$C$4-$C3)^2+(HSP!$D$4-$D3)^2)) -> 8.9431538 | I3: =SQRT((4*(HSP!$B$5-$B3)^2+(HSP!$C$5-$C3)^2+(HSP!$D$5-$D3)^2)) -> 4.692217 | J3: =SQRT((4*(HSP!$B$6-$B3)^2+(HSP!$C$6-$C3)^2+(HSP!$D$6-$D3)^2)) -> 9.4430398 | K3: - | L3: - | M3: - | N3: - | O3: - | P3: =$F3/HSP!$E$2 -> 0.42260098 | Q3: =$G3/HSP!$E$3 -> 0.46046675 | R3: =$H3/HSP!$E$4 -> 0.5624625 | S3: =$I3/HSP!$E$5 -> 0.34249759 | T3: =$J3/HSP!$E$6 -> 0.63804323
A4: C60 | B4: 19.7 | C4: 2.9 | D4: 2.7 | E4: - | F4: =SQRT((4*(HSP!$B$2-$B4)^2+(HSP!$C$2-$C4)^2+(HSP!$D$2-$D4)^2)) -> 13.398209 | G4: =SQRT((4*(HSP!$B$3-$B4)^2+(HSP!$C$3-$C4)^2+(HSP!$D$3-$D4)^2)) -> 10.943144 | H4: =SQRT((4*(HSP!$B$4-$B4)^2+(HSP!$C$4-$C4)^2+(HSP!$D$4-$D4)^2)) -> 10.102574 | I4: =SQRT((4*(HSP!$B$5-$B4)^2+(HSP!$C$5-$C4)^2+(HSP!$D$5-$D4)^2)) -> 15.577705 | J4: =SQRT((4*(HSP!$B$6-$B4)^2+(HSP!$C$6-$C4)^2+(HSP!$D$6-$D4)^2)) -> 9.6064041 | K4: - | L4: - | M4: - | N4: - | O4: - | P4: =$F4/HSP!$E$2 -> 0.821976 | Q4: =$G4/HSP!$E$3 -> 0.81060326 | R4: =$H4/HSP!$E$4 -> 0.63538201 | S4: =$I4/HSP!$E$5 -> 1.1370588 | T4: =$J4/HSP!$E$6 -> 0.64908136
A5: Carbon Black - High Hydrophilicity | B5: 20 | C5: 11 | D5: 12 | E5: - | F5: =SQRT((4*(HSP!$B$2-$B5)^2+(HSP!$C$2-$C5)^2+(HSP!$D$2-$D5)^2)) -> 11.921913 | G5: =SQRT((4*(HSP!$B$3-$B5)^2+(HSP!$C$3-$C5)^2+(HSP!$D$3-$D5)^2)) -> 10.690762 | H5: =SQRT((4*(HSP!$B$4-$B5)^2+(HSP!$C$4-$C5)^2+(HSP!$D$4-$D5)^2)) -> 12.660885 | I5: =SQRT((4*(HSP!$B$5-$B5)^2+(HSP!$C$5-$C5)^2+(HSP!$D$5-$D5)^2)) -> 9.6744457 | J5: =SQRT((4*(HSP!$B$6-$B5)^2+(HSP!$C$6-$C5)^2+(HSP!$D$6-$D5)^2)) -> 13.296579 | K5: - | L5: - | M5: - | N5: - | O5: - | P5: =$F5/HSP!$E$2 -> 0.73140568 | Q5: =$G5/HSP!$E$3 -> 0.79190832 | R5: =$H5/HSP!$E$4 -> 0.79628205 | S5: =$I5/HSP!$E$5 -> 0.70616392 | T5: =$J5/HSP!$E$6 -> 0.89841747
A6: Carbon Black - Low Hydrophilicity | B6: 16 | C6: 10 | D6: 7 | E6: - | F6: =SQRT((4*(HSP!$B$2-$B6)^2+(HSP!$C$2-$C6)^2+(HSP!$D$2-$D6)^2)) -> 2.8376046 | G6: =SQRT((4*(HSP!$B$3-$B6)^2+(HSP!$C$3-$C6)^2+(HSP!$D$3-$D6)^2)) -> 1.3756453 | H6: =SQRT((4*(HSP!$B$4-$B6)^2+(HSP!$C$4-$C6)^2+(HSP!$D$4-$D6)^2)) -> 5.5765581 | I6: =SQRT((4*(HSP!$B$5-$B6)^2+(HSP!$C$5-$C6)^2+(HSP!$D$5-$D6)^2)) -> 4.9974894 | J6: =SQRT((4*(HSP!$B$6-$B6)^2+(HSP!$C$6-$C6)^2+(HSP!$D$6-$D6)^2)) -> 4.9798594 | K6: - | L6: - | M6: - | N6: - | O6: - | P6: =$F6/HSP!$E$2 -> 0.17408617 | Q6: =$G6/HSP!$E$3 -> 0.10189965 | R6: =$H6/HSP!$E$4 -> 0.35072692 | S6: =$I6/HSP!$E$5 -> 0.36478025 | T6: =$J6/HSP!$E$6 -> 0.33647699
A7: Carbon Fibre (Hansen solubility parameters for a carbon fiber/epoxy composite, 2007) | B7: 21.3 | C7: 8.7 | D7: 11.5 | E7: - | F7: =SQRT((4*(HSP!$B$2-$B7)^2+(HSP!$C$2-$C7)^2+(HSP!$D$2-$D7)^2)) -> 14.250895 | G7: =SQRT((4*(HSP!$B$3-$B7)^2+(HSP!$C$3-$C7)^2+(HSP!$D$3-$D7)^2)) -> 12.612391 | H7: =SQRT((4*(HSP!$B$4-$B7)^2+(HSP!$C$4-$C7)^2+(HSP!$D$4-$D7)^2)) -> 13.731642 | I7: =SQRT((4*(HSP!$B$5-$B7)^2+(HSP!$C$5-$C7)^2+(HSP!$D$5-$D7)^2)) -> 12.725129 | J7: =SQRT((4*(HSP!$B$6-$B7)^2+(HSP!$C$6-$C7)^2+(HSP!$D$6-$D7)^2)) -> 14.460947 | K7: - | L7: - | M7: - | N7: - | O7: - | P7: =$F7/HSP!$E$2 -> 0.87428802 | Q7: =$G7/HSP!$E$3 -> 0.93425117 | R7: =$H7/HSP!$E$4 -> 0.8636253 | S7: =$I7/HSP!$E$5 -> 0.92884151 | T7: =$J7/HSP!$E$6 -> 0.97709104
A8: Carbon Nano Tubes | B8: 19 | C8: 8 | D8: 4 | E8: - | F8: =SQRT((4*(HSP!$B$2-$B8)^2+(HSP!$C$2-$C8)^2+(HSP!$D$2-$D8)^2)) -> 9.6110353 | G8: =SQRT((4*(HSP!$B$3-$B8)^2+(HSP!$C$3-$C8)^2+(HSP!$D$3-$D8)^2)) -> 7.0634552 | H8: =SQRT((4*(HSP!$B$4-$B8)^2+(HSP!$C$4-$C8)^2+(HSP!$D$4-$D8)^2)) -> 8.8055664 | I8: =SQRT((4*(HSP!$B$5-$B8)^2+(HSP!$C$5-$C8)^2+(HSP!$D$5-$D8)^2)) -> 11.222963 | J8: =SQRT((4*(HSP!$B$6-$B8)^2+(HSP!$C$6-$C8)^2+(HSP!$D$6-$D8)^2)) -> 7.6248934 | K8: - | L8: - | M8: - | N8: - | O8: - | P8: =$F8/HSP!$E$2 -> 0.58963407 | Q8: =$G8/HSP!$E$3 -> 0.52321891 | R8: =$H8/HSP!$E$4 -> 0.55380921 | S8: =$I8/HSP!$E$5 -> 0.81919438 | T8: =$J8/HSP!$E$6 -> 0.5151955
A9: Fin Talc M15* | B9: 17.89 | C9: 8.29 | D9: 10.34 | E9: - | F9: =SQRT((4*(HSP!$B$2-$B9)^2+(HSP!$C$2-$C9)^2+(HSP!$D$2-$D9)^2)) -> 7.7003182 | G9: =SQRT((4*(HSP!$B$3-$B9)^2+(HSP!$C$3-$C9)^2+(HSP!$D$3-$D9)^2)) -> 6.4550213 | H9: =SQRT((4*(HSP!$B$4-$B9)^2+(HSP!$C$4-$C9)^2+(HSP!$D$4-$D9)^2)) -> 7.4267961 | I9: =SQRT((4*(HSP!$B$5-$B9)^2+(HSP!$C$5-$C9)^2+(HSP!$D$5-$D9)^2)) -> 6.8869877 | J9: =SQRT((4*(HSP!$B$6-$B9)^2+(HSP!$C$6-$C9)^2+(HSP!$D$6-$D9)^2)) -> 8.5461863 | K9: - | L9: - | M9: - | N9: - | O9: - | P9: =$F9/HSP!$E$2 -> 0.47241216 | Q9: =$G9/HSP!$E$3 -> 0.47814973 | R9: =$H9/HSP!$E$4 -> 0.46709409 | S9: =$I9/HSP!$E$5 -> 0.50269983 | T9: =$J9/HSP!$E$6 -> 0.57744502
A10: Fumed Silica | B10: 18 | C10: 27.5 | D10: 29 | E10: - | F10: =SQRT((4*(HSP!$B$2-$B10)^2+(HSP!$C$2-$C10)^2+(HSP!$D$2-$D10)^2)) -> 28.661507 | G10: =SQRT((4*(HSP!$B$3-$B10)^2+(HSP!$C$3-$C10)^2+(HSP!$D$3-$D10)^2)) -> 29.612876 | H10: =SQRT((4*(HSP!$B$4-$B10)^2+(HSP!$C$4-$C10)^2+(HSP!$D$4-$D10)^2)) -> 32.336172 | I10: =SQRT((4*(HSP!$B$5-$B10)^2+(HSP!$C$5-$C10)^2+(HSP!$D$5-$D10)^2)) -> 23.974672 | J10: =SQRT((4*(HSP!$B$6-$B10)^2+(HSP!$C$6-$C10)^2+(HSP!$D$6-$D10)^2)) -> 33.260773 | K10: - | L10: - | M10: - | N10: - | O10: - | P10: =$F10/HSP!$E$2 -> 1.7583747 | Q10: =$G10/HSP!$E$3 -> 2.1935463 | R10: =$H10/HSP!$E$4 -> 2.0337215 | S10: =$I10/HSP!$E$5 -> 1.7499761 | T10: =$J10/HSP!$E$6 -> 2.2473495
A11: Glassy Carbon (Hansen solubility parameters for a carbon fiber/epoxy composite, 2007) | B11: 20 | C11: 10 | D11: 10 | E11: - | F11: =SQRT((4*(HSP!$B$2-$B11)^2+(HSP!$C$2-$C11)^2+(HSP!$D$2-$D11)^2)) -> 11.223725 | G11: =SQRT((4*(HSP!$B$3-$B11)^2+(HSP!$C$3-$C11)^2+(HSP!$D$3-$D11)^2)) -> 9.5860524 | H11: =SQRT((4*(HSP!$B$4-$B11)^2+(HSP!$C$4-$C11)^2+(HSP!$D$4-$D11)^2)) -> 11.482944 | I11: =SQRT((4*(HSP!$B$5-$B11)^2+(HSP!$C$5-$C11)^2+(HSP!$D$5-$D11)^2)) -> 9.8871078 | J11: =SQRT((4*(HSP!$B$6-$B11)^2+(HSP!$C$6-$C11)^2+(HSP!$D$6-$D11)^2)) -> 11.834653 | K11: - | L11: - | M11: - | N11: - | O11: - | P11: =$F11/HSP!$E$2 -> 0.68857208 | Q11: =$G11/HSP!$E$3 -> 0.71007795 | R11: =$H11/HSP!$E$4 -> 0.72219773 | S11: =$I11/HSP!$E$5 -> 0.7216867 | T11: =$J11/HSP!$E$6 -> 0.79963868
A12: Hydroxyapatite | B12: 17.6 | C12: 14 | D12: 9.4 | E12: - | F12: =SQRT((4*(HSP!$B$2-$B12)^2+(HSP!$C$2-$C12)^2+(HSP!$D$2-$D12)^2)) -> 7.374822 | G12: =SQRT((4*(HSP!$B$3-$B12)^2+(HSP!$C$3-$C12)^2+(HSP!$D$3-$D12)^2)) -> 6.8003235 | H12: =SQRT((4*(HSP!$B$4-$B12)^2+(HSP!$C$4-$C12)^2+(HSP!$D$4-$D12)^2)) -> 10.827835 | I12: =SQRT((4*(HSP!$B$5-$B12)^2+(HSP!$C$5-$C12)^2+(HSP!$D$5-$D12)^2)) -> 5.0690137 | J12: =SQRT((4*(HSP!$B$6-$B12)^2+(HSP!$C$6-$C12)^2+(HSP!$D$6-$D12)^2)) -> 10.479647 | K12: - | L12: - | M12: - | N12: - | O12: - | P12: =$F12/HSP!$E$2 -> 0.45244307 | Q12: =$G12/HSP!$E$3 -> 0.50372767 | R12: =$H12/HSP!$E$4 -> 0.68099588 | S12: =$I12/HSP!$E$5 -> 0.370001 | T12: =$J12/HSP!$E$6 -> 0.70808425
A13: TiO2 | B13: 17.5 | C13: 12.7 | D13: 8.9 | E13: - | F13: =SQRT((4*(HSP!$B$2-$B13)^2+(HSP!$C$2-$C13)^2+(HSP!$D$2-$D13)^2)) -> 6.5072268 | G13: =SQRT((4*(HSP!$B$3-$B13)^2+(HSP!$C$3-$C13)^2+(HSP!$D$3-$D13)^2)) -> 5.6420209 | H13: =SQRT((4*(HSP!$B$4-$B13)^2+(HSP!$C$4-$C13)^2+(HSP!$D$4-$D13)^2)) -> 9.5103102 | I13: =SQRT((4*(HSP!$B$5-$B13)^2+(HSP!$C$5-$C13)^2+(HSP!$D$5-$D13)^2)) -> 4.9002959 | J13: =SQRT((4*(HSP!$B$6-$B13)^2+(HSP!$C$6-$C13)^2+(HSP!$D$6-$D13)^2)) -> 9.2036406 | K13: - | L13: - | M13: - | N13: - | O13: - | P13: =$F13/HSP!$E$2 -> 0.39921637 | Q13: =$G13/HSP!$E$3 -> 0.41792748 | R13: =$H13/HSP!$E$4 -> 0.59813272 | S13: =$I13/HSP!$E$5 -> 0.35768583 | T13: =$J13/HSP!$E$6 -> 0.62186761
A14: TiO2 (Pirika) | B14: 23.6 | C14: 14.6 | D14: 19 | E14: - | F14: =SQRT((4*(HSP!$B$2-$B14)^2+(HSP!$C$2-$C14)^2+(HSP!$D$2-$D14)^2)) -> 22.036787 | G14: =SQRT((4*(HSP!$B$3-$B14)^2+(HSP!$C$3-$C14)^2+(HSP!$D$3-$D14)^2)) -> 21.175184 | H14: =SQRT((4*(HSP!$B$4-$B14)^2+(HSP!$C$4-$C14)^2+(HSP!$D$4-$D14)^2)) -> 23.054414 | I14: =SQRT((4*(HSP!$B$5-$B14)^2+(HSP!$C$5-$C14)^2+(HSP!$D$5-$D14)^2)) -> 18.606851 | J14: =SQRT((4*(HSP!$B$6-$B14)^2+(HSP!$C$6-$C14)^2+(HSP!$D$6-$D14)^2)) -> 23.954686 | K14: - | L14: - | M14: - | N14: - | O14: - | P14: =$F14/HSP!$E$2 -> 1.3519501 | Q14: =$G14/HSP!$E$3 -> 1.5685321 | R14: =$H14/HSP!$E$4 -> 1.4499631 | S14: =$I14/HSP!$E$5 -> 1.3581643 | T14: =$J14/HSP!$E$6 -> 1.6185599
... A16: ZrO2 | B16: 19.1 | C16: 11.4 | D16: 8.7 | E16: - | F16: =SQRT((4*(HSP!$B$2-$B16)^2+(HSP!$C$2-$C16)^2+(HSP!$D$2-$D16)^2)) -> 9.2109717 | G16: =SQRT((4*(HSP!$B$3-$B16)^2+(HSP!$C$3-$C16)^2+(HSP!$D$3-$D16)^2)) -> 7.6048932 | H16: =SQRT((4*(HSP!$B$4-$B16)^2+(HSP!$C$4-$C16)^2+(HSP!$D$4-$D16)^2)) -> 10.514181 | I16: =SQRT((4*(HSP!$B$5-$B16)^2+(HSP!$C$5-$C16)^2+(HSP!$D$5-$D16)^2)) -> 8.086464 | J16: =SQRT((4*(HSP!$B$6-$B16)^2+(HSP!$C$6-$C16)^2+(HSP!$D$6-$D16)^2)) -> 10.339197 | K16: - | L16: - | M16: - | N16: - | O16: - | P16: =$F16/HSP!$E$2 -> 0.56509029 | Q16: =$G16/HSP!$E$3 -> 0.56332542 | R16: =$H16/HSP!$E$4 -> 0.66126924 | S16: =$I16/HSP!$E$5 -> 0.59025285 | T16: =$J16/HSP!$E$6 -> 0.69859441
A18: *VLCI

Sheet Polymers
A1: POLYMER | B1: HSP | E1: Ro | F1: DISTANCE TO | K1: RED TO (BASED ON Ro OF THE POLYMER) | P1: RED TO (BASED ON Ro OF NXTLEVVEL SOLVENT) | U1: BASIC DESCRIPTION
B2: D | C2: P | D2: H | F2: ETHYL LEVULINATE | G2: BUTYL LEVULINATE | H2: EtLPK | I2: EtLGK | J2: EHL | K2: ETHYL LEVULINATE | L2: BUTYL LEVULINATE | M2: EtLPK | N2: EtLGK | O2: EHL | P2: ETHYL LEVULINATE | Q2: BUTYL LEVULINATE | R2: EtLPK | S2: EtLGK | T2: EHL
A3: (Lucite) 2042 PEMA | B3: 17.6 | C3: 9.66 | D3: 3.97 | E3: 10.64 | F3: =SQRT((4*(HSP!$B$2-$B3)^2+(HSP!$C$2-$C3)^2+(HSP!$D$2-$D3)^2)) -> 6.7601849 | G3: =SQRT((4*(HSP!$B$3-$B3)^2+(HSP!$C$3-$C3)^2+(HSP!$D$3-$D3)^2)) -> 4.2443963 | H3: =SQRT((4*(HSP!$B$4-$B3)^2+(HSP!$C$4-$C3)^2+(HSP!$D$4-$D3)^2)) -> 7.5119172 | I3: =SQRT((4*(HSP!$B$5-$B3)^2+(HSP!$C$5-$C3)^2+(HSP!$D$5-$D3)^2)) -> 8.9174436 | J3: =SQRT((4*(HSP!$B$6-$B3)^2+(HSP!$C$6-$C3)^2+(HSP!$D$6-$D3)^2)) -> 5.6712344 | K3: =$F3/$E3 -> 0.63535572 | L3: =$G3/$E3 -> 0.39890943 | M3: =$H3/$E3 -> 0.70600726 | N3: =$I3/$E3 -> 0.8381056 | O3: =$J3/$E3 -> 0.53301076 | P3: =$F3/HSP!$E$2 -> 0.41473527 | Q3: =$G3/HSP!$E$3 -> 0.31439973 | R3: =$H3/HSP!$E$4 -> 0.47244762 | S3: =$I3/HSP!$E$5 -> 0.65090829 | T3: =$J3/HSP!$E$6 -> 0.38319152 | U3: Polyacrylate
A4: 1% in Water +Amines | B4: 14.96 | C4: 18.33 | D4: 15.15 | E4: 16.22 | F4: =SQRT((4*(HSP!$B$2-$B4)^2+(HSP!$C$2-$C4)^2+(HSP!$D$2-$D4)^2)) -> 11.366803 | G4: =SQRT((4*(HSP!$B$3-$B4)^2+(HSP!$C$3-$C4)^2+(HSP!$D$3-$D4)^2)) -> 12.819883 | H4: =SQRT((4*(HSP!$B$4-$B4)^2+(HSP!$C$4-$C4)^2+(HSP!$D$4-$D4)^2)) -> 16.006917 | I4: =SQRT((4*(HSP!$B$5-$B4)^2+(HSP!$C$5-$C4)^2+(HSP!$D$5-$D4)^2)) -> 7.0473328 | J4: =SQRT((4*(HSP!$B$6-$B4)^2+(HSP!$C$6-$C4)^2+(HSP!$D$6-$D4)^2)) -> 16.422071 | K4: =$F4/$E4 -> 0.70078931 | L4: =$G4/$E4 -> 0.79037503 | M4: =$H4/$E4 -> 0.98686296 | N4: =$I4/$E4 -> 0.43448414 | O4: =$J4/$E4 -> 1.0124581 | P4: =$F4/HSP!$E$2 -> 0.69734985 | Q4: =$G4/HSP!$E$3 -> 0.94962096 | R4: =$H4/HSP!$E$4 -> 1.0067244 | S4: =$I4/HSP!$E$5 -> 0.51440386 | T4: =$J4/HSP!$E$6 -> 1.1095994 | U4: Biologically interesting systems
A5: 1% in Water -Amines | B5: 15.07 | C5: 20.44 | D5: 16.5 | E5: 18.12 | F5: =SQRT((4*(HSP!$B$2-$B5)^2+(HSP!$C$2-$C5)^2+(HSP!$D$2-$D5)^2)) -> 13.824413 | G5: =SQRT((4*(HSP!$B$3-$B5)^2+(HSP!$C$3-$C5)^2+(HSP!$D$3-$D5)^2)) -> 15.225255 | H5: =SQRT((4*(HSP!$B$4-$B5)^2+(HSP!$C$4-$C5)^2+(HSP!$D$4-$D5)^2)) -> 18.506961 | I5: =SQRT((4*(HSP!$B$5-$B5)^2+(HSP!$C$5-$C5)^2+(HSP!$D$5-$D5)^2)) -> 9.5280271 | J5: =SQRT((4*(HSP!$B$6-$B5)^2+(HSP!$C$6-$C5)^2+(HSP!$D$6-$D5)^2)) -> 18.880217 | K5: =$F5/$E5 -> 0.76293671 | L5: =$G5/$E5 -> 0.84024588 | M5: =$H5/$E5 -> 1.0213555 | N5: =$I5/$E5 -> 0.52582931 | O5: =$J5/$E5 -> 1.0419546 | P5: =$F5/HSP!$E$2 -> 0.84812351 | Q5: =$G5/HSP!$E$3 -> 1.1277967 | R5: =$H5/HSP!$E$4 -> 1.1639598 | S5: =$I5/HSP!$E$5 -> 0.69547643 | T5: =$J5/HSP!$E$6 -> 1.2756903 | U5: Biologically interesting systems
A6: 2-Comp Epoxy Chemical Res. | B6: 18.4 | C6: 9.4 | D6: 10.1 | E6: 7 | F6: =SQRT((4*(HSP!$B$2-$B6)^2+(HSP!$C$2-$C6)^2+(HSP!$D$2-$D6)^2)) -> 8.2835983 | G6: =SQRT((4*(HSP!$B$3-$B6)^2+(HSP!$C$3-$C6)^2+(HSP!$D$3-$D6)^2)) -> 6.9110347 | H6: =SQRT((4*(HSP!$B$4-$B6)^2+(HSP!$C$4-$C6)^2+(HSP!$D$4-$D6)^2)) -> 8.6544786 | I6: =SQRT((4*(HSP!$B$5-$B6)^2+(HSP!$C$5-$C6)^2+(HSP!$D$5-$D6)^2)) -> 7.1343465 | J6: =SQRT((4*(HSP!$B$6-$B6)^2+(HSP!$C$6-$C6)^2+(HSP!$D$6-$D6)^2)) -> 9.3311843 | K6: =$F6/$E6 -> 1.1833712 | L6: =$G6/$E6 -> 0.98729066 | M6: =$H6/$E6 -> 1.2363541 | N6: =$I6/$E6 -> 1.0191924 | O6: =$J6/$E6 -> 1.3330263 | P6: =$F6/HSP!$E$2 -> 0.50819621 | Q6: =$G6/HSP!$E$3 -> 0.51192849 | R6: =$H6/HSP!$E$4 -> 0.54430683 | S6: =$I6/HSP!$E$5 -> 0.52075522 | T6: =$J6/HSP!$E$6 -> 0.63048542 | U6: -
A7: 4H 35 Deg C | B7: 19.4 | C7: 13.4 | D7: 18 | E7: 8.6 | F7: =SQRT((4*(HSP!$B$2-$B7)^2+(HSP!$C$2-$C7)^2+(HSP!$D$2-$D7)^2)) -> 14.90785 | G7: =SQRT((4*(HSP!$B$3-$B7)^2+(HSP!$C$3-$C7)^2+(HSP!$D$3-$D7)^2)) -> 14.744368 | H7: =SQRT((4*(HSP!$B$4-$B7)^2+(HSP!$C$4-$C7)^2+(HSP!$D$4-$D7)^2)) -> 16.524225 | I7: =SQRT((4*(HSP!$B$5-$B7)^2+(HSP!$C$5-$C7)^2+(HSP!$D$5-$D7)^2)) -> 10.893801 | J7: =SQRT((4*(HSP!$B$6-$B7)^2+(HSP!$C$6-$C7)^2+(HSP!$D$6-$D7)^2)) -> 17.805364 | K7: =$F7/$E7 -> 1.733471 | L7: =$G7/$E7 -> 1.7144614 | M7: =$H7/$E7 -> 1.9214215 | N7: =$I7/$E7 -> 1.266721 | O7: =$J7/$E7 -> 2.0703912 | P7: =$F7/HSP!$E$2 -> 0.91459204 | Q7: =$G7/HSP!$E$3 -> 1.0921754 | R7: =$H7/HSP!$E$4 -> 1.0392594 | S7: =$I7/HSP!$E$5 -> 0.79516796 | T7: =$J7/HSP!$E$6 -> 1.2030652 | U7: Correlations for Some Barrier-Type Polymers
A8: 4H- 58 35 Deg C | B8: 20.5 | C8: 11.3 | D8: 10.3 | E8: 6.7 | F8: =SQRT((4*(HSP!$B$2-$B8)^2+(HSP!$C$2-$C8)^2+(HSP!$D$2-$D8)^2)) -> 12.286904 | G8: =SQRT((4*(HSP!$B$3-$B8)^2+(HSP!$C$3-$C8)^2+(HSP!$D$3-$D8)^2)) -> 10.737989 | H8: =SQRT((4*(HSP!$B$4-$B8)^2+(HSP!$C$4-$C8)^2+(HSP!$D$4-$D8)^2)) -> 13.027279 | I8: =SQRT((4*(HSP!$B$5-$B8)^2+(HSP!$C$5-$C8)^2+(HSP!$D$5-$D8)^2)) -> 10.574729 | J8: =SQRT((4*(HSP!$B$6-$B8)^2+(HSP!$C$6-$C8)^2+(HSP!$D$6-$D8)^2)) -> 13.218585 | K8: =$F8/$E8 -> 1.8338662 | L8: =$G8/$E8 -> 1.6026849 | M8: =$H8/$E8 -> 1.94437 | N8: =$I8/$E8 -> 1.5783178 | O8: =$J8/$E8 -> 1.9729232 | P8: =$F8/HSP!$E$2 -> 0.75379777 | Q8: =$G8/HSP!$E$3 -> 0.79540657 | R8: =$H8/HSP!$E$4 -> 0.81932573 | S8: =$I8/HSP!$E$5 -> 0.77187805 | T8: =$J8/HSP!$E$6 -> 0.89314766 | U8: Correlations for Some Barrier-Type Polymers
A9: ABS CR | B9: 16.3 | C9: 2.7 | D9: 7.1 | E9: 7.8 | F9: =SQRT((4*(HSP!$B$2-$B9)^2+(HSP!$C$2-$C9)^2+(HSP!$D$2-$D9)^2)) -> 8.473016 | G9: =SQRT((4*(HSP!$B$3-$B9)^2+(HSP!$C$3-$C9)^2+(HSP!$D$3-$D9)^2)) -> 7.1811141 | H9: =SQRT((4*(HSP!$B$4-$B9)^2+(HSP!$C$4-$C9)^2+(HSP!$D$4-$D9)^2)) -> 3.0196026 | I9: =SQRT((4*(HSP!$B$5-$B9)^2+(HSP!$C$5-$C9)^2+(HSP!$D$5-$D9)^2)) -> 10.923044 | J9: =SQRT((4*(HSP!$B$6-$B9)^2+(HSP!$C$6-$C9)^2+(HSP!$D$6-$D9)^2)) -> 5.3590111 | K9: =$F9/$E9 -> 1.0862841 | L9: =$G9/$E9 -> 0.92065566 | M9: =$H9/$E9 -> 0.38712854 | N9: =$I9/$E9 -> 1.4003903 | O9: =$J9/$E9 -> 0.68705271 | P9: =$F9/HSP!$E$2 -> 0.51981693 | Q9: =$G9/HSP!$E$3 -> 0.53193438 | R9: =$H9/HSP!$E$4 -> 0.18991211 | S9: =$I9/HSP!$E$5 -> 0.79730251 | T9: =$J9/HSP!$E$6 -> 0.36209534 | U9: Chemical Resistance of High Performance and Other Polymers
A10: Acetal Celanese | B10: 21.1 | C10: 9.3 | D10: 5.9 | E10: 11.4 | F10: =SQRT((4*(HSP!$B$2-$B10)^2+(HSP!$C$2-$C10)^2+(HSP!$D$2-$D10)^2)) -> 13.096259 | G10: =SQRT((4*(HSP!$B$3-$B10)^2+(HSP!$C$3-$C10)^2+(HSP!$D$3-$D10)^2)) -> 10.826283 | H10: =SQRT((4*(HSP!$B$4-$B10)^2+(HSP!$C$4-$C10)^2+(HSP!$D$4-$D10)^2)) -> 12.759859 | I10: =SQRT((4*(HSP!$B$5-$B10)^2+(HSP!$C$5-$C10)^2+(HSP!$D$5-$D10)^2)) -> 13.151156 | J10: =SQRT((4*(HSP!$B$6-$B10)^2+(HSP!$C$6-$C10)^2+(HSP!$D$6-$D10)^2)) -> 12.181749 | K10: =$F10/$E10 -> 1.1487946 | L10: =$G10/$E10 -> 0.94967393 | M10: =$H10/$E10 -> 1.1192859 | N10: =$I10/$E10 -> 1.1536102 | O10: =$J10/$E10 -> 1.0685744 | P10: =$F10/HSP!$E$2 -> 0.80345147 | Q10: =$G10/HSP!$E$3 -> 0.80194688 | R10: =$H10/HSP!$E$4 -> 0.80250685 | S10: =$I10/HSP!$E$5 -> 0.95993838 | T10: =$J10/HSP!$E$6 -> 0.82309112 | U10: Chemical Resistance Data - Modern Plastics Encylopedia
A11: Acetalhomo-Duo | B11: 19 | C11: 5 | D11: 8 | E11: 5 | F11: =SQRT((4*(HSP!$B$2-$B11)^2+(HSP!$C$2-$C11)^2+(HSP!$D$2-$D11)^2)) -> 10.406344 | G11: =SQRT((4*(HSP!$B$3-$B11)^2+(HSP!$C$3-$C11)^2+(HSP!$D$3-$D11)^2)) -> 8.3840563 | H11: =SQRT((4*(HSP!$B$4-$B11)^2+(HSP!$C$4-$C11)^2+(HSP!$D$4-$D11)^2)) -> 7.7600258 | I11: =SQRT((4*(HSP!$B$5-$B11)^2+(HSP!$C$5-$C11)^2+(HSP!$D$5-$D11)^2)) -> 11.128113 | J11: =SQRT((4*(HSP!$B$6-$B11)^2+(HSP!$C$6-$C11)^2+(HSP!$D$6-$D11)^2)) -> 8.6555762 | K11: =$F11/$E11 -> 2.0812688 | L11: =$G11/$E11 -> 1.6768113 | M11: =$H11/$E11 -> 1.5520052 | N11: =$I11/$E11 -> 2.2256226 | O11: =$J11/$E11 -> 1.7311152 | P11: =$F11/HSP!$E$2 -> 0.63842603 | Q11: =$G11/HSP!$E$3 -> 0.62104121 | R11: =$H11/HSP!$E$4 -> 0.48805194 | S11: =$I11/HSP!$E$5 -> 0.81227103 | T11: =$J11/HSP!$E$6 -> 0.58483623 | U11: Chemical Resistance Data - Modern Plastics Encylopedia
A12: Acid Diethylene glycol maleate - phthalate | B12: 15.3 | C12: 13.3 | D12: 14.9 | E12: 15.6 | F12: =SQRT((4*(HSP!$B$2-$B12)^2+(HSP!$C$2-$C12)^2+(HSP!$D$2-$D12)^2)) -> 8.5294783 | G12: =SQRT((4*(HSP!$B$3-$B12)^2+(HSP!$C$3-$C12)^2+(HSP!$D$3-$D12)^2)) -> 9.8134805 | H12: =SQRT((4*(HSP!$B$4-$B12)^2+(HSP!$C$4-$C12)^2+(HSP!$D$4-$D12)^2)) -> 11.831399 | I12: =SQRT((4*(HSP!$B$5-$B12)^2+(HSP!$C$5-$C12)^2+(HSP!$D$5-$D12)^2)) -> 4.0125927 | J12: =SQRT((4*(HSP!$B$6-$B12)^2+(HSP!$C$6-$C12)^2+(HSP!$D$6-$D12)^2)) -> 13.011649 | K12: =$F12/$E12 -> 0.54676143 | L12: =$G12/$E12 -> 0.62906926 | M12: =$H12/$E12 -> 0.75842301 | N12: =$I12/$E12 -> 0.25721748 | O12: =$J12/$E12 -> 0.83408004 | P12: =$F12/HSP!$E$2 -> 0.52328088 | Q12: =$G12/HSP!$E$3 -> 0.72692448 | R12: =$H12/HSP!$E$4 -> 0.74411314 | S12: =$I12/HSP!$E$5 -> 0.29288998 | T12: =$J12/HSP!$E$6 -> 0.87916545 | U12: Polyester - Solvent Range
A13: ACLAR 2%<swelling<5% | B13: 18 | C13: 1 | D13: 2 | E13: 4 | F13: =SQRT((4*(HSP!$B$2-$B13)^2+(HSP!$C$2-$C13)^2+(HSP!$D$2-$D13)^2)) -> 12.670122 | G13: =SQRT((4*(HSP!$B$3-$B13)^2+(HSP!$C$3-$C13)^2+(HSP!$D$3-$D13)^2)) -> 10.532445 | H13: =SQRT((4*(HSP!$B$4-$B13)^2+(HSP!$C$4-$C13)^2+(HSP!$D$4-$D13)^2)) -> 8.2835983 | I13: =SQRT((4*(HSP!$B$5-$B13)^2+(HSP!$C$5-$C13)^2+(HSP!$D$5-$D13)^2)) -> 15.713526 | J13: =SQRT((4*(HSP!$B$6-$B13)^2+(HSP!$C$6-$C13)^2+(HSP!$D$6-$D13)^2)) -> 7.9195328 | K13: =$F13/$E13 -> 3.1675306 | L13: =$G13/$E13 -> 2.6331113 | M13: =$H13/$E13 -> 2.0708996 | N13: =$I13/$E13 -> 3.9283815 | O13: =$J13/$E13 -> 1.9798832 | P13: =$F13/HSP!$E$2 -> 0.77730812 | Q13: =$G13/HSP!$E$3 -> 0.78018112 | R13: =$H13/HSP!$E$4 -> 0.52098102 | S13: =$I13/HSP!$E$5 -> 1.1469727 | T13: =$J13/HSP!$E$6 -> 0.53510357 | U13: Miscellaneous
A14: ACLAR swelling >5% | B14: 14.7 | C14: 3.9 | D14: 6.7 | E14: 6.8 | F14: =SQRT((4*(HSP!$B$2-$B14)^2+(HSP!$C$2-$C14)^2+(HSP!$D$2-$D14)^2)) -> 6.5690182 | G14: =SQRT((4*(HSP!$B$3-$B14)^2+(HSP!$C$3-$C14)^2+(HSP!$D$3-$D14)^2)) -> 6.1540556 | H14: =SQRT((4*(HSP!$B$4-$B14)^2+(HSP!$C$4-$C14)^2+(HSP!$D$4-$D14)^2)) -> 1.2255611 | I14: =SQRT((4*(HSP!$B$5-$B14)^2+(HSP!$C$5-$C14)^2+(HSP!$D$5-$D14)^2)) -> 9.8480912 | J14: =SQRT((4*(HSP!$B$6-$B14)^2+(HSP!$C$6-$C14)^2+(HSP!$D$6-$D14)^2)) -> 3.9778135 | K14: =$F14/$E14 -> 0.96603209 | L14: =$G14/$E14 -> 0.90500817 | M14: =$H14/$E14 -> 0.18022957 | N14: =$I14/$E14 -> 1.4482487 | O14: =$J14/$E14 -> 0.58497257 | P14: =$F14/HSP!$E$2 -> 0.40300725 | Q14: =$G14/HSP!$E$3 -> 0.45585597 | R14: =$H14/HSP!$E$4 -> 0.077079314 | S14: =$I14/HSP!$E$5 -> 0.71883877 | T14: =$J14/HSP!$E$6 -> 0.26877118 | U14: Miscellaneous
... A290: PKHH | B290: 23.4 | C290: 7.2 | D290: 14.8 | E290: 14.9 | F290: =SQRT((4*(HSP!$B$2-$B290)^2+(HSP!$C$2-$C290)^2+(HSP!$D$2-$D290)^2)) -> 19.533049 | G290: =SQRT((4*(HSP!$B$3-$B290)^2+(HSP!$C$3-$C290)^2+(HSP!$D$3-$D290)^2)) -> 18.013006 | H290: =SQRT((4*(HSP!$B$4-$B290)^2+(HSP!$C$4-$C290)^2+(HSP!$D$4-$D290)^2)) -> 18.473819 | I290: =SQRT((4*(HSP!$B$5-$B290)^2+(HSP!$C$5-$C290)^2+(HSP!$D$5-$D290)^2)) -> 17.602128 | J290: =SQRT((4*(HSP!$B$6-$B290)^2+(HSP!$C$6-$C290)^2+(HSP!$D$6-$D290)^2)) -> 19.618435 | K290: =$F290/$E290 -> 1.3109429 | L290: =$G290/$E290 -> 1.2089266 | M290: =$H290/$E290 -> 1.2398536 | N290: =$I290/$E290 -> 1.1813509 | O290: =$J290/$E290 -> 1.3166735 | P290: =$F290/HSP!$E$2 -> 1.1983466 | Q290: =$G290/HSP!$E$3 -> 1.3342968 | R290: =$H290/HSP!$E$4 -> 1.1618754 | S290: =$I290/HSP!$E$5 -> 1.2848268 | T290: =$J290/HSP!$E$6 -> 1.3255699 | U290: Polymers at Different Test Concentrations - (Conc) Acrylics
A291: PLA | B291: 18.72 | C291: 7.73 | D291: 7 | F291: =SQRT((4*(HSP!$B$2-$B291)^2+(HSP!$C$2-$C291)^2+(HSP!$D$2-$D291)^2)) -> 8.6804896 | G291: =SQRT((4*(HSP!$B$3-$B291)^2+(HSP!$C$3-$C291)^2+(HSP!$D$3-$D291)^2)) -> 6.4684542 | H291: =SQRT((4*(HSP!$B$4-$B291)^2+(HSP!$C$4-$C291)^2+(HSP!$D$4-$D291)^2)) -> 7.7299741 | I291: =SQRT((4*(HSP!$B$5-$B291)^2+(HSP!$C$5-$C291)^2+(HSP!$D$5-$D291)^2)) -> 9.3784327 | J291: =SQRT((4*(HSP!$B$6-$B291)^2+(HSP!$C$6-$C291)^2+(HSP!$D$6-$D291)^2)) -> 7.6956156 | K291: =$F291/$E291 -> #DIV/0! | L291: =$G291/$E291 -> #DIV/0! | M291: =$H291/$E291 -> #DIV/0! | N291: =$I291/$E291 -> #DIV/0! | O291: =$J291/$E291 -> #DIV/0! | P291: =$F291/HSP!$E$2 -> 0.53254538 | Q291: =$G291/HSP!$E$3 -> 0.47914476 | R291: =$H291/HSP!$E$4 -> 0.48616189 | S291: =$I291/HSP!$E$5 -> 0.68455713 | T291: =$J291/HSP!$E$6 -> 0.51997403 | U291: Polymers at Different Test Concentrations - (Conc) Acrylics
A292: PLA (HSIP) | B292: 18.5 | C292: 8 | D292: 7 | F292: =SQRT((4*(HSP!$B$2-$B292)^2+(HSP!$C$2-$C292)^2+(HSP!$D$2-$D292)^2)) -> 8.178753 | G292: =SQRT((4*(HSP!$B$3-$B292)^2+(HSP!$C$3-$C292)^2+(HSP!$D$3-$D292)^2)) -> 5.9776584 | H292: =SQRT((4*(HSP!$B$4-$B292)^2+(HSP!$C$4-$C292)^2+(HSP!$D$4-$D292)^2)) -> 7.4443267 | I292: =SQRT((4*(HSP!$B$5-$B292)^2+(HSP!$C$5-$C292)^2+(HSP!$D$5-$D292)^2)) -> 8.9137478 | J292: =SQRT((4*(HSP!$B$6-$B292)^2+(HSP!$C$6-$C292)^2+(HSP!$D$6-$D292)^2)) -> 7.3565617 | K292: =$F292/$E292 -> #DIV/0! | L292: =$G292/$E292 -> #DIV/0! | M292: =$H292/$E292 -> #DIV/0! | N292: =$I292/$E292 -> #DIV/0! | O292: =$J292/$E292 -> #DIV/0! | P292: =$F292/HSP!$E$2 -> 0.50176399 | Q292: =$G292/HSP!$E$3 -> 0.44278951 | R292: =$H292/HSP!$E$4 -> 0.46819665 | S292: =$I292/HSP!$E$5 -> 0.65063853 | T292: =$J292/HSP!$E$6 -> 0.49706498 | U292: Polymer
A293: PLA Plasticization of Polylactide with Myrcene and polymer | B293: 17.7 | C293: 8.7 | D293: 10 | F293: =SQRT((4*(HSP!$B$2-$B293)^2+(HSP!$C$2-$C293)^2+(HSP!$D$2-$D293)^2)) -> 7.1174434 | G293: =SQRT((4*(HSP!$B$3-$B293)^2+(HSP!$C$3-$C293)^2+(HSP!$D$3-$D293)^2)) -> 5.8782991 | H293: =SQRT((4*(HSP!$B$4-$B293)^2+(HSP!$C$4-$C293)^2+(HSP!$D$4-$D293)^2)) -> 7.2113799 | I293: =SQRT((4*(HSP!$B$5-$B293)^2+(HSP!$C$5-$C293)^2+(HSP!$D$5-$D293)^2)) -> 6.3753353 | J293: =SQRT((4*(HSP!$B$6-$B293)^2+(HSP!$C$6-$C293)^2+(HSP!$D$6-$D293)^2)) -> 8.160576 | K293: =$F293/$E293 -> #DIV/0! | L293: =$G293/$E293 -> #DIV/0! | M293: =$H293/$E293 -> #DIV/0! | N293: =$I293/$E293 -> #DIV/0! | O293: =$J293/$E293 -> #DIV/0! | P293: =$F293/HSP!$E$2 -> 0.43665297 | Q293: =$G293/HSP!$E$3 -> 0.43542956 | R293: =$H293/HSP!$E$4 -> 0.45354591 | S293: =$I293/HSP!$E$5 -> 0.46535294 | T293: =$J293/HSP!$E$6 -> 0.55139027 | U293: Polyester - Solvent Range
A294: Plastokyd AC4X (30%) | B294: 23.9 | C294: 7.8 | D294: 8.8 | E294: 19.9 | F294: =SQRT((4*(HSP!$B$2-$B294)^2+(HSP!$C$2-$C294)^2+(HSP!$D$2-$D294)^2)) -> 18.877182 | G294: =SQRT((4*(HSP!$B$3-$B294)^2+(HSP!$C$3-$C294)^2+(HSP!$D$3-$D294)^2)) -> 16.791557 | H294: =SQRT((4*(HSP!$B$4-$B294)^2+(HSP!$C$4-$C294)^2+(HSP!$D$4-$D294)^2)) -> 17.848978 | I294: =SQRT((4*(HSP!$B$5-$B294)^2+(HSP!$C$5-$C294)^2+(HSP!$D$5-$D294)^2)) -> 18.073486 | J294: =SQRT((4*(HSP!$B$6-$B294)^2+(HSP!$C$6-$C294)^2+(HSP!$D$6-$D294)^2)) -> 18.00797 | K294: =$F294/$E294 -> 0.94860211 | L294: =$G294/$E294 -> 0.84379685 | M294: =$H294/$E294 -> 0.89693355 | N294: =$I294/$E294 -> 0.90821538 | O294: =$J294/$E294 -> 0.90492314 | P294: =$F294/HSP!$E$2 -> 1.1581093 | Q294: =$G294/HSP!$E$3 -> 1.2438191 | R294: =$H294/HSP!$E$4 -> 1.1225772 | S294: =$I294/HSP!$E$5 -> 1.3192326 | T294: =$J294/HSP!$E$6 -> 1.2167548 | U294: Rosin Derivatives
A295: Plastokyd S27 (30%) | B295: 20.1 | C295: 5.7 | D295: 5.3 | E295: 20 | F295: =SQRT((4*(HSP!$B$2-$B295)^2+(HSP!$C$2-$C295)^2+(HSP!$D$2-$D295)^2)) -> 12.102892 | G295: =SQRT((4*(HSP!$B$3-$B295)^2+(HSP!$C$3-$C295)^2+(HSP!$D$3-$D295)^2)) -> 9.6821692 | H295: =SQRT((4*(HSP!$B$4-$B295)^2+(HSP!$C$4-$C295)^2+(HSP!$D$4-$D295)^2)) -> 10.025468 | I295: =SQRT((4*(HSP!$B$5-$B295)^2+(HSP!$C$5-$C295)^2+(HSP!$D$5-$D295)^2)) -> 13.202004 | J295: =SQRT((4*(HSP!$B$6-$B295)^2+(HSP!$C$6-$C295)^2+(HSP!$D$6-$D295)^2)) -> 9.7954581 | K295: =$F295/$E295 -> 0.60514461 | L295: =$G295/$E295 -> 0.48410846 | M295: =$H295/$E295 -> 0.50127338 | N295: =$I295/$E295 -> 0.66010018 | O295: =$J295/$E295 -> 0.48977291 | P295: =$F295/HSP!$E$2 -> 0.74250872 | Q295: =$G295/HSP!$E$3 -> 0.71719772 | R295: =$H295/HSP!$E$4 -> 0.63053255 | S295: =$I295/HSP!$E$5 -> 0.9636499 | T295: =$J295/HSP!$E$6 -> 0.66185528 | U295: Rosin Derivatives
A296: Plastokyd SC140 (30%) | B296: 25.2 | C296: 9.2 | D296: 3.7 | E296: 20 | F296: =SQRT((4*(HSP!$B$2-$B296)^2+(HSP!$C$2-$C296)^2+(HSP!$D$2-$D296)^2)) -> 21.489207 | G296: =SQRT((4*(HSP!$B$3-$B296)^2+(HSP!$C$3-$C296)^2+(HSP!$D$3-$D296)^2)) -> 19.143312 | H296: =SQRT((4*(HSP!$B$4-$B296)^2+(HSP!$C$4-$C296)^2+(HSP!$D$4-$D296)^2)) -> 20.795288 | I296: =SQRT((4*(HSP!$B$5-$B296)^2+(HSP!$C$5-$C296)^2+(HSP!$D$5-$D296)^2)) -> 21.42622 | J296: =SQRT((4*(HSP!$B$6-$B296)^2+(HSP!$C$6-$C296)^2+(HSP!$D$6-$D296)^2)) -> 20.052805 | K296: =$F296/$E296 -> 1.0744603 | L296: =$G296/$E296 -> 0.95716561 | M296: =$H296/$E296 -> 1.0397644 | N296: =$I296/$E296 -> 1.071311 | O296: =$J296/$E296 -> 1.0026403 | P296: =$F296/HSP!$E$2 -> 1.3183562 | Q296: =$G296/HSP!$E$3 -> 1.4180231 | R296: =$H296/HSP!$E$4 -> 1.3078797 | S296: =$I296/HSP!$E$5 -> 1.5639577 | T296: =$J296/HSP!$E$6 -> 1.3549193 | U296: Miscellaneous - Solvent Range
A297: Plastokyd SC400 (30%) | B297: 23.7 | C297: 0.5 | D297: 10.3 | E297: 20 | F297: =SQRT((4*(HSP!$B$2-$B297)^2+(HSP!$C$2-$C297)^2+(HSP!$D$2-$D297)^2)) -> 21.011045 | G297: =SQRT((4*(HSP!$B$3-$B297)^2+(HSP!$C$3-$C297)^2+(HSP!$D$3-$D297)^2)) -> 18.989903 | H297: =SQRT((4*(HSP!$B$4-$B297)^2+(HSP!$C$4-$C297)^2+(HSP!$D$4-$D297)^2)) -> 17.909941 | I297: =SQRT((4*(HSP!$B$5-$B297)^2+(HSP!$C$5-$C297)^2+(HSP!$D$5-$D297)^2)) -> 20.832304 | J297: =SQRT((4*(HSP!$B$6-$B297)^2+(HSP!$C$6-$C297)^2+(HSP!$D$6-$D297)^2)) -> 19.000711 | K297: =$F297/$E297 -> 1.0505522 | L297: =$G297/$E297 -> 0.94949513 | M297: =$H297/$E297 -> 0.89549707 | N297: =$I297/$E297 -> 1.0416152 | O297: =$J297/$E297 -> 0.95003553 | P297: =$F297/HSP!$E$2 -> 1.2890211 | Q297: =$G297/HSP!$E$3 -> 1.4066595 | R297: =$H297/HSP!$E$4 -> 1.1264114 | S297: =$I297/HSP!$E$5 -> 1.5206061 | T297: =$J297/HSP!$E$6 -> 1.2838318 | U297: Chlorinated rubber
A298: Plastopal H | B298: 20.81 | C298: 8.29 | D298: 14.96 | E298: 12.69 | F298: =SQRT((4*(HSP!$B$2-$B298)^2+(HSP!$C$2-$C298)^2+(HSP!$D$2-$D298)^2)) -> 14.921317 | G298: =SQRT((4*(HSP!$B$3-$B298)^2+(HSP!$C$3-$C298)^2+(HSP!$D$3-$D298)^2)) -> 13.793988 | H298: =SQRT((4*(HSP!$B$4-$B298)^2+(HSP!$C$4-$C298)^2+(HSP!$D$4-$D298)^2)) -> 14.382493 | I298: =SQRT((4*(HSP!$B$5-$B298)^2+(HSP!$C$5-$C298)^2+(HSP!$D$5-$D298)^2)) -> 12.594928 | J298: =SQRT((4*(HSP!$B$6-$B298)^2+(HSP!$C$6-$C298)^2+(HSP!$D$6-$D298)^2)) -> 15.800573 | K298: =$F298/$E298 -> 1.1758327 | L298: =$G298/$E298 -> 1.0869967 | M298: =$H298/$E298 -> 1.1333722 | N298: =$I298/$E298 -> 0.99250808 | O298: =$J298/$E298 -> 1.24512 | P298: =$F298/HSP!$E$2 -> 0.91541822 | Q298: =$G298/HSP!$E$3 -> 1.0217769 | R298: =$H298/HSP!$E$4 -> 0.9045593 | S298: =$I298/HSP!$E$5 -> 0.91933778 | T298: =$J298/HSP!$E$6 -> 1.0676063 | U298: Chemical Resistance of High Performance and Other Polymers
A299: Plexal C-34 | B299: 18.5 | C299: 9.21 | D299: 4.91 | E299: 10.64 | F299: =SQRT((4*(HSP!$B$2-$B299)^2+(HSP!$C$2-$C299)^2+(HSP!$D$2-$D299)^2)) -> 8.1662354 | G299: =SQRT((4*(HSP!$B$3-$B299)^2+(HSP!$C$3-$C299)^2+(HSP!$D$3-$D299)^2)) -> 5.7109544 | H299: =SQRT((4*(HSP!$B$4-$B299)^2+(HSP!$C$4-$C299)^2+(HSP!$D$4-$D299)^2)) -> 8.2733669 | I299: =SQRT((4*(HSP!$B$5-$B299)^2+(HSP!$C$5-$C299)^2+(HSP!$D$5-$D299)^2)) -> 9.5022155 | J299: =SQRT((4*(HSP!$B$6-$B299)^2+(HSP!$C$6-$C299)^2+(HSP!$D$6-$D299)^2)) -> 7.1122148 | K299: =$F299/$E299 -> 0.76750332 | L299: =$G299/$E299 -> 0.53674383 | M299: =$H299/$E299 -> 0.77757208 | N299: =$I299/$E299 -> 0.89306537 | O299: =$J299/$E299 -> 0.66844124 | P299: =$F299/HSP!$E$2 -> 0.50099603 | Q299: =$G299/HSP!$E$3 -> 0.42303366 | R299: =$H299/HSP!$E$4 -> 0.52033754 | S299: =$I299/HSP!$E$5 -> 0.69359237 | T299: =$J299/HSP!$E$6 -> 0.48055506 | U299: Chemical Resistance of High Performance and Other Polymers
A300: Plexigum M527 | B300: 18.4 | C300: 9.4 | D300: 6.5 | E300: 10.7 | F300: =SQRT((4*(HSP!$B$2-$B300)^2+(HSP!$C$2-$C300)^2+(HSP!$D$2-$D300)^2)) -> 7.6885629 | G300: =SQRT((4*(HSP!$B$3-$B300)^2+(HSP!$C$3-$C300)^2+(HSP!$D$3-$D300)^2)) -> 5.4686744 | H300: =SQRT((4*(HSP!$B$4-$B300)^2+(HSP!$C$4-$C300)^2+(HSP!$D$4-$D300)^2)) -> 8.0062476 | I300: =SQRT((4*(HSP!$B$5-$B300)^2+(HSP!$C$5-$C300)^2+(HSP!$D$5-$D300)^2)) -> 8.3567278 | J300: =SQRT((4*(HSP!$B$6-$B300)^2+(HSP!$C$6-$C300)^2+(HSP!$D$6-$D300)^2)) -> 7.4182882 | K300: =$F300/$E300 -> 0.71855728 | L300: =$G300/$E300 -> 0.51109107 | M300: =$H300/$E300 -> 0.74824744 | N300: =$I300/$E300 -> 0.7810026 | O300: =$J300/$E300 -> 0.69329796 | P300: =$F300/HSP!$E$2 -> 0.47169098 | Q300: =$G300/HSP!$E$3 -> 0.40508699 | R300: =$H300/HSP!$E$4 -> 0.50353758 | S300: =$I300/HSP!$E$5 -> 0.60998013 | T300: =$J300/HSP!$E$6 -> 0.50123569 | U300: Various Sources
A301: Plexigum MB319 | B301: 18.6 | C301: 10.8 | D301: 4.1 | E301: 11.5 | F301: =SQRT((4*(HSP!$B$2-$B301)^2+(HSP!$C$2-$C301)^2+(HSP!$D$2-$D301)^2)) -> 8.5094066 | G301: =SQRT((4*(HSP!$B$3-$B301)^2+(HSP!$C$3-$C301)^2+(HSP!$D$3-$D301)^2)) -> 6.1749818 | H301: =SQRT((4*(HSP!$B$4-$B301)^2+(HSP!$C$4-$C301)^2+(HSP!$D$4-$D301)^2)) -> 9.5814404 | I301: =SQRT((4*(HSP!$B$5-$B301)^2+(HSP!$C$5-$C301)^2+(HSP!$D$5-$D301)^2)) -> 9.7309249 | J301: =SQRT((4*(HSP!$B$6-$B301)^2+(HSP!$C$6-$C301)^2+(HSP!$D$6-$D301)^2)) -> 7.9696299 | K301: =$F301/$E301 -> 0.7399484 | L301: =$G301/$E301 -> 0.53695494 | M301: =$H301/$E301 -> 0.83316873 | N301: =$I301/$E301 -> 0.84616739 | O301: =$J301/$E301 -> 0.69301129 | P301: =$F301/HSP!$E$2 -> 0.52204948 | Q301: =$G301/HSP!$E$3 -> 0.45740606 | R301: =$H301/HSP!$E$4 -> 0.60260631 | S301: =$I301/HSP!$E$5 -> 0.71028649 | T301: =$J301/HSP!$E$6 -> 0.5384885 | U301: Polymer
A302: Pliolite P-1230 | B302: 18.1 | C302: 4.7 | D302: 3.7 | E302: 3.9 | F302: =SQRT((4*(HSP!$B$2-$B302)^2+(HSP!$C$2-$C302)^2+(HSP!$D$2-$D302)^2)) -> 9.6403319 | G302: =SQRT((4*(HSP!$B$3-$B302)^2+(HSP!$C$3-$C302)^2+(HSP!$D$3-$D302)^2)) -> 7.2338372 | H302: =SQRT((4*(HSP!$B$4-$B302)^2+(HSP!$C$4-$C302)^2+(HSP!$D$4-$D302)^2)) -> 6.6294796 | I302: =SQRT((4*(HSP!$B$5-$B302)^2+(HSP!$C$5-$C302)^2+(HSP!$D$5-$D302)^2)) -> 12.191345 | J302: =SQRT((4*(HSP!$B$6-$B302)^2+(HSP!$C$6-$C302)^2+(HSP!$D$6-$D302)^2)) -> 5.9203885 | K302: =$F302/$E302 -> 2.47188 | L302: =$G302/$E302 -> 1.85483 | M302: =$H302/$E302 -> 1.6998666 | N302: =$I302/$E302 -> 3.125986 | O302: =$J302/$E302 -> 1.5180483 | P302: =$F302/HSP!$E$2 -> 0.59143141 | Q302: =$G302/HSP!$E$3 -> 0.53583979 | R302: =$H302/HSP!$E$4 -> 0.4169484 | S302: =$I302/HSP!$E$5 -> 0.88987922 | T302: =$J302/HSP!$E$6 -> 0.40002625 | U302: Chemical Resistance Data - Modern Plastics Encylopedia
A303: Pliolyte S-100 | B303: 16.47 | C303: 0.37 | D303: 2.84 | E303: 8.59 | F303: =SQRT((4*(HSP!$B$2-$B303)^2+(HSP!$C$2-$C303)^2+(HSP!$D$2-$D303)^2)) -> 11.529757 | G303: =SQRT((4*(HSP!$B$3-$B303)^2+(HSP!$C$3-$C303)^2+(HSP!$D$3-$D303)^2)) -> 9.8801872 | H303: =SQRT((4*(HSP!$B$4-$B303)^2+(HSP!$C$4-$C303)^2+(HSP!$D$4-$D303)^2)) -> 6.4045062 | I303: =SQRT((4*(HSP!$B$5-$B303)^2+(HSP!$C$5-$C303)^2+(HSP!$D$5-$D303)^2)) -> 14.957627 | J303: =SQRT((4*(HSP!$B$6-$B303)^2+(HSP!$C$6-$C303)^2+(HSP!$D$6-$D303)^2)) -> 6.5957335 | K303: =$F303/$E303 -> 1.3422302 | L303: =$G303/$E303 -> 1.1501964 | M303: =$H303/$E303 -> 0.74557698 | N303: =$I303/$E303 -> 1.7412837 | O303: =$J303/$E303 -> 0.76783859 | P303: =$F303/HSP!$E$2 -> 0.70734706 | Q303: =$G303/HSP!$E$3 -> 0.73186572 | R303: =$H303/HSP!$E$4 -> 0.40279913 | S303: =$I303/HSP!$E$5 -> 1.0917976 | T303: =$J303/HSP!$E$6 -> 0.44565767 | U303: Chemical Resistance of High Performance and Other Polymers
A304: PMMA | B304: 18.64 | C304: 10.52 | D304: 7.51 | E304: 8.59 | F304: =SQRT((4*(HSP!$B$2-$B304)^2+(HSP!$C$2-$C304)^2+(HSP!$D$2-$D304)^2)) -> 8.0975861 | G304: =SQRT((4*(HSP!$B$3-$B304)^2+(HSP!$C$3-$C304)^2+(HSP!$D$3-$D304)^2)) -> 6.1972333 | H304: =SQRT((4*(HSP!$B$4-$B304)^2+(HSP!$C$4-$C304)^2+(HSP!$D$4-$D304)^2)) -> 9.0979833 | I304: =SQRT((4*(HSP!$B$5-$B304)^2+(HSP!$C$5-$C304)^2+(HSP!$D$5-$D304)^2)) -> 7.8717215 | J304: =SQRT((4*(HSP!$B$6-$B304)^2+(HSP!$C$6-$C304)^2+(HSP!$D$6-$D304)^2)) -> 8.6920251 | K304: =$F304/$E304 -> 0.94267591 | L304: =$G304/$E304 -> 0.72144741 | M304: =$H304/$E304 -> 1.0591366 | N304: =$I304/$E304 -> 0.91638202 | O304: =$J304/$E304 -> 1.0118772 | P304: =$F304/HSP!$E$2 -> 0.49678442 | Q304: =$G304/HSP!$E$3 -> 0.45905432 | R304: =$H304/HSP!$E$4 -> 0.57220021 | S304: =$I304/HSP!$E$5 -> 0.57457821 | T304: =$J304/HSP!$E$6 -> 0.58729899 | U304: Chemical Resistance Data - Modern Plastics Encylopedia
A305: PMMA | B305: 18.1 | C305: 10.5 | D305: 5.1 | E305: 9.5 | F305: =SQRT((4*(HSP!$B$2-$B305)^2+(HSP!$C$2-$C305)^2+(HSP!$D$2-$D305)^2)) -> 7.2481722 | G305: =SQRT((4*(HSP!$B$3-$B305)^2+(HSP!$C$3-$C305)^2+(HSP!$D$3-$D305)^2)) -> 4.9453412 | H305: =SQRT((4*(HSP!$B$4-$B305)^2+(HSP!$C$4-$C305)^2+(HSP!$D$4-$D305)^2)) -> 8.4322002 | I305: =SQRT((4*(HSP!$B$5-$B305)^2+(HSP!$C$5-$C305)^2+(HSP!$D$5-$D305)^2)) -> 8.4233544 | J305: =SQRT((4*(HSP!$B$6-$B305)^2+(HSP!$C$6-$C305)^2+(HSP!$D$6-$D305)^2)) -> 7.0825843 | K305: =$F305/$E305 -> 0.76296549 | L305: =$G305/$E305 -> 0.52056224 | M305: =$H305/$E305 -> 0.88760002 | N305: =$I305/$E305 -> 0.88666889 | O305: =$J305/$E305 -> 0.74553519 | P305: =$F305/HSP!$E$2 -> 0.44467314 | Q305: =$G305/HSP!$E$3 -> 0.36632157 | R305: =$H305/HSP!$E$4 -> 0.53032706 | S305: =$I305/HSP!$E$5 -> 0.61484339 | T305: =$J305/HSP!$E$6 -> 0.47855299 | U305: Phenolic resin
... A312: Poly(Butyl methacrylate)? | B312: 15.9 | C312: 5.5 | D312: 5.9 | E312: 8.5 | F312: =SQRT((4*(HSP!$B$2-$B312)^2+(HSP!$C$2-$C312)^2+(HSP!$D$2-$D312)^2)) -> 5.7033324 | G312: =SQRT((4*(HSP!$B$3-$B312)^2+(HSP!$C$3-$C312)^2+(HSP!$D$3-$D312)^2)) -> 4.1819134 | H312: =SQRT((4*(HSP!$B$4-$B312)^2+(HSP!$C$4-$C312)^2+(HSP!$D$4-$D312)^2)) -> 1.9010523 | I312: =SQRT((4*(HSP!$B$5-$B312)^2+(HSP!$C$5-$C312)^2+(HSP!$D$5-$D312)^2)) -> 8.8891451 | J312: =SQRT((4*(HSP!$B$6-$B312)^2+(HSP!$C$6-$C312)^2+(HSP!$D$6-$D312)^2)) -> 2.5797287 | K312: =$F312/$E312 -> 0.67098028 | L312: =$G312/$E312 -> 0.49198982 | M312: =$H312/$E312 -> 0.22365322 | N312: =$I312/$E312 -> 1.0457818 | O312: =$J312/$E312 -> 0.30349749 | P312: =$F312/HSP!$E$2 -> 0.34989769 | Q312: =$G312/HSP!$E$3 -> 0.30977137 | R312: =$H312/HSP!$E$4 -> 0.11956304 | S312: =$I312/HSP!$E$5 -> 0.64884271 | T312: =$J312/HSP!$E$6 -> 0.17430599 | U312: Epoxy
A313: Poly(ethylene oxide) 200,000 | B313: 17 | C313: 11 | D313: 5.2 | E313: 8.2 | F313: =SQRT((4*(HSP!$B$2-$B313)^2+(HSP!$C$2-$C313)^2+(HSP!$D$2-$D313)^2)) -> 5.1478151 | G313: =SQRT((4*(HSP!$B$3-$B313)^2+(HSP!$C$3-$C313)^2+(HSP!$D$3-$D313)^2)) -> 3.0073909 | H313: =SQRT((4*(HSP!$B$4-$B313)^2+(HSP!$C$4-$C313)^2+(HSP!$D$4-$D313)^2)) -> 7.4764965 | I313: =SQRT((4*(HSP!$B$5-$B313)^2+(HSP!$C$5-$C313)^2+(HSP!$D$5-$D313)^2)) -> 6.9110708 | J313: =SQRT((4*(HSP!$B$6-$B313)^2+(HSP!$C$6-$C313)^2+(HSP!$D$6-$D313)^2)) -> 5.8888878 | K313: =$F313/$E313 -> 0.62778233 | L313: =$G313/$E313 -> 0.36675499 | M313: =$H313/$E313 -> 0.91176787 | N313: =$I313/$E313 -> 0.84281352 | O313: =$J313/$E313 -> 0.71815705 | P313: =$F313/HSP!$E$2 -> 0.31581688 | Q313: =$G313/HSP!$E$3 -> 0.2227697 | R313: =$H313/HSP!$E$4 -> 0.47021991 | S313: =$I313/HSP!$E$5 -> 0.50445772 | T313: =$J313/HSP!$E$6 -> 0.39789783
A314: Poly(ethylene oxide) 3350 V>41 | B314: 17.3 | C314: 9.5 | D314: 3.3 | E314: 10 | F314: =SQRT((4*(HSP!$B$2-$B314)^2+(HSP!$C$2-$C314)^2+(HSP!$D$2-$D314)^2)) -> 6.6048467 | G314: =SQRT((4*(HSP!$B$3-$B314)^2+(HSP!$C$3-$C314)^2+(HSP!$D$3-$D314)^2)) -> 4.0919922 | H314: =SQRT((4*(HSP!$B$4-$B314)^2+(HSP!$C$4-$C314)^2+(HSP!$D$4-$D314)^2)) -> 7.3232506 | I314: =SQRT((4*(HSP!$B$5-$B314)^2+(HSP!$C$5-$C314)^2+(HSP!$D$5-$D314)^2)) -> 9.2232803 | J314: =SQRT((4*(HSP!$B$6-$B314)^2+(HSP!$C$6-$C314)^2+(HSP!$D$6-$D314)^2)) -> 5.119668 | K314: =$F314/$E314 -> 0.66048467 | L314: =$G314/$E314 -> 0.40919922 | M314: =$H314/$E314 -> 0.73232506 | N314: =$I314/$E314 -> 0.92232803 | O314: =$J314/$E314 -> 0.5119668 | P314: =$F314/HSP!$E$2 -> 0.40520532 | Q314: =$G314/HSP!$E$3 -> 0.30311053 | R314: =$H314/HSP!$E$4 -> 0.4605818 | S314: =$I314/HSP!$E$5 -> 0.67323214 | T314: =$J314/HSP!$E$6 -> 0.34592351
A315: Poly(propylene oxide) | B315: 17.9 | C315: 3.1 | D315: 8.5 | E315: 8 | F315: =SQRT((4*(HSP!$B$2-$B315)^2+(HSP!$C$2-$C315)^2+(HSP!$D$2-$D315)^2)) -> 10.002 | G315: =SQRT((4*(HSP!$B$3-$B315)^2+(HSP!$C$3-$C315)^2+(HSP!$D$3-$D315)^2)) -> 8.3517902 | H315: =SQRT((4*(HSP!$B$4-$B315)^2+(HSP!$C$4-$C315)^2+(HSP!$D$4-$D315)^2)) -> 5.9327902 | I315: =SQRT((4*(HSP!$B$5-$B315)^2+(HSP!$C$5-$C315)^2+(HSP!$D$5-$D315)^2)) -> 11.230178 | J315: =SQRT((4*(HSP!$B$6-$B315)^2+(HSP!$C$6-$C315)^2+(HSP!$D$6-$D315)^2)) -> 7.7703925 | K315: =$F315/$E315 -> 1.25025 | L315: =$G315/$E315 -> 1.0439738 | M315: =$H315/$E315 -> 0.74159878 | N315: =$I315/$E315 -> 1.4037723 | O315: =$J315/$E315 -> 0.97129907 | P315: =$F315/HSP!$E$2 -> 0.61361962 | Q315: =$G315/HSP!$E$3 -> 0.61865113 | R315: =$H315/HSP!$E$4 -> 0.37313146 | S315: =$I315/HSP!$E$5 -> 0.81972103 | T315: =$J315/HSP!$E$6 -> 0.52502652
A316: Poly(vinyl butyl ether) | B316: 17.4 | C316: 3.4 | D316: 7.8 | E316: 8.4 | F316: =SQRT((4*(HSP!$B$2-$B316)^2+(HSP!$C$2-$C316)^2+(HSP!$D$2-$D316)^2)) -> 9.0485358 | G316: =SQRT((4*(HSP!$B$3-$B316)^2+(HSP!$C$3-$C316)^2+(HSP!$D$3-$D316)^2)) -> 7.4029994 | H316: =SQRT((4*(HSP!$B$4-$B316)^2+(HSP!$C$4-$C316)^2+(HSP!$D$4-$D316)^2)) -> 4.7465777 | I316: =SQRT((4*(HSP!$B$5-$B316)^2+(HSP!$C$5-$C316)^2+(HSP!$D$5-$D316)^2)) -> 10.714798 | J316: =SQRT((4*(HSP!$B$6-$B316)^2+(HSP!$C$6-$C316)^2+(HSP!$D$6-$D316)^2)) -> 6.5521752 | K316: =$F316/$E316 -> 1.0772066 | L316: =$G316/$E316 -> 0.88130945 | M316: =$H316/$E316 -> 0.56506878 | N316: =$I316/$E316 -> 1.2755712 | O316: =$J316/$E316 -> 0.78002086 | P316: =$F316/HSP!$E$2 -> 0.5551249 | Q316: =$G316/HSP!$E$3 -> 0.54837033 | R316: =$H316/HSP!$E$4 -> 0.2985269 | S316: =$I316/HSP!$E$5 -> 0.78210206 | T316: =$J316/HSP!$E$6 -> 0.44271454 | U316: Polymers at Different Test Concentrations - (Conc) Acrylic modified Alkyd
A317: Poly(vinyl ethyl ether)? | B317: 15.1 | C317: 3.1 | D317: 11.9 | E317: 12.9 | F317: =SQRT((4*(HSP!$B$2-$B317)^2+(HSP!$C$2-$C317)^2+(HSP!$D$2-$D317)^2)) -> 8.909321 | G317: =SQRT((4*(HSP!$B$3-$B317)^2+(HSP!$C$3-$C317)^2+(HSP!$D$3-$D317)^2)) -> 9.0217737 | H317: =SQRT((4*(HSP!$B$4-$B317)^2+(HSP!$C$4-$C317)^2+(HSP!$D$4-$D317)^2)) -> 5.3409737 | I317: =SQRT((4*(HSP!$B$5-$B317)^2+(HSP!$C$5-$C317)^2+(HSP!$D$5-$D317)^2)) -> 9.6747558 | J317: =SQRT((4*(HSP!$B$6-$B317)^2+(HSP!$C$6-$C317)^2+(HSP!$D$6-$D317)^2)) -> 8.7181994 | K317: =$F317/$E317 -> 0.69064504 | L317: =$G317/$E317 -> 0.6993623 | M317: =$H317/$E317 -> 0.41402897 | N317: =$I317/$E317 -> 0.74998107 | O317: =$J317/$E317 -> 0.67582941 | P317: =$F317/HSP!$E$2 -> 0.54658411 | Q317: =$G317/HSP!$E$3 -> 0.66827953 | R317: =$H317/HSP!$E$4 -> 0.3359103 | S317: =$I317/HSP!$E$5 -> 0.70618656 | T317: =$J317/HSP!$E$6 -> 0.58906752 | U317: Polymers at Different Test Concentrations - (Conc) Acrylic modified Alkyd
A318: Polyacrylonitrile (PAN) | B318: 22.4 | C318: 14.1 | D318: 9.1 | E318: 8 | F318: =SQRT((4*(HSP!$B$2-$B318)^2+(HSP!$C$2-$C318)^2+(HSP!$D$2-$D318)^2)) -> 16.158713 | G318: =SQRT((4*(HSP!$B$3-$B318)^2+(HSP!$C$3-$C318)^2+(HSP!$D$3-$D318)^2)) -> 14.510975 | H318: =SQRT((4*(HSP!$B$4-$B318)^2+(HSP!$C$4-$C318)^2+(HSP!$D$4-$D318)^2)) -> 17.410284 | I318: =SQRT((4*(HSP!$B$5-$B318)^2+(HSP!$C$5-$C318)^2+(HSP!$D$5-$D318)^2)) -> 14.443023 | J318: =SQRT((4*(HSP!$B$6-$B318)^2+(HSP!$C$6-$C318)^2+(HSP!$D$6-$D318)^2)) -> 17.021721 | K318: =$F318/$E318 -> 2.0198391 | L318: =$G318/$E318 -> 1.8138719 | M318: =$H318/$E318 -> 2.1762855 | N318: =$I318/$E318 -> 1.8053778 | O318: =$J318/$E318 -> 2.1277152 | P318: =$F318/HSP!$E$2 -> 0.99133207 | Q318: =$G318/HSP!$E$3 -> 1.074887 | R318: =$H318/HSP!$E$4 -> 1.0949864 | S318: =$I318/HSP!$E$5 -> 1.0542352 | T318: =$J318/HSP!$E$6 -> 1.1501163 | U318: Polymers at Different Test Concentrations - (Conc) Acrylic modified Alkyd
A319: Polyacrylonitrile (PAN) ref1 | B319: 20 | C319: 15.1 | D319: 7.9 | E319: 10.9 | F319: =SQRT((4*(HSP!$B$2-$B319)^2+(HSP!$C$2-$C319)^2+(HSP!$D$2-$D319)^2)) -> 11.790505 | G319: =SQRT((4*(HSP!$B$3-$B319)^2+(HSP!$C$3-$C319)^2+(HSP!$D$3-$D319)^2)) -> 10.403096 | H319: =SQRT((4*(HSP!$B$4-$B319)^2+(HSP!$C$4-$C319)^2+(HSP!$D$4-$D319)^2)) -> 14.251386 | I319: =SQRT((4*(HSP!$B$5-$B319)^2+(HSP!$C$5-$C319)^2+(HSP!$D$5-$D319)^2)) -> 10.214544 | J319: =SQRT((4*(HSP!$B$6-$B319)^2+(HSP!$C$6-$C319)^2+(HSP!$D$6-$D319)^2)) -> 13.455965 | K319: =$F319/$E319 -> 1.0816977 | L319: =$G319/$E319 -> 0.95441245 | M319: =$H319/$E319 -> 1.3074666 | N319: =$I319/$E319 -> 0.93711409 | O319: =$J319/$E319 -> 1.2344922 | P319: =$F319/HSP!$E$2 -> 0.72334384 | Q319: =$G319/HSP!$E$3 -> 0.77059968 | R319: =$H319/HSP!$E$4 -> 0.89631358 | S319: =$I319/HSP!$E$5 -> 0.74558712 | T319: =$J319/HSP!$E$6 -> 0.90918684 | U319: Polymers at Different Test Concentrations - (Conc) Acrylic modified Alkyd
A320: Polyamide 66 | B320: 16 | C320: 11 | D320: 24 | E320: 3 | F320: =SQRT((4*(HSP!$B$2-$B320)^2+(HSP!$C$2-$C320)^2+(HSP!$D$2-$D320)^2)) -> 17.25723 | G320: =SQRT((4*(HSP!$B$3-$B320)^2+(HSP!$C$3-$C320)^2+(HSP!$D$3-$D320)^2)) -> 18.239857 | H320: =SQRT((4*(HSP!$B$4-$B320)^2+(HSP!$C$4-$C320)^2+(HSP!$D$4-$D320)^2)) -> 18.399402 | I320: =SQRT((4*(HSP!$B$5-$B320)^2+(HSP!$C$5-$C320)^2+(HSP!$D$5-$D320)^2)) -> 13.263291 | J320: =SQRT((4*(HSP!$B$6-$B320)^2+(HSP!$C$6-$C320)^2+(HSP!$D$6-$D320)^2)) -> 20.713257 | K320: =$F320/$E320 -> 5.7524101 | L320: =$G320/$E320 -> 6.0799525 | M320: =$H320/$E320 -> 6.1331341 | N320: =$I320/$E320 -> 4.4210971 | O320: =$J320/$E320 -> 6.9044189 | P320: =$F320/HSP!$E$2 -> 1.0587258 | Q320: =$G320/HSP!$E$3 -> 1.3511006 | R320: =$H320/HSP!$E$4 -> 1.1571951 | S320: =$I320/HSP!$E$5 -> 0.96812346 | T320: =$J320/HSP!$E$6 -> 1.3995444 | U320: Amino Resin
A321: Polycaprolactone | B321: 17.7 | C321: 5 | D321: 8.4 | E321: 8 | F321: =SQRT((4*(HSP!$B$2-$B321)^2+(HSP!$C$2-$C321)^2+(HSP!$D$2-$D321)^2)) -> 8.382601 | G321: =SQRT((4*(HSP!$B$3-$B321)^2+(HSP!$C$3-$C321)^2+(HSP!$D$3-$D321)^2)) -> 6.6732601 | H321: =SQRT((4*(HSP!$B$4-$B321)^2+(HSP!$C$4-$C321)^2+(HSP!$D$4-$D321)^2)) -> 5.3165778 | I321: =SQRT((4*(HSP!$B$5-$B321)^2+(HSP!$C$5-$C321)^2+(HSP!$D$5-$D321)^2)) -> 9.4667259 | J321: =SQRT((4*(HSP!$B$6-$B321)^2+(HSP!$C$6-$C321)^2+(HSP!$D$6-$D321)^2)) -> 6.8093318 | K321: =$F321/$E321 -> 1.0478251 | L321: =$G321/$E321 -> 0.83415751 | M321: =$H321/$E321 -> 0.66457223 | N321: =$I321/$E321 -> 1.1833407 | O321: =$J321/$E321 -> 0.85116648 | P321: =$F321/HSP!$E$2 -> 0.51427 | Q321: =$G321/HSP!$E$3 -> 0.49431556 | R321: =$H321/HSP!$E$4 -> 0.33437597 | S321: =$I321/HSP!$E$5 -> 0.69100189 | T321: =$J321/HSP!$E$6 -> 0.46008999 | U321: Binder in solution: Alkyd and polyester
A322: Polycarbonate (PC) | B322: 18.2 | C322: 5.9 | D322: 6.9 | E322: 8 | F322: =SQRT((4*(HSP!$B$2-$B322)^2+(HSP!$C$2-$C322)^2+(HSP!$D$2-$D322)^2)) -> 8.5229103 | G322: =SQRT((4*(HSP!$B$3-$B322)^2+(HSP!$C$3-$C322)^2+(HSP!$D$3-$D322)^2)) -> 6.3643067 | H322: =SQRT((4*(HSP!$B$4-$B322)^2+(HSP!$C$4-$C322)^2+(HSP!$D$4-$D322)^2)) -> 6.1823944 | I322: =SQRT((4*(HSP!$B$5-$B322)^2+(HSP!$C$5-$C322)^2+(HSP!$D$5-$D322)^2)) -> 9.853573 | J322: =SQRT((4*(HSP!$B$6-$B322)^2+(HSP!$C$6-$C322)^2+(HSP!$D$6-$D322)^2)) -> 6.6274429 | K322: =$F322/$E322 -> 1.0653638 | L322: =$G322/$E322 -> 0.79553834 | M322: =$H322/$E322 -> 0.77279929 | N322: =$I322/$E322 -> 1.2316966 | O322: =$J322/$E322 -> 0.82843037 | P322: =$F322/HSP!$E$2 -> 0.52287793 | Q322: =$G322/HSP!$E$3 -> 0.47143013 | R322: =$H322/HSP!$E$4 -> 0.38882983 | S322: =$I322/HSP!$E$5 -> 0.7192389 | T322: =$J322/HSP!$E$6 -> 0.4478002 | U322: Polyacrylate
A323: Polycyclol | B323: 19 | C323: 9 | D323: 15 | E323: 12 | F323: =SQRT((4*(HSP!$B$2-$B323)^2+(HSP!$C$2-$C323)^2+(HSP!$D$2-$D323)^2)) -> 11.995499 | G323: =SQRT((4*(HSP!$B$3-$B323)^2+(HSP!$C$3-$C323)^2+(HSP!$D$3-$D323)^2)) -> 11.337213 | H323: =SQRT((4*(HSP!$B$4-$B323)^2+(HSP!$C$4-$C323)^2+(HSP!$D$4-$D323)^2)) -> 12.024059 | I323: =SQRT((4*(HSP!$B$5-$B323)^2+(HSP!$C$5-$C323)^2+(HSP!$D$5-$D323)^2)) -> 9.276578 | J323: =SQRT((4*(HSP!$B$6-$B323)^2+(HSP!$C$6-$C323)^2+(HSP!$D$6-$D323)^2)) -> 13.659392 | K323: =$F323/$E323 -> 0.99962493 | L323: =$G323/$E323 -> 0.94476776 | M323: =$H323/$E323 -> 1.0020049 | N323: =$I323/$E323 -> 0.77304817 | O323: =$J323/$E323 -> 1.1382827 | P323: =$F323/HSP!$E$2 -> 0.73592019 | Q323: =$G323/HSP!$E$3 -> 0.83979356 | R323: =$H323/HSP!$E$4 -> 0.75623014 | S323: =$I323/HSP!$E$5 -> 0.67712248 | T323: =$J323/HSP!$E$6 -> 0.92293192 | U323: Polyacrylate
A324: Polyesterimide | B324: 19 | C324: 11 | D324: 9 | E324: 7 | F324: =SQRT((4*(HSP!$B$2-$B324)^2+(HSP!$C$2-$C324)^2+(HSP!$D$2-$D324)^2)) -> 9.0449986 | G324: =SQRT((4*(HSP!$B$3-$B324)^2+(HSP!$C$3-$C324)^2+(HSP!$D$3-$D324)^2)) -> 7.4654136 | H324: =SQRT((4*(HSP!$B$4-$B324)^2+(HSP!$C$4-$C324)^2+(HSP!$D$4-$D324)^2)) -> 10.171431 | I324: =SQRT((4*(HSP!$B$5-$B324)^2+(HSP!$C$5-$C324)^2+(HSP!$D$5-$D324)^2)) -> 7.8952454 | J324: =SQRT((4*(HSP!$B$6-$B324)^2+(HSP!$C$6-$C324)^2+(HSP!$D$6-$D324)^2)) -> 10.151798 | K324: =$F324/$E324 -> 1.2921427 | L324: =$G324/$E324 -> 1.0664877 | M324: =$H324/$E324 -> 1.4530615 | N324: =$I324/$E324 -> 1.1278922 | O324: =$J324/$E324 -> 1.4502568 | P324: =$F324/HSP!$E$2 -> 0.55490789 | Q324: =$G324/HSP!$E$3 -> 0.5529936 | R324: =$H324/HSP!$E$4 -> 0.63971261 | S324: =$I324/HSP!$E$5 -> 0.57629529 | T324: =$J324/HSP!$E$6 -> 0.68593229 | U324: Petroleum hydrocarbon resin
A325: Polyether sulfone | B325: 19 | C325: 11 | D325: 8 | E325: 5.6 | F325: =SQRT((4*(HSP!$B$2-$B325)^2+(HSP!$C$2-$C325)^2+(HSP!$D$2-$D325)^2)) -> 8.8753591 | G325: =SQRT((4*(HSP!$B$3-$B325)^2+(HSP!$C$3-$C325)^2+(HSP!$D$3-$D325)^2)) -> 7.0973516 | H325: =SQRT((4*(HSP!$B$4-$B325)^2+(HSP!$C$4-$C325)^2+(HSP!$D$4-$D325)^2)) -> 10.0029 | I325: =SQRT((4*(HSP!$B$5-$B325)^2+(HSP!$C$5-$C325)^2+(HSP!$D$5-$D325)^2)) -> 8.1972495 | J325: =SQRT((4*(HSP!$B$6-$B325)^2+(HSP!$C$6-$C325)^2+(HSP!$D$6-$D325)^2)) -> 9.6829231 | K325: =$F325/$E325 -> 1.5848856 | L325: =$G325/$E325 -> 1.2673842 | M325: =$H325/$E325 -> 1.7862321 | N325: =$I325/$E325 -> 1.4637946 | O325: =$J325/$E325 -> 1.7290934 | P325: =$F325/HSP!$E$2 -> 0.54450056 | Q325: =$G325/HSP!$E$3 -> 0.52572975 | R325: =$H325/HSP!$E$4 -> 0.62911318 | S325: =$I325/HSP!$E$5 -> 0.59833938 | T325: =$J325/HSP!$E$6 -> 0.65425156 | U325: Polyacrylate
A326: Polyethersulfone | B326: 19 | C326: 11 | D326: 8 | E326: 8 | F326: =SQRT((4*(HSP!$B$2-$B326)^2+(HSP!$C$2-$C326)^2+(HSP!$D$2-$D326)^2)) -> 8.8753591 | G326: =SQRT((4*(HSP!$B$3-$B326)^2+(HSP!$C$3-$C326)^2+(HSP!$D$3-$D326)^2)) -> 7.0973516 | H326: =SQRT((4*(HSP!$B$4-$B326)^2+(HSP!$C$4-$C326)^2+(HSP!$D$4-$D326)^2)) -> 10.0029 | I326: =SQRT((4*(HSP!$B$5-$B326)^2+(HSP!$C$5-$C326)^2+(HSP!$D$5-$D326)^2)) -> 8.1972495 | J326: =SQRT((4*(HSP!$B$6-$B326)^2+(HSP!$C$6-$C326)^2+(HSP!$D$6-$D326)^2)) -> 9.6829231 | K326: =$F326/$E326 -> 1.1094199 | L326: =$G326/$E326 -> 0.88716895 | M326: =$H326/$E326 -> 1.2503624 | N326: =$I326/$E326 -> 1.0246562 | O326: =$J326/$E326 -> 1.2103654 | P326: =$F326/HSP!$E$2 -> 0.54450056 | Q326: =$G326/HSP!$E$3 -> 0.52572975 | R326: =$H326/HSP!$E$4 -> 0.62911318 | S326: =$I326/HSP!$E$5 -> 0.59833938 | T326: =$J326/HSP!$E$6 -> 0.65425156 | U326: Polymers at Different Test Concentrations - (Conc) Acrylics
A327: Polyethersulfone (Ultrason E) | B327: 17.8 | C327: 11.8 | D327: 9 | E327: 5 | F327: =SQRT((4*(HSP!$B$2-$B327)^2+(HSP!$C$2-$C327)^2+(HSP!$D$2-$D327)^2)) -> 6.8436832 | G327: =SQRT((4*(HSP!$B$3-$B327)^2+(HSP!$C$3-$C327)^2+(HSP!$D$3-$D327)^2)) -> 5.7009122 | H327: =SQRT((4*(HSP!$B$4-$B327)^2+(HSP!$C$4-$C327)^2+(HSP!$D$4-$D327)^2)) -> 9.121513 | I327: =SQRT((4*(HSP!$B$5-$B327)^2+(HSP!$C$5-$C327)^2+(HSP!$D$5-$D327)^2)) -> 5.4931685 | J327: =SQRT((4*(HSP!$B$6-$B327)^2+(HSP!$C$6-$C327)^2+(HSP!$D$6-$D327)^2)) -> 8.9979442 | K327: =$F327/$E327 -> 1.3687366 | L327: =$G327/$E327 -> 1.1401824 | M327: =$H327/$E327 -> 1.8243026 | N327: =$I327/$E327 -> 1.0986337 | O327: =$J327/$E327 -> 1.7995888 | P327: =$F327/HSP!$E$2 -> 0.41985787 | Q327: =$G327/HSP!$E$3 -> 0.42228979 | R327: =$H327/HSP!$E$4 -> 0.57368006 | S327: =$I327/HSP!$E$5 -> 0.4009612 | T327: =$J327/HSP!$E$6 -> 0.6079692 | U327: Polymers at Different Test Concentrations - (Conc) Acrylics
... A356: Polyvinylacetate (PVA) | B356: 17.6 | C356: 2.2 | D356: 4 | E356: 8 | F356: =SQRT((4*(HSP!$B$2-$B356)^2+(HSP!$C$2-$C356)^2+(HSP!$D$2-$D356)^2)) -> 10.635224 | G356: =SQRT((4*(HSP!$B$3-$B356)^2+(HSP!$C$3-$C356)^2+(HSP!$D$3-$D356)^2)) -> 8.5765028 | H356: =SQRT((4*(HSP!$B$4-$B356)^2+(HSP!$C$4-$C356)^2+(HSP!$D$4-$D356)^2)) -> 6.1326992 | I356: =SQRT((4*(HSP!$B$5-$B356)^2+(HSP!$C$5-$C356)^2+(HSP!$D$5-$D356)^2)) -> 13.431712 | J356: =SQRT((4*(HSP!$B$6-$B356)^2+(HSP!$C$6-$C356)^2+(HSP!$D$6-$D356)^2)) -> 6.2953157 | K356: =$F356/$E356 -> 1.3294031 | L356: =$G356/$E356 -> 1.0720628 | M356: =$H356/$E356 -> 0.76658741 | N356: =$I356/$E356 -> 1.6789641 | O356: =$J356/$E356 -> 0.78691446 | P356: =$F356/HSP!$E$2 -> 0.65246776 | Q356: =$G356/HSP!$E$3 -> 0.6352965 | R356: =$H356/HSP!$E$4 -> 0.38570435 | S356: =$I356/HSP!$E$5 -> 0.98041697 | T356: =$J356/HSP!$E$6 -> 0.42535917 | U356: Polymer
A357: Polyvinylalcohol | B357: 15 | C357: 17.2 | D357: 17.8 | E357: 10.2 | F357: =SQRT((4*(HSP!$B$2-$B357)^2+(HSP!$C$2-$C357)^2+(HSP!$D$2-$D357)^2)) -> 12.772627 | G357: =SQRT((4*(HSP!$B$3-$B357)^2+(HSP!$C$3-$C357)^2+(HSP!$D$3-$D357)^2)) -> 14.222391 | H357: =SQRT((4*(HSP!$B$4-$B357)^2+(HSP!$C$4-$C357)^2+(HSP!$D$4-$D357)^2)) -> 16.669313 | I357: =SQRT((4*(HSP!$B$5-$B357)^2+(HSP!$C$5-$C357)^2+(HSP!$D$5-$D357)^2)) -> 8.2194221 | J357: =SQRT((4*(HSP!$B$6-$B357)^2+(HSP!$C$6-$C357)^2+(HSP!$D$6-$D357)^2)) -> 17.631988 | K357: =$F357/$E357 -> 1.2522183 | L357: =$G357/$E357 -> 1.394352 | M357: =$H357/$E357 -> 1.6342464 | N357: =$I357/$E357 -> 0.8058257 | O357: =$J357/$E357 -> 1.7286263 | P357: =$F357/HSP!$E$2 -> 0.78359675 | Q357: =$G357/HSP!$E$3 -> 1.0535104 | R357: =$H357/HSP!$E$4 -> 1.0483845 | S357: =$I357/HSP!$E$5 -> 0.59995782 | T357: =$J357/HSP!$E$6 -> 1.1913505
A358: Polyvinylalcohol (PVOH) | B358: 15 | C358: 17.2 | D358: 17.8 | E358: 8 | F358: =SQRT((4*(HSP!$B$2-$B358)^2+(HSP!$C$2-$C358)^2+(HSP!$D$2-$D358)^2)) -> 12.772627 | G358: =SQRT((4*(HSP!$B$3-$B358)^2+(HSP!$C$3-$C358)^2+(HSP!$D$3-$D358)^2)) -> 14.222391 | H358: =SQRT((4*(HSP!$B$4-$B358)^2+(HSP!$C$4-$C358)^2+(HSP!$D$4-$D358)^2)) -> 16.669313 | I358: =SQRT((4*(HSP!$B$5-$B358)^2+(HSP!$C$5-$C358)^2+(HSP!$D$5-$D358)^2)) -> 8.2194221 | J358: =SQRT((4*(HSP!$B$6-$B358)^2+(HSP!$C$6-$C358)^2+(HSP!$D$6-$D358)^2)) -> 17.631988 | K358: =$F358/$E358 -> 1.5965784 | L358: =$G358/$E358 -> 1.7777988 | M358: =$H358/$E358 -> 2.0836641 | N358: =$I358/$E358 -> 1.0274278 | O358: =$J358/$E358 -> 2.2039985 | P358: =$F358/HSP!$E$2 -> 0.78359675 | Q358: =$G358/HSP!$E$3 -> 1.0535104 | R358: =$H358/HSP!$E$4 -> 1.0483845 | S358: =$I358/HSP!$E$5 -> 0.59995782 | T358: =$J358/HSP!$E$6 -> 1.1913505 | U358: Polymer
A359: Polyvinylalcohol 1 Hr | B359: 15.3 | C359: 13.2 | D359: 13.5 | E359: 8.8 | F359: =SQRT((4*(HSP!$B$2-$B359)^2+(HSP!$C$2-$C359)^2+(HSP!$D$2-$D359)^2)) -> 7.209577 | G359: =SQRT((4*(HSP!$B$3-$B359)^2+(HSP!$C$3-$C359)^2+(HSP!$D$3-$D359)^2)) -> 8.4924908 | H359: =SQRT((4*(HSP!$B$4-$B359)^2+(HSP!$C$4-$C359)^2+(HSP!$D$4-$D359)^2)) -> 10.841956 | I359: =SQRT((4*(HSP!$B$5-$B359)^2+(HSP!$C$5-$C359)^2+(HSP!$D$5-$D359)^2)) -> 2.6151291 | J359: =SQRT((4*(HSP!$B$6-$B359)^2+(HSP!$C$6-$C359)^2+(HSP!$D$6-$D359)^2)) -> 11.788087 | K359: =$F359/$E359 -> 0.81927011 | L359: =$G359/$E359 -> 0.96505577 | M359: =$H359/$E359 -> 1.2320404 | N359: =$I359/$E359 -> 0.29717376 | O359: =$J359/$E359 -> 1.3395554 | P359: =$F359/HSP!$E$2 -> 0.44230534 | Q359: =$G359/HSP!$E$3 -> 0.62907339 | R359: =$H359/HSP!$E$4 -> 0.681884 | S359: =$I359/HSP!$E$5 -> 0.19088533 | T359: =$J359/HSP!$E$6 -> 0.79649238 | U359: Polymer
A360: Polyvinylalcohol 20 Min | B360: 11.2 | C360: 12.4 | D360: 13 | E360: 12.1 | F360: =SQRT((4*(HSP!$B$2-$B360)^2+(HSP!$C$2-$C360)^2+(HSP!$D$2-$D360)^2)) -> 9.2867648 | G360: =SQRT((4*(HSP!$B$3-$B360)^2+(HSP!$C$3-$C360)^2+(HSP!$D$3-$D360)^2)) -> 11.819492 | H360: =SQRT((4*(HSP!$B$4-$B360)^2+(HSP!$C$4-$C360)^2+(HSP!$D$4-$D360)^2)) -> 12.691808 | I360: =SQRT((4*(HSP!$B$5-$B360)^2+(HSP!$C$5-$C360)^2+(HSP!$D$5-$D360)^2)) -> 8.405171 | J360: =SQRT((4*(HSP!$B$6-$B360)^2+(HSP!$C$6-$C360)^2+(HSP!$D$6-$D360)^2)) -> 13.624353 | K360: =$F360/$E360 -> 0.76750122 | L360: =$G360/$E360 -> 0.97681755 | M360: =$H360/$E360 -> 1.0489098 | N360: =$I360/$E360 -> 0.69464223 | O360: =$J360/$E360 -> 1.1259796 | P360: =$F360/HSP!$E$2 -> 0.56974017 | Q360: =$G360/HSP!$E$3 -> 0.87551795 | R360: =$H360/HSP!$E$4 -> 0.79822694 | S360: =$I360/HSP!$E$5 -> 0.61351613 | T360: =$J360/HSP!$E$6 -> 0.92056441 | U360: Polymer
A361: Polyvinylalcohol 4 Hr | B361: 17.2 | C361: 13.6 | D361: 15.4 | E361: 10.9 | F361: =SQRT((4*(HSP!$B$2-$B361)^2+(HSP!$C$2-$C361)^2+(HSP!$D$2-$D361)^2)) -> 10.382485 | G361: =SQRT((4*(HSP!$B$3-$B361)^2+(HSP!$C$3-$C361)^2+(HSP!$D$3-$D361)^2)) -> 10.789829 | H361: =SQRT((4*(HSP!$B$4-$B361)^2+(HSP!$C$4-$C361)^2+(HSP!$D$4-$D361)^2)) -> 13.038788 | I361: =SQRT((4*(HSP!$B$5-$B361)^2+(HSP!$C$5-$C361)^2+(HSP!$D$5-$D361)^2)) -> 5.9711724 | J361: =SQRT((4*(HSP!$B$6-$B361)^2+(HSP!$C$6-$C361)^2+(HSP!$D$6-$D361)^2)) -> 14.131914 | K361: =$F361/$E361 -> 0.95252158 | L361: =$G361/$E361 -> 0.98989253 | M361: =$H361/$E361 -> 1.1962191 | N361: =$I361/$E361 -> 0.54781398 | O361: =$J361/$E361 -> 1.2965059 | P361: =$F361/HSP!$E$2 -> 0.63696229 | Q361: =$G361/HSP!$E$3 -> 0.79924656 | R361: =$H361/HSP!$E$4 -> 0.82004958 | S361: =$I361/HSP!$E$5 -> 0.435852 | T361: =$J361/HSP!$E$6 -> 0.95485907 | U361: Polymer
A362: Polyvinylbutylether | B362: 17.4 | C362: 4.3 | D362: 8.4 | E362: 7.4 | F362: =SQRT((4*(HSP!$B$2-$B362)^2+(HSP!$C$2-$C362)^2+(HSP!$D$2-$D362)^2)) -> 8.4452353 | G362: =SQRT((4*(HSP!$B$3-$B362)^2+(HSP!$C$3-$C362)^2+(HSP!$D$3-$D362)^2)) -> 6.8616616 | H362: =SQRT((4*(HSP!$B$4-$B362)^2+(HSP!$C$4-$C362)^2+(HSP!$D$4-$D362)^2)) -> 4.753525 | I362: =SQRT((4*(HSP!$B$5-$B362)^2+(HSP!$C$5-$C362)^2+(HSP!$D$5-$D362)^2)) -> 9.7695906 | J362: =SQRT((4*(HSP!$B$6-$B362)^2+(HSP!$C$6-$C362)^2+(HSP!$D$6-$D362)^2)) -> 6.5868809 | K362: =$F362/$E362 -> 1.141248 | L362: =$G362/$E362 -> 0.92725157 | M362: =$H362/$E362 -> 0.64236824 | N362: =$I362/$E362 -> 1.3202149 | O362: =$J362/$E362 -> 0.89011904 | P362: =$F362/HSP!$E$2 -> 0.5181126 | Q362: =$G362/HSP!$E$3 -> 0.50827123 | R362: =$H362/HSP!$E$4 -> 0.29896384 | S362: =$I362/HSP!$E$5 -> 0.7131088 | T362: =$J362/HSP!$E$6 -> 0.44505952 | U362: Styrene–butadiene raw elastomer
A363: Polyvinylbutyral | B363: 18.6 | C363: 4.4 | D363: 13 | E363: 8 | F363: =SQRT((4*(HSP!$B$2-$B363)^2+(HSP!$C$2-$C363)^2+(HSP!$D$2-$D363)^2)) -> 11.703162 | G363: =SQRT((4*(HSP!$B$3-$B363)^2+(HSP!$C$3-$C363)^2+(HSP!$D$3-$D363)^2)) -> 10.634491 | H363: =SQRT((4*(HSP!$B$4-$B363)^2+(HSP!$C$4-$C363)^2+(HSP!$D$4-$D363)^2)) -> 9.2508378 | I363: =SQRT((4*(HSP!$B$5-$B363)^2+(HSP!$C$5-$C363)^2+(HSP!$D$5-$D363)^2)) -> 10.856468 | J363: =SQRT((4*(HSP!$B$6-$B363)^2+(HSP!$C$6-$C363)^2+(HSP!$D$6-$D363)^2)) -> 11.497782 | K363: =$F363/$E363 -> 1.4628952 | L363: =$G363/$E363 -> 1.3293114 | M363: =$H363/$E363 -> 1.1563547 | N363: =$I363/$E363 -> 1.3570585 | O363: =$J363/$E363 -> 1.4372228 | P363: =$F363/HSP!$E$2 -> 0.7179854 | Q363: =$G363/HSP!$E$3 -> 0.78774008 | R363: =$H363/HSP!$E$4 -> 0.5818137 | S363: =$I363/HSP!$E$5 -> 0.79244293 | T363: =$J363/HSP!$E$6 -> 0.77687719 | U363: Polymer
A364: Polyvinylchloride (PVC) | B364: 18.8 | C364: 9.2 | D364: 6.3 | E364: 8 | F364: =SQRT((4*(HSP!$B$2-$B364)^2+(HSP!$C$2-$C364)^2+(HSP!$D$2-$D364)^2)) -> 8.5211502 | G364: =SQRT((4*(HSP!$B$3-$B364)^2+(HSP!$C$3-$C364)^2+(HSP!$D$3-$D364)^2)) -> 6.2554296 | H364: =SQRT((4*(HSP!$B$4-$B364)^2+(HSP!$C$4-$C364)^2+(HSP!$D$4-$D364)^2)) -> 8.5666796 | I364: =SQRT((4*(HSP!$B$5-$B364)^2+(HSP!$C$5-$C364)^2+(HSP!$D$5-$D364)^2)) -> 9.1471799 | J364: =SQRT((4*(HSP!$B$6-$B364)^2+(HSP!$C$6-$C364)^2+(HSP!$D$6-$D364)^2)) -> 7.9698808 | K364: =$F364/$E364 -> 1.0651438 | L364: =$G364/$E364 -> 0.78192871 | M364: =$H364/$E364 -> 1.070835 | N364: =$I364/$E364 -> 1.1433975 | O364: =$J364/$E364 -> 0.9962351 | P364: =$F364/HSP!$E$2 -> 0.52276995 | Q364: =$G364/HSP!$E$3 -> 0.46336516 | R364: =$H364/HSP!$E$4 -> 0.53878488 | S364: =$I364/HSP!$E$5 -> 0.66767736 | T364: =$J364/HSP!$E$6 -> 0.53850546 | U364: Polymer
A365: Polyvinylidenefluoride (PVF) | B365: 17 | C365: 12.1 | D365: 10.2 | E365: 8 | F365: =SQRT((4*(HSP!$B$2-$B365)^2+(HSP!$C$2-$C365)^2+(HSP!$D$2-$D365)^2)) -> 6.0081611 | G365: =SQRT((4*(HSP!$B$3-$B365)^2+(HSP!$C$3-$C365)^2+(HSP!$D$3-$D365)^2)) -> 5.6570664 | H365: =SQRT((4*(HSP!$B$4-$B365)^2+(HSP!$C$4-$C365)^2+(HSP!$D$4-$D365)^2)) -> 8.9449427 | I365: =SQRT((4*(HSP!$B$5-$B365)^2+(HSP!$C$5-$C365)^2+(HSP!$D$5-$D365)^2)) -> 3.5901114 | J365: =SQRT((4*(HSP!$B$6-$B365)^2+(HSP!$C$6-$C365)^2+(HSP!$D$6-$D365)^2)) -> 9.1892872 | K365: =$F365/$E365 -> 0.75102014 | L365: =$G365/$E365 -> 0.7071333 | M365: =$H365/$E365 -> 1.1181178 | N365: =$I365/$E365 -> 0.44876393 | O365: =$J365/$E365 -> 1.1486609 | P365: =$F365/HSP!$E$2 -> 0.36859884 | Q365: =$G365/HSP!$E$3 -> 0.41904195 | R365: =$H365/HSP!$E$4 -> 0.56257501 | S365: =$I365/HSP!$E$5 -> 0.26205193 | T365: =$J365/HSP!$E$6 -> 0.62089779 | U365: Polymer
A366: Polyvinylidine Fluoride Sol. | B366: 17 | C366: 12.1 | D366: 10.2 | E366: 4.1 | F366: =SQRT((4*(HSP!$B$2-$B366)^2+(HSP!$C$2-$C366)^2+(HSP!$D$2-$D366)^2)) -> 6.0081611 | G366: =SQRT((4*(HSP!$B$3-$B366)^2+(HSP!$C$3-$C366)^2+(HSP!$D$3-$D366)^2)) -> 5.6570664 | H366: =SQRT((4*(HSP!$B$4-$B366)^2+(HSP!$C$4-$C366)^2+(HSP!$D$4-$D366)^2)) -> 8.9449427 | I366: =SQRT((4*(HSP!$B$5-$B366)^2+(HSP!$C$5-$C366)^2+(HSP!$D$5-$D366)^2)) -> 3.5901114 | J366: =SQRT((4*(HSP!$B$6-$B366)^2+(HSP!$C$6-$C366)^2+(HSP!$D$6-$D366)^2)) -> 9.1892872 | K366: =$F366/$E366 -> 1.4654052 | L366: =$G366/$E366 -> 1.3797723 | M366: =$H366/$E366 -> 2.1816933 | N366: =$I366/$E366 -> 0.87563693 | O366: =$J366/$E366 -> 2.2412896 | P366: =$F366/HSP!$E$2 -> 0.36859884 | Q366: =$G366/HSP!$E$3 -> 0.41904195 | R366: =$H366/HSP!$E$4 -> 0.56257501 | S366: =$I366/HSP!$E$5 -> 0.26205193 | T366: =$J366/HSP!$E$6 -> 0.62089779 | U366: Polystyrene
A367: Polyvinylpyrrolidone (PVP) | B367: 18.1 | C367: 10 | D367: 18 | E367: 10 | F367: =SQRT((4*(HSP!$B$2-$B367)^2+(HSP!$C$2-$C367)^2+(HSP!$D$2-$D367)^2)) -> 13.063384 | G367: =SQRT((4*(HSP!$B$3-$B367)^2+(HSP!$C$3-$C367)^2+(HSP!$D$3-$D367)^2)) -> 13.10345 | H367: =SQRT((4*(HSP!$B$4-$B367)^2+(HSP!$C$4-$C367)^2+(HSP!$D$4-$D367)^2)) -> 13.714299 | I367: =SQRT((4*(HSP!$B$5-$B367)^2+(HSP!$C$5-$C367)^2+(HSP!$D$5-$D367)^2)) -> 9.4561567 | J367: =SQRT((4*(HSP!$B$6-$B367)^2+(HSP!$C$6-$C367)^2+(HSP!$D$6-$D367)^2)) -> 15.652572 | K367: =$F367/$E367 -> 1.3063384 | L367: =$G367/$E367 -> 1.310345 | M367: =$H367/$E367 -> 1.3714299 | N367: =$I367/$E367 -> 0.94561567 | O367: =$J367/$E367 -> 1.5652572 | P367: =$F367/HSP!$E$2 -> 0.8014346 | Q367: =$G367/HSP!$E$3 -> 0.97062592 | R367: =$H367/HSP!$E$4 -> 0.86253454 | S367: =$I367/HSP!$E$5 -> 0.69023042 | T367: =$J367/HSP!$E$6 -> 1.0576062 | U367: Polymer
A368: Polyvinylpyrrolidone (PVP) | B368: 18.1 | C368: 10 | D368: 18 | E368: 8 | F368: =SQRT((4*(HSP!$B$2-$B368)^2+(HSP!$C$2-$C368)^2+(HSP!$D$2-$D368)^2)) -> 13.063384 | G368: =SQRT((4*(HSP!$B$3-$B368)^2+(HSP!$C$3-$C368)^2+(HSP!$D$3-$D368)^2)) -> 13.10345 | H368: =SQRT((4*(HSP!$B$4-$B368)^2+(HSP!$C$4-$C368)^2+(HSP!$D$4-$D368)^2)) -> 13.714299 | I368: =SQRT((4*(HSP!$B$5-$B368)^2+(HSP!$C$5-$C368)^2+(HSP!$D$5-$D368)^2)) -> 9.4561567 | J368: =SQRT((4*(HSP!$B$6-$B368)^2+(HSP!$C$6-$C368)^2+(HSP!$D$6-$D368)^2)) -> 15.652572 | K368: =$F368/$E368 -> 1.632923 | L368: =$G368/$E368 -> 1.6379312 | M368: =$H368/$E368 -> 1.7142874 | N368: =$I368/$E368 -> 1.1820196 | O368: =$J368/$E368 -> 1.9565715 | P368: =$F368/HSP!$E$2 -> 0.8014346 | Q368: =$G368/HSP!$E$3 -> 0.97062592 | R368: =$H368/HSP!$E$4 -> 0.86253454 | S368: =$I368/HSP!$E$5 -> 0.69023042 | T368: =$J368/HSP!$E$6 -> 1.0576062 | U368: Polymer
A369: POMH+POMC CR | B369: 17.1 | C369: 3.1 | D369: 10.7 | E369: 5.2 | F369: =SQRT((4*(HSP!$B$2-$B369)^2+(HSP!$C$2-$C369)^2+(HSP!$D$2-$D369)^2)) -> 9.6440655 | G369: =SQRT((4*(HSP!$B$3-$B369)^2+(HSP!$C$3-$C369)^2+(HSP!$D$3-$D369)^2)) -> 8.6487224 | H369: =SQRT((4*(HSP!$B$4-$B369)^2+(HSP!$C$4-$C369)^2+(HSP!$D$4-$D369)^2)) -> 5.7101664 | I369: =SQRT((4*(HSP!$B$5-$B369)^2+(HSP!$C$5-$C369)^2+(HSP!$D$5-$D369)^2)) -> 10.295285 | J369: =SQRT((4*(HSP!$B$6-$B369)^2+(HSP!$C$6-$C369)^2+(HSP!$D$6-$D369)^2)) -> 8.4502663 | K369: =$F369/$E369 -> 1.854628 | L369: =$G369/$E369 -> 1.6632159 | M369: =$H369/$E369 -> 1.0981089 | N369: =$I369/$E369 -> 1.9798626 | O369: =$J369/$E369 -> 1.6250512 | P369: =$F369/HSP!$E$2 -> 0.59166046 | Q369: =$G369/HSP!$E$3 -> 0.64064611 | R369: =$H369/HSP!$E$4 -> 0.35912996 | S369: =$I369/HSP!$E$5 -> 0.75148068 | T369: =$J369/HSP!$E$6 -> 0.57096394 | U369: Polymer
... A538: Zink Silicate - Chemical Res. | B538: 23.5 | C538: 17.5 | D538: 16.8 | E538: 15.6 | F538: =SQRT((4*(HSP!$B$2-$B538)^2+(HSP!$C$2-$C538)^2+(HSP!$D$2-$D538)^2)) -> 21.513577 | G538: =SQRT((4*(HSP!$B$3-$B538)^2+(HSP!$C$3-$C538)^2+(HSP!$D$3-$D538)^2)) -> 20.640019 | H538: =SQRT((4*(HSP!$B$4-$B538)^2+(HSP!$C$4-$C538)^2+(HSP!$D$4-$D538)^2)) -> 23.278918 | I538: =SQRT((4*(HSP!$B$5-$B538)^2+(HSP!$C$5-$C538)^2+(HSP!$D$5-$D538)^2)) -> 18.117309 | J538: =SQRT((4*(HSP!$B$6-$B538)^2+(HSP!$C$6-$C538)^2+(HSP!$D$6-$D538)^2)) -> 23.689217 | K538: =$F538/$E538 -> 1.3790755 | L538: =$G538/$E538 -> 1.3230782 | M538: =$H538/$E538 -> 1.4922383 | N538: =$I538/$E538 -> 1.161366 | O538: =$J538/$E538 -> 1.5185395 | P538: =$F538/HSP!$E$2 -> 1.3198514 | Q538: =$G538/HSP!$E$3 -> 1.5288903 | R538: =$H538/HSP!$E$4 -> 1.4640829 | S538: =$I538/HSP!$E$5 -> 1.3224313 | T538: =$J538/HSP!$E$6 -> 1.6006228 | U538: -
A540: *https://polymerdatabase.com/polymer%20physics/Hansen%20Solubility%20Sphere.html
A541: **Unknown source

Sheet Surfactants
A1: SURFACTANT | B1: SPHERE | C1: HSP | F1: Ro | G1: Mvol | H1: DISTANCE TO | M1: RED TO (BASED ON Ro OF THE SURFACTANT) | R1: RED TO (BASED ON Ro OF NXTLEVVEL SOLVENT)
C2: D | D2: P | E2: H | H2: ETHYL LEVULINATE | I2: BUTYL LEVULINATE | J2: EtLPK | K2: EtLGK | L2: EHL | M2: ETHYL LEVULINATE | N2: BUTYL LEVULINATE | O2: EtLPK | P2: EtLGK | Q2: EHL | R2: ETHYL LEVULINATE | S2: BUTYL LEVULINATE | T2: EtLPK | U2: EtLGK | V2: EHL
A3: Benzyl Alcohol Ethoxylate (2) | B3: Average | C3: 17.1 | D3: 6.6 | E3: 9.4 | F3: - | G3: 215.2 | H3: =SQRT((4*(HSP!$B$2-$C3)^2+(HSP!$C$2-$D3)^2+(HSP!$D$2-$E3)^2)) -> 6.7643181 | I3: =SQRT((4*(HSP!$B$3-$C3)^2+(HSP!$C$3-$D3)^2+(HSP!$D$3-$E3)^2)) -> 5.4892987 | J3: =SQRT((4*(HSP!$B$4-$C3)^2+(HSP!$C$4-$D3)^2+(HSP!$D$4-$E3)^2)) -> 5.0344811 | K3: =SQRT((4*(HSP!$B$5-$C3)^2+(HSP!$C$5-$D3)^2+(HSP!$D$5-$E3)^2)) -> 7.2932092 | L3: =SQRT((4*(HSP!$B$6-$C3)^2+(HSP!$C$6-$D3)^2+(HSP!$D$6-$E3)^2)) -> 6.6503383 | M3: - | N3: - | O3: - | P3: - | Q3: - | R3: =$H3/HSP!$E$2 -> 0.41498884 | S3: =$I3/HSP!$E$3 -> 0.40661472 | T3: =$J3/HSP!$E$4 -> 0.31663403 | U3: =$K3/HSP!$E$5 -> 0.53235103 | V3: =$L3/HSP!$E$6 -> 0.44934718
A4: Benzyl Alcohol Ethoxylate (4) | B4: Average | C4: 16.9 | D4: 5.8 | E4: 9.9 | F4: - | G4: 276.7 | H4: =SQRT((4*(HSP!$B$2-$C4)^2+(HSP!$C$2-$D4)^2+(HSP!$D$2-$E4)^2)) -> 7.1695188 | I4: =SQRT((4*(HSP!$B$3-$C4)^2+(HSP!$C$3-$D4)^2+(HSP!$D$3-$E4)^2)) -> 6.1157502 | J4: =SQRT((4*(HSP!$B$4-$C4)^2+(HSP!$C$4-$D4)^2+(HSP!$D$4-$E4)^2)) -> 4.7787028 | K4: =SQRT((4*(HSP!$B$5-$C4)^2+(HSP!$C$5-$D4)^2+(HSP!$D$5-$E4)^2)) -> 7.7184778 | L4: =SQRT((4*(HSP!$B$6-$C4)^2+(HSP!$C$6-$D4)^2+(HSP!$D$6-$E4)^2)) -> 6.9012318 | M4: - | N4: - | O4: - | P4: - | Q4: - | R4: =$H4/HSP!$E$2 -> 0.43984778 | S4: =$I4/HSP!$E$3 -> 0.45301853 | T4: =$J4/HSP!$E$4 -> 0.30054734 | U4: =$K4/HSP!$E$5 -> 0.56339254 | V4: =$L4/HSP!$E$6 -> 0.46629944
A5: C12 EO 3 | B5: Average | C5: 16.4 | D5: 4.7 | E5: 7.4 | F5: - | G5: 343.7 | H5: =SQRT((4*(HSP!$B$2-$C5)^2+(HSP!$C$2-$D5)^2+(HSP!$D$2-$E5)^2)) -> 6.805439 | I5: =SQRT((4*(HSP!$B$3-$C5)^2+(HSP!$C$3-$D5)^2+(HSP!$D$3-$E5)^2)) -> 5.3957761 | J5: =SQRT((4*(HSP!$B$4-$C5)^2+(HSP!$C$4-$D5)^2+(HSP!$D$4-$E5)^2)) -> 2.5321927 | K5: =SQRT((4*(HSP!$B$5-$C5)^2+(HSP!$C$5-$D5)^2+(HSP!$D$5-$E5)^2)) -> 9.0492486 | L5: =SQRT((4*(HSP!$B$6-$C5)^2+(HSP!$C$6-$D5)^2+(HSP!$D$6-$E5)^2)) -> 4.5500549 | M5: - | N5: - | O5: - | P5: - | Q5: - | R5: =$H5/HSP!$E$2 -> 0.4175116 | S5: =$I5/HSP!$E$3 -> 0.39968712 | T5: =$J5/HSP!$E$4 -> 0.1592574 | U5: =$K5/HSP!$E$5 -> 0.66052909 | V5: =$L5/HSP!$E$6 -> 0.30743614
A6: C12 EO 6 | B6: Average | C6: 16.5 | D6: 5.4 | E6: 8 | F6: - | G6: 461.1 | H6: =SQRT((4*(HSP!$B$2-$C6)^2+(HSP!$C$2-$D6)^2+(HSP!$D$2-$E6)^2)) -> 6.4096802 | I6: =SQRT((4*(HSP!$B$3-$C6)^2+(HSP!$C$3-$D6)^2+(HSP!$D$3-$E6)^2)) -> 5.0521679 | J6: =SQRT((4*(HSP!$B$4-$C6)^2+(HSP!$C$4-$D6)^2+(HSP!$D$4-$E6)^2)) -> 3.0056613 | K6: =SQRT((4*(HSP!$B$5-$C6)^2+(HSP!$C$5-$D6)^2+(HSP!$D$5-$E6)^2)) -> 8.2594733 | L6: =SQRT((4*(HSP!$B$6-$C6)^2+(HSP!$C$6-$D6)^2+(HSP!$D$6-$E6)^2)) -> 4.9330518 | M6: - | N6: - | O6: - | P6: - | Q6: - | R6: =$H6/HSP!$E$2 -> 0.39323191 | S6: =$I6/HSP!$E$3 -> 0.37423466 | T6: =$J6/HSP!$E$4 -> 0.1890353 | U6: =$K6/HSP!$E$5 -> 0.60288127 | V6: =$L6/HSP!$E$6 -> 0.33331431
A7: C12 EO 8 | B7: Average | C7: 16.5 | D7: 4.4 | E7: 6.2 | F7: - | G7: 526.3 | H7: =SQRT((4*(HSP!$B$2-$C7)^2+(HSP!$C$2-$D7)^2+(HSP!$D$2-$E7)^2)) -> 7.1952762 | I7: =SQRT((4*(HSP!$B$3-$C7)^2+(HSP!$C$3-$D7)^2+(HSP!$D$3-$E7)^2)) -> 5.5169194 | J7: =SQRT((4*(HSP!$B$4-$C7)^2+(HSP!$C$4-$D7)^2+(HSP!$D$4-$E7)^2)) -> 2.7411676 | K7: =SQRT((4*(HSP!$B$5-$C7)^2+(HSP!$C$5-$D7)^2+(HSP!$D$5-$E7)^2)) -> 9.8816446 | L7: =SQRT((4*(HSP!$B$6-$C7)^2+(HSP!$C$6-$D7)^2+(HSP!$D$6-$E7)^2)) -> 3.9616916 | M7: - | N7: - | O7: - | P7: - | Q7: - | R7: =$H7/HSP!$E$2 -> 0.44142799 | S7: =$I7/HSP!$E$3 -> 0.4086607 | T7: =$J7/HSP!$E$4 -> 0.17240048 | U7: =$K7/HSP!$E$5 -> 0.72128793 | V7: =$L7/HSP!$E$6 -> 0.26768186
A8: C24 EO 12 | B8: Average | C8: 16.8 | D8: 5.3 | E8: 6.8 | F8: - | G8: 919.4 | H8: =SQRT((4*(HSP!$B$2-$C8)^2+(HSP!$C$2-$D8)^2+(HSP!$D$2-$E8)^2)) -> 6.7836568 | I8: =SQRT((4*(HSP!$B$3-$C8)^2+(HSP!$C$3-$D8)^2+(HSP!$D$3-$E8)^2)) -> 4.9898297 | J8: =SQRT((4*(HSP!$B$4-$C8)^2+(HSP!$C$4-$D8)^2+(HSP!$D$4-$E8)^2)) -> 3.3184334 | K8: =SQRT((4*(HSP!$B$5-$C8)^2+(HSP!$C$5-$D8)^2+(HSP!$D$5-$E8)^2)) -> 9.0264556 | L8: =SQRT((4*(HSP!$B$6-$C8)^2+(HSP!$C$6-$D8)^2+(HSP!$D$6-$E8)^2)) -> 4.3980678 | M8: - | N8: - | O8: - | P8: - | Q8: - | R8: =$H8/HSP!$E$2 -> 0.41617527 | S8: =$I8/HSP!$E$3 -> 0.36961701 | T8: =$J8/HSP!$E$4 -> 0.2087065 | U8: =$K8/HSP!$E$5 -> 0.65886537 | V8: =$L8/HSP!$E$6 -> 0.29716674
A9: C24 EO 2 | B9: Average | C9: 16.7 | D9: 4.1 | E9: 5.9 | F9: - | G9: 545 | H9: =SQRT((4*(HSP!$B$2-$C9)^2+(HSP!$C$2-$D9)^2+(HSP!$D$2-$E9)^2)) -> 7.6977919 | I9: =SQRT((4*(HSP!$B$3-$C9)^2+(HSP!$C$3-$D9)^2+(HSP!$D$3-$E9)^2)) -> 5.9161136 | J9: =SQRT((4*(HSP!$B$4-$C9)^2+(HSP!$C$4-$D9)^2+(HSP!$D$4-$E9)^2)) -> 3.241913 | K9: =SQRT((4*(HSP!$B$5-$C9)^2+(HSP!$C$5-$D9)^2+(HSP!$D$5-$E9)^2)) -> 10.381951 | L9: =SQRT((4*(HSP!$B$6-$C9)^2+(HSP!$C$6-$D9)^2+(HSP!$D$6-$E9)^2)) -> 4.220308 | M9: - | N9: - | O9: - | P9: - | Q9: - | R9: =$H9/HSP!$E$2 -> 0.47225717 | S9: =$I9/HSP!$E$3 -> 0.43823064 | T9: =$J9/HSP!$E$4 -> 0.2038939 | U9: =$K9/HSP!$E$5 -> 0.75780662 | V9: =$L9/HSP!$E$6 -> 0.28515595
A10: C24 EO 22 | B10: Average | C10: 16.8 | D10: 6 | E10: 6.8 | F10: - | G10: 1311 | H10: =SQRT((4*(HSP!$B$2-$C10)^2+(HSP!$C$2-$D10)^2+(HSP!$D$2-$E10)^2)) -> 6.267695 | I10: =SQRT((4*(HSP!$B$3-$C10)^2+(HSP!$C$3-$D10)^2+(HSP!$D$3-$E10)^2)) -> 4.3914007 | J10: =SQRT((4*(HSP!$B$4-$C10)^2+(HSP!$C$4-$D10)^2+(HSP!$D$4-$E10)^2)) -> 3.5171011 | K10: =SQRT((4*(HSP!$B$5-$C10)^2+(HSP!$C$5-$D10)^2+(HSP!$D$5-$E10)^2)) -> 8.4604314 | L10: =SQRT((4*(HSP!$B$6-$C10)^2+(HSP!$C$6-$D10)^2+(HSP!$D$6-$E10)^2)) -> 4.2721189 | M10: - | N10: - | O10: - | P10: - | Q10: - | R10: =$H10/HSP!$E$2 -> 0.38452116 | S10: =$I10/HSP!$E$3 -> 0.32528894 | T10: =$J10/HSP!$E$4 -> 0.22120133 | U10: =$K10/HSP!$E$5 -> 0.61754974 | V10: =$L10/HSP!$E$6 -> 0.28865668
A11: C46 EO 7 | B11: Average | C11: 16.7 | D11: 3.7 | E11: 5.4 | F11: - | G11: 1096.4 | H11: =SQRT((4*(HSP!$B$2-$C11)^2+(HSP!$C$2-$D11)^2+(HSP!$D$2-$E11)^2)) -> 8.1138154 | I11: =SQRT((4*(HSP!$B$3-$C11)^2+(HSP!$C$3-$D11)^2+(HSP!$D$3-$E11)^2)) -> 6.307012 | J11: =SQRT((4*(HSP!$B$4-$C11)^2+(HSP!$C$4-$D11)^2+(HSP!$D$4-$E11)^2)) -> 3.5048538 | K11: =SQRT((4*(HSP!$B$5-$C11)^2+(HSP!$C$5-$D11)^2+(HSP!$D$5-$E11)^2)) -> 10.959968 | L11: =SQRT((4*(HSP!$B$6-$C11)^2+(HSP!$C$6-$D11)^2+(HSP!$D$6-$E11)^2)) -> 4.2467635 | M11: - | N11: - | O11: - | P11: - | Q11: - | R11: =$H11/HSP!$E$2 -> 0.49778008 | S11: =$I11/HSP!$E$3 -> 0.46718607 | T11: =$J11/HSP!$E$4 -> 0.22043106 | U11: =$K11/HSP!$E$5 -> 0.79999767 | V11: =$L11/HSP!$E$6 -> 0.28694348
A12: Calcium Lauroyl Lactylate | B12: Average | C12: 20.2 | D12: 6.6 | E12: 5.2 | F12: - | G12: 385.8 | H12: =SQRT((4*(HSP!$B$2-$C12)^2+(HSP!$C$2-$D12)^2+(HSP!$D$2-$E12)^2)) -> 11.979482 | I12: =SQRT((4*(HSP!$B$3-$C12)^2+(HSP!$C$3-$D12)^2+(HSP!$D$3-$E12)^2)) -> 9.545072 | J12: =SQRT((4*(HSP!$B$4-$C12)^2+(HSP!$C$4-$D12)^2+(HSP!$D$4-$E12)^2)) -> 10.365809 | K12: =SQRT((4*(HSP!$B$5-$C12)^2+(HSP!$C$5-$D12)^2+(HSP!$D$5-$E12)^2)) -> 12.942446 | L12: =SQRT((4*(HSP!$B$6-$C12)^2+(HSP!$C$6-$D12)^2+(HSP!$D$6-$E12)^2)) -> 9.9534416 | M12: - | N12: - | O12: - | P12: - | Q12: - | R12: =$H12/HSP!$E$2 -> 0.73493757 | S12: =$I12/HSP!$E$3 -> 0.70704237 | T12: =$J12/HSP!$E$4 -> 0.65193768 | U12: =$K12/HSP!$E$5 -> 0.94470406 | V12: =$L12/HSP!$E$6 -> 0.67252984
A13: Capric Diethanolamide | B13: Average | C13: 16.3 | D13: 6.6 | E13: 12.2 | F13: - | G13: 307.8 | H13: =SQRT((4*(HSP!$B$2-$C13)^2+(HSP!$C$2-$D13)^2+(HSP!$D$2-$E13)^2)) -> 7.3285742 | I13: =SQRT((4*(HSP!$B$3-$C13)^2+(HSP!$C$3-$D13)^2+(HSP!$D$3-$E13)^2)) -> 7.1802785 | J13: =SQRT((4*(HSP!$B$4-$C13)^2+(HSP!$C$4-$D13)^2+(HSP!$D$4-$E13)^2)) -> 6.1606818 | K13: =SQRT((4*(HSP!$B$5-$C13)^2+(HSP!$C$5-$D13)^2+(HSP!$D$5-$E13)^2)) -> 6.5811017 | L13: =SQRT((4*(HSP!$B$6-$C13)^2+(HSP!$C$6-$D13)^2+(HSP!$D$6-$E13)^2)) -> 8.6020346 | M13: - | N13: - | O13: - | P13: - | Q13: - | R13: =$H13/HSP!$E$2 -> 0.44960578 | S13: =$I13/HSP!$E$3 -> 0.53187248 | T13: =$J13/HSP!$E$4 -> 0.38746426 | U13: =$K13/HSP!$E$5 -> 0.48037239 | V13: =$L13/HSP!$E$6 -> 0.58121856
A14: Cetyl Betaine | B14: Hydrophilic | C14: 15.8 | D14: 5 | E14: 11.9 | F14: - | G14: 117.1 | H14: =SQRT((4*(HSP!$B$2-$C14)^2+(HSP!$C$2-$D14)^2+(HSP!$D$2-$E14)^2)) -> 7.7316234 | I14: =SQRT((4*(HSP!$B$3-$C14)^2+(HSP!$C$3-$D14)^2+(HSP!$D$3-$E14)^2)) -> 7.6635762 | J14: =SQRT((4*(HSP!$B$4-$C14)^2+(HSP!$C$4-$D14)^2+(HSP!$D$4-$E14)^2)) -> 5.2630789 | K14: =SQRT((4*(HSP!$B$5-$C14)^2+(HSP!$C$5-$D14)^2+(HSP!$D$5-$E14)^2)) -> 7.8525728 | L14: =SQRT((4*(HSP!$B$6-$C14)^2+(HSP!$C$6-$D14)^2+(HSP!$D$6-$E14)^2)) -> 8.2444527 | M14: - | N14: - | O14: - | P14: - | Q14: - | R14: =$H14/HSP!$E$2 -> 0.47433272 | S14: =$I14/HSP!$E$3 -> 0.56767231 | T14: =$J14/HSP!$E$4 -> 0.33101125 | U14: =$K14/HSP!$E$5 -> 0.5731805 | V14: =$L14/HSP!$E$6 -> 0.55705761
... A87: Stearyl Monoethanolamide | B87: Average | C87: 16.9 | D87: 6.4 | E87: 8.5 | F87: - | G87: 402.1 | H87: =SQRT((4*(HSP!$B$2-$C87)^2+(HSP!$C$2-$D87)^2+(HSP!$D$2-$E87)^2)) -> 6.3209177 | I87: =SQRT((4*(HSP!$B$3-$C87)^2+(HSP!$C$3-$D87)^2+(HSP!$D$3-$E87)^2)) -> 4.8648124 | J87: =SQRT((4*(HSP!$B$4-$C87)^2+(HSP!$C$4-$D87)^2+(HSP!$D$4-$E87)^2)) -> 4.2213742 | K87: =SQRT((4*(HSP!$B$5-$C87)^2+(HSP!$C$5-$D87)^2+(HSP!$D$5-$E87)^2)) -> 7.5149784 | L87: =SQRT((4*(HSP!$B$6-$C87)^2+(HSP!$C$6-$D87)^2+(HSP!$D$6-$E87)^2)) -> 5.6789964 | M87: - | N87: - | O87: - | P87: - | Q87: - | R87: =$H87/HSP!$E$2 -> 0.38778636 | S87: =$I87/HSP!$E$3 -> 0.36035648 | T87: =$J87/HSP!$E$4 -> 0.26549523 | U87: =$K87/HSP!$E$5 -> 0.54853857 | V87: =$L87/HSP!$E$6 -> 0.38371597
